2026-08-03 21:04:12,345 [INFO] webcam_perception: YOLO 추론 성공: detection 2건
2026-08-03 21:04:12,346 [INFO] webcam_perception.pipeline: ROI 필터링: 전체 2건 -> ROI 내 1건
2026-08-03 21:04:12,346 [INFO] webcam_perception.pipeline: best detection 선택: confidence=0.96
2026-08-03 21:04:12,346 [INFO] webcam_perception.pipeline: 정지 판정: stopped=False
2026-08-03 21:04:12,495 [INFO] webcam_perception: YOLO 추론 성공: detection 2건
2026-08-03 21:04:12,495 [INFO] webcam_perception.pipeline: ROI 필터링: 전체 2건 -> ROI 내 1건
2026-08-03 21:04:12,495 [INFO] webcam_perception.pipeline: best detection 선택: confidence=0.95
2026-08-03 21:04:12,495 [INFO] webcam_perception.pipeline: 정지 판정: stopped=False
2026-08-03 21:04:12,577 [INFO] webcam_perception: YOLO 추론 성공: detection 2건
2026-08-03 21:04:12,577 [INFO] webcam_perception.pipeline: ROI 필터링: 전체 2건 -> ROI 내 1건
2026-08-03 21:04:12,578 [INFO] webcam_perception.pipeline: best detection 선택: confidence=0.95
2026-08-03 21:04:12,578 [INFO] webcam_perception.pipeline: 정지 판정: stopped=False
2026-08-03 21:04:12,680 [INFO] webcam_perception: YOLO 추론 성공: detection 2건
2026-08-03 21:04:12,681 [INFO] webcam_perception.pipeline: ROI 필터링: 전체 2건 -> ROI 내 1건
2026-08-03 21:04:12,681 [INFO] webcam_perception.pipeline: best detection 선택: confidence=0.96
2026-08-03 21:04:12,681 [INFO] webcam_perception.pipeline: 정지 판정: stopped=False
2026-08-03 21:04:12,778 [INFO] webcam_perception: YOLO 추론 성공: detection 2건
2026-08-03 21:04:12,779 [INFO] webcam_perception.pipeline: ROI 필터링: 전체 2건 -> ROI 내 1건
2026-08-03 21:04:12,779 [INFO] webcam_perception.pipeline: best detection 선택: confidence=0.96
2026-08-03 21:04:12,779 [INFO] webcam_perception.pipeline: 정지 판정: stopped=False
2026-08-03 21:04:12,879 [INFO] webcam_perception: YOLO 추론 성공: detection 2건
2026-08-03 21:04:12,879 [INFO] webcam_perception.pipeline: ROI 필터링: 전체 2건 -> ROI 내 1건
2026-08-03 21:04:12,880 [INFO] webcam_perception.pipeline: best detection 선택: confidence=0.95
2026-08-03 21:04:12,880 [INFO] webcam_perception.pipeline: 정지 판정: stopped=False
2026-08-03 21:04:12,978 [INFO] webcam_perception: YOLO 추론 성공: detection 2건
2026-08-03 21:04:12,979 [INFO] webcam_perception.pipeline: ROI 필터링: 전체 2건 -> ROI 내 1건
2026-08-03 21:04:12,979 [INFO] webcam_perception.pipeline: best detection 선택: confidence=0.96
2026-08-03 21:04:12,979 [INFO] webcam_perception.pipeline: 정지 판정: stopped=False
2026-08-03 21:04:13,078 [INFO] webcam_perception: YOLO 추론 성공: detection 2건
2026-08-03 21:04:13,079 [INFO] webcam_perception.pipeline: ROI 필터링: 전체 2건 -> ROI 내 1건
2026-08-03 21:04:13,079 [INFO] webcam_perception.pipeline: best detection 선택: confidence=0.96
2026-08-03 21:04:13,079 [INFO] webcam_perception.pipeline: 정지 판정: stopped=False
2026-08-03 21:04:13,177 [INFO] webcam_perception: YOLO 추론 성공: detection 2건
2026-08-03 21:04:13,177 [INFO] webcam_perception.pipeline: ROI 필터링: 전체 2건 -> ROI 내 1건
2026-08-03 21:04:13,177 [INFO] webcam_perception.pipeline: best detection 선택: confidence=0.95
2026-08-03 21:04:13,177 [INFO] webcam_perception.pipeline: 정지 판정: stopped=False
2026-08-03 21:04:13,277 [INFO] webcam_perception: YOLO 추론 성공: detection 2건
2026-08-03 21:04:13,277 [INFO] webcam_perception.pipeline: ROI 필터링: 전체 2건 -> ROI 내 1건
2026-08-03 21:04:13,277 [INFO] webcam_perception.pipeline: best detection 선택: confidence=0.96
2026-08-03 21:04:13,277 [INFO] webcam_perception.pipeline: 정지 판정: stopped=False
2026-08-03 21:04:13,377 [INFO] webcam_perception: YOLO 추론 성공: detection 2건
2026-08-03 21:04:13,377 [INFO] webcam_perception.pipeline: ROI 필터링: 전체 2건 -> ROI 내 1건
2026-08-03 21:04:13,377 [INFO] webcam_perception.pipeline: best detection 선택: confidence=0.96
2026-08-03 21:04:13,377 [INFO] webcam_perception.pipeline: 정지 판정: stopped=False
2026-08-03 21:04:13,478 [INFO] webcam_perception: YOLO 추론 성공: detection 2건
2026-08-03 21:04:13,479 [INFO] webcam_perception.pipeline: ROI 필터링: 전체 2건 -> ROI 내 1건
2026-08-03 21:04:13,479 [INFO] webcam_perception.pipeline: best detection 선택: confidence=0.96
2026-08-03 21:04:13,479 [INFO] webcam_perception.pipeline: 정지 판정: stopped=False
2026-08-03 21:04:13,578 [INFO] webcam_perception: YOLO 추론 성공: detection 2건
2026-08-03 21:04:13,578 [INFO] webcam_perception.pipeline: ROI 필터링: 전체 2건 -> ROI 내 1건
2026-08-03 21:04:13,578 [INFO] webcam_perception.pipeline: best detection 선택: confidence=0.95
2026-08-03 21:04:13,578 [INFO] webcam_perception.pipeline: 정지 판정: stopped=False
2026-08-03 21:04:13,677 [INFO] webcam_perception: YOLO 추론 성공: detection 2건
2026-08-03 21:04:13,677 [INFO] webcam_perception.pipeline: ROI 필터링: 전체 2건 -> ROI 내 1건
2026-08-03 21:04:13,678 [INFO] webcam_perception.pipeline: best detection 선택: confidence=0.96
2026-08-03 21:04:13,678 [INFO] webcam_perception.pipeline: 정지 판정: stopped=False
2026-08-03 21:04:13,777 [INFO] webcam_perception: YOLO 추론 성공: detection 2건
2026-08-03 21:04:13,777 [INFO] webcam_perception.pipeline: ROI 필터링: 전체 2건 -> ROI 내 1건
2026-08-03 21:04:13,778 [INFO] webcam_perception.pipeline: best detection 선택: confidence=0.96
2026-08-03 21:04:13,778 [INFO] webcam_perception.pipeline: 정지 판정: stopped=False
2026-08-03 21:04:13,878 [INFO] webcam_perception: YOLO 추론 성공: detection 2건
2026-08-03 21:04:13,879 [INFO] webcam_perception.pipeline: ROI 필터링: 전체 2건 -> ROI 내 1건
2026-08-03 21:04:13,879 [INFO] webcam_perception.pipeline: best detection 선택: confidence=0.96
2026-08-03 21:04:13,879 [INFO] webcam_perception.pipeline: 정지 판정: stopped=False
2026-08-03 21:04:13,978 [INFO] webcam_perception: YOLO 추론 성공: detection 2건
2026-08-03 21:04:13,978 [INFO] webcam_perception.pipeline: ROI 필터링: 전체 2건 -> ROI 내 1건
2026-08-03 21:04:13,978 [INFO] webcam_perception.pipeline: best detection 선택: confidence=0.95
2026-08-03 21:04:13,978 [INFO] webcam_perception.pipeline: 정지 판정: stopped=False
2026-08-03 21:04:14,077 [INFO] webcam_perception: YOLO 추론 성공: detection 2건
2026-08-03 21:04:14,078 [INFO] webcam_perception.pipeline: ROI 필터링: 전체 2건 -> ROI 내 1건
2026-08-03 21:04:14,078 [INFO] webcam_perception.pipeline: best detection 선택: confidence=0.95
2026-08-03 21:04:14,078 [INFO] webcam_perception.pipeline: 정지 판정: stopped=False
2026-08-03 21:04:14,178 [INFO] webcam_perception: YOLO 추론 성공: detection 2건
2026-08-03 21:04:14,178 [INFO] webcam_perception.pipeline: ROI 필터링: 전체 2건 -> ROI 내 1건
2026-08-03 21:04:14,178 [INFO] webcam_perception.pipeline: best detection 선택: confidence=0.96
2026-08-03 21:04:14,179 [INFO] webcam_perception.pipeline: 정지 판정: stopped=False
2026-08-03 21:04:14,277 [INFO] webcam_perception: YOLO 추론 성공: detection 3건
2026-08-03 21:04:14,277 [INFO] webcam_perception.pipeline: ROI 필터링: 전체 3건 -> ROI 내 1건
2026-08-03 21:04:14,277 [INFO] webcam_perception.pipeline: best detection 선택: confidence=0.95
2026-08-03 21:04:14,277 [INFO] webcam_perception.pipeline: 정지 판정: stopped=False
2026-08-03 21:04:14,381 [INFO] webcam_perception: YOLO 추론 성공: detection 2건
2026-08-03 21:04:14,382 [INFO] webcam_perception.pipeline: ROI 필터링: 전체 2건 -> ROI 내 1건
2026-08-03 21:04:14,382 [INFO] webcam_perception.pipeline: best detection 선택: confidence=0.96
2026-08-03 21:04:14,382 [INFO] webcam_perception.pipeline: 정지 판정: stopped=False
2026-08-03 21:04:14,477 [INFO] webcam_perception: YOLO 추론 성공: detection 2건
2026-08-03 21:04:14,478 [INFO] webcam_perception.pipeline: ROI 필터링: 전체 2건 -> ROI 내 1건
2026-08-03 21:04:14,478 [INFO] webcam_perception.pipeline: best detection 선택: confidence=0.95
2026-08-03 21:04:14,478 [INFO] webcam_perception.pipeline: 정지 판정: stopped=False
2026-08-03 21:04:14,577 [INFO] webcam_perception: YOLO 추론 성공: detection 3건
2026-08-03 21:04:14,577 [INFO] webcam_perception.pipeline: ROI 필터링: 전체 3건 -> ROI 내 1건
2026-08-03 21:04:14,577 [INFO] webcam_perception.pipeline: best detection 선택: confidence=0.96
2026-08-03 21:04:14,577 [INFO] webcam_perception.pipeline: 정지 판정: stopped=False
2026-08-03 21:04:14,676 [INFO] webcam_perception: YOLO 추론 성공: detection 2건
2026-08-03 21:04:14,676 [INFO] webcam_perception.pipeline: ROI 필터링: 전체 2건 -> ROI 내 1건
2026-08-03 21:04:14,676 [INFO] webcam_perception.pipeline: best detection 선택: confidence=0.95
2026-08-03 21:04:14,676 [INFO] webcam_perception.pipeline: 정지 판정: stopped=False
2026-08-03 21:04:14,778 [INFO] webcam_perception: YOLO 추론 성공: detection 2건
2026-08-03 21:04:14,778 [INFO] webcam_perception.pipeline: ROI 필터링: 전체 2건 -> ROI 내 1건
2026-08-03 21:04:14,778 [INFO] webcam_perception.pipeline: best detection 선택: confidence=0.95
2026-08-03 21:04:14,778 [INFO] webcam_perception.pipeline: 정지 판정: stopped=False
2026-08-03 21:04:14,878 [INFO] webcam_perception: YOLO 추론 성공: detection 2건
2026-08-03 21:04:14,878 [INFO] webcam_perception.pipeline: ROI 필터링: 전체 2건 -> ROI 내 1건
2026-08-03 21:04:14,878 [INFO] webcam_perception.pipeline: best detection 선택: confidence=0.95
2026-08-03 21:04:14,878 [INFO] webcam_perception.pipeline: 정지 판정: stopped=False
2026-08-03 21:04:14,979 [INFO] webcam_perception: YOLO 추론 성공: detection 2건
2026-08-03 21:04:14,979 [INFO] webcam_perception.pipeline: ROI 필터링: 전체 2건 -> ROI 내 1건
2026-08-03 21:04:14,979 [INFO] webcam_perception.pipeline: best detection 선택: confidence=0.96
2026-08-03 21:04:14,980 [INFO] webcam_perception.pipeline: 정지 판정: stopped=False
2026-08-03 21:04:15,077 [INFO] webcam_perception: YOLO 추론 성공: detection 3건
2026-08-03 21:04:15,077 [INFO] webcam_perception.pipeline: ROI 필터링: 전체 3건 -> ROI 내 1건
2026-08-03 21:04:15,077 [INFO] webcam_perception.pipeline: best detection 선택: confidence=0.95
2026-08-03 21:04:15,077 [INFO] webcam_perception.pipeline: 정지 판정: stopped=False
2026-08-03 21:04:15,179 [INFO] webcam_perception: YOLO 추론 성공: detection 3건
2026-08-03 21:04:15,179 [INFO] webcam_perception.pipeline: ROI 필터링: 전체 3건 -> ROI 내 1건
2026-08-03 21:04:15,179 [INFO] webcam_perception.pipeline: best detection 선택: confidence=0.96
2026-08-03 21:04:15,179 [INFO] webcam_perception.pipeline: 정지 판정: stopped=False
2026-08-03 21:04:15,279 [INFO] webcam_perception: YOLO 추론 성공: detection 2건
2026-08-03 21:04:15,280 [INFO] webcam_perception.pipeline: ROI 필터링: 전체 2건 -> ROI 내 1건
2026-08-03 21:04:15,280 [INFO] webcam_perception.pipeline: best detection 선택: confidence=0.95
2026-08-03 21:04:15,280 [INFO] webcam_perception.pipeline: 정지 판정: stopped=False
2026-08-03 21:04:15,378 [INFO] webcam_perception: YOLO 추론 성공: detection 2건
2026-08-03 21:04:15,378 [INFO] webcam_perception.pipeline: ROI 필터링: 전체 2건 -> ROI 내 1건
2026-08-03 21:04:15,378 [INFO] webcam_perception.pipeline: best detection 선택: confidence=0.94
2026-08-03 21:04:15,378 [INFO] webcam_perception.pipeline: 정지 판정: stopped=True
2026-08-03 21:04:15,379 [INFO] webcam_perception.pipeline: homography 투영 성공 및 publish 준비: map=(-2.309, -4.399)
2026-08-03 21:04:15,383 [INFO] webcam_perception: vehicle_initial_pose publish 완료: x=-2.309, y=-4.399
2026-08-03 21:04:15,477 [INFO] webcam_perception: YOLO 추론 성공: detection 2건
2026-08-03 21:04:15,477 [INFO] webcam_perception.pipeline: ROI 필터링: 전체 2건 -> ROI 내 1건
2026-08-03 21:04:15,477 [INFO] webcam_perception.pipeline: best detection 선택: confidence=0.94
2026-08-03 21:04:15,478 [INFO] webcam_perception.pipeline: 정지 판정: stopped=True
2026-08-03 21:04:15,478 [INFO] webcam_perception.pipeline: 이번 정지 구간에서 이미 publish함 -> 스킵
2026-08-03 21:04:15,577 [INFO] webcam_perception: YOLO 추론 성공: detection 2건
2026-08-03 21:04:15,577 [INFO] webcam_perception.pipeline: ROI 필터링: 전체 2건 -> ROI 내 1건
2026-08-03 21:04:15,577 [INFO] webcam_perception.pipeline: best detection 선택: confidence=0.96
2026-08-03 21:04:15,577 [INFO] webcam_perception.pipeline: 정지 판정: stopped=False
2026-08-03 21:04:15,678 [INFO] webcam_perception: YOLO 추론 성공: detection 1건
2026-08-03 21:04:15,678 [INFO] webcam_perception.pipeline: ROI 필터링: 전체 1건 -> ROI 내 0건
2026-08-03 21:04:15,679 [INFO] webcam_perception.pipeline: ROI 내 임계값(0.75) 이상 detection 없음
2026-08-03 21:04:15,777 [INFO] webcam_perception: YOLO 추론 성공: detection 2건
2026-08-03 21:04:15,777 [INFO] webcam_perception.pipeline: ROI 필터링: 전체 2건 -> ROI 내 1건
2026-08-03 21:04:15,777 [INFO] webcam_perception.pipeline: ROI 내 임계값(0.75) 이상 detection 없음
2026-08-03 21:04:15,877 [INFO] webcam_perception: YOLO 추론 성공: detection 2건
2026-08-03 21:04:15,878 [INFO] webcam_perception.pipeline: ROI 필터링: 전체 2건 -> ROI 내 1건
2026-08-03 21:04:15,878 [INFO] webcam_perception.pipeline: best detection 선택: confidence=0.92
2026-08-03 21:04:15,878 [INFO] webcam_perception.pipeline: 정지 판정: stopped=False
2026-08-03 21:04:15,978 [INFO] webcam_perception: YOLO 추론 성공: detection 1건
2026-08-03 21:04:15,979 [INFO] webcam_perception.pipeline: ROI 필터링: 전체 1건 -> ROI 내 1건
2026-08-03 21:04:15,979 [INFO] webcam_perception.pipeline: best detection 선택: confidence=0.96
2026-08-03 21:04:15,979 [INFO] webcam_perception.pipeline: 정지 판정: stopped=False
2026-08-03 21:04:16,076 [INFO] webcam_perception: YOLO 추론 성공: detection 0건
2026-08-03 21:04:16,076 [INFO] webcam_perception.pipeline: ROI 필터링: 전체 0건 -> ROI 내 0건
2026-08-03 21:04:16,076 [INFO] webcam_perception.pipeline: ROI 내 임계값(0.75) 이상 detection 없음
2026-08-03 21:04:16,177 [INFO] webcam_perception: YOLO 추론 성공: detection 2건
2026-08-03 21:04:16,178 [INFO] webcam_perception.pipeline: ROI 필터링: 전체 2건 -> ROI 내 1건
2026-08-03 21:04:16,178 [INFO] webcam_perception.pipeline: best detection 선택: confidence=0.97
2026-08-03 21:04:16,178 [INFO] webcam_perception.pipeline: 정지 판정: stopped=False
2026-08-03 21:04:16,277 [INFO] webcam_perception: YOLO 추론 성공: detection 1건
2026-08-03 21:04:16,278 [INFO] webcam_perception.pipeline: ROI 필터링: 전체 1건 -> ROI 내 1건
2026-08-03 21:04:16,278 [INFO] webcam_perception.pipeline: best detection 선택: confidence=0.94
2026-08-03 21:04:16,278 [INFO] webcam_perception.pipeline: 정지 판정: stopped=False
2026-08-03 21:04:16,378 [INFO] webcam_perception: YOLO 추론 성공: detection 2건
2026-08-03 21:04:16,379 [INFO] webcam_perception.pipeline: ROI 필터링: 전체 2건 -> ROI 내 1건
2026-08-03 21:04:16,379 [INFO] webcam_perception.pipeline: best detection 선택: confidence=0.95
2026-08-03 21:04:16,379 [INFO] webcam_perception.pipeline: 정지 판정: stopped=False
2026-08-03 21:04:16,477 [INFO] webcam_perception: YOLO 추론 성공: detection 2건
2026-08-03 21:04:16,477 [INFO] webcam_perception.pipeline: ROI 필터링: 전체 2건 -> ROI 내 1건
2026-08-03 21:04:16,477 [INFO] webcam_perception.pipeline: best detection 선택: confidence=0.95
2026-08-03 21:04:16,477 [INFO] webcam_perception.pipeline: 정지 판정: stopped=False
2026-08-03 21:04:16,577 [INFO] webcam_perception: YOLO 추론 성공: detection 2건
2026-08-03 21:04:16,577 [INFO] webcam_perception.pipeline: ROI 필터링: 전체 2건 -> ROI 내 1건
2026-08-03 21:04:16,577 [INFO] webcam_perception.pipeline: best detection 선택: confidence=0.96
2026-08-03 21:04:16,577 [INFO] webcam_perception.pipeline: 정지 판정: stopped=False
2026-08-03 21:04:16,677 [INFO] webcam_perception: YOLO 추론 성공: detection 2건
2026-08-03 21:04:16,677 [INFO] webcam_perception.pipeline: ROI 필터링: 전체 2건 -> ROI 내 1건
2026-08-03 21:04:16,677 [INFO] webcam_perception.pipeline: best detection 선택: confidence=0.96
2026-08-03 21:04:16,677 [INFO] webcam_perception.pipeline: 정지 판정: stopped=False
2026-08-03 21:04:16,779 [INFO] webcam_perception: YOLO 추론 성공: detection 2건
2026-08-03 21:04:16,779 [INFO] webcam_perception.pipeline: ROI 필터링: 전체 2건 -> ROI 내 1건
2026-08-03 21:04:16,779 [INFO] webcam_perception.pipeline: best detection 선택: confidence=0.96
2026-08-03 21:04:16,779 [INFO] webcam_perception.pipeline: 정지 판정: stopped=False
2026-08-03 21:04:16,879 [INFO] webcam_perception: YOLO 추론 성공: detection 2건
2026-08-03 21:04:16,879 [INFO] webcam_perception.pipeline: ROI 필터링: 전체 2건 -> ROI 내 1건
2026-08-03 21:04:16,880 [INFO] webcam_perception.pipeline: best detection 선택: confidence=0.96
2026-08-03 21:04:16,880 [INFO] webcam_perception.pipeline: 정지 판정: stopped=False
2026-08-03 21:04:16,980 [INFO] webcam_perception: YOLO 추론 성공: detection 2건
2026-08-03 21:04:16,980 [INFO] webcam_perception.pipeline: ROI 필터링: 전체 2건 -> ROI 내 1건
2026-08-03 21:04:16,981 [INFO] webcam_perception.pipeline: best detection 선택: confidence=0.95
2026-08-03 21:04:16,981 [INFO] webcam_perception.pipeline: 정지 판정: stopped=False
2026-08-03 21:04:17,077 [INFO] webcam_perception: YOLO 추론 성공: detection 2건
2026-08-03 21:04:17,078 [INFO] webcam_perception.pipeline: ROI 필터링: 전체 2건 -> ROI 내 1건
2026-08-03 21:04:17,078 [INFO] webcam_perception.pipeline: best detection 선택: confidence=0.95
2026-08-03 21:04:17,078 [INFO] webcam_perception.pipeline: 정지 판정: stopped=False
2026-08-03 21:04:17,177 [INFO] webcam_perception: YOLO 추론 성공: detection 2건
2026-08-03 21:04:17,177 [INFO] webcam_perception.pipeline: ROI 필터링: 전체 2건 -> ROI 내 1건
2026-08-03 21:04:17,177 [INFO] webcam_perception.pipeline: best detection 선택: confidence=0.96
2026-08-03 21:04:17,177 [INFO] webcam_perception.pipeline: 정지 판정: stopped=False
2026-08-03 21:04:17,276 [INFO] webcam_perception: YOLO 추론 성공: detection 2건
2026-08-03 21:04:17,276 [INFO] webcam_perception.pipeline: ROI 필터링: 전체 2건 -> ROI 내 1건
2026-08-03 21:04:17,276 [INFO] webcam_perception.pipeline: best detection 선택: confidence=0.96
2026-08-03 21:04:17,276 [INFO] webcam_perception.pipeline: 정지 판정: stopped=False
2026-08-03 21:04:17,377 [INFO] webcam_perception: YOLO 추론 성공: detection 2건
2026-08-03 21:04:17,377 [INFO] webcam_perception.pipeline: ROI 필터링: 전체 2건 -> ROI 내 1건
2026-08-03 21:04:17,384 [INFO] webcam_perception.pipeline: best detection 선택: confidence=0.95
2026-08-03 21:04:17,385 [INFO] webcam_perception.pipeline: 정지 판정: stopped=False
2026-08-03 21:04:17,483 [INFO] webcam_perception: YOLO 추론 성공: detection 2건
2026-08-03 21:04:17,483 [INFO] webcam_perception.pipeline: ROI 필터링: 전체 2건 -> ROI 내 1건
2026-08-03 21:04:17,483 [INFO] webcam_perception.pipeline: best detection 선택: confidence=0.95
2026-08-03 21:04:17,483 [INFO] webcam_perception.pipeline: 정지 판정: stopped=False
2026-08-03 21:04:17,576 [INFO] webcam_perception: YOLO 추론 성공: detection 2건
2026-08-03 21:04:17,577 [INFO] webcam_perception.pipeline: ROI 필터링: 전체 2건 -> ROI 내 1건
2026-08-03 21:04:17,577 [INFO] webcam_perception.pipeline: best detection 선택: confidence=0.95
2026-08-03 21:04:17,577 [INFO] webcam_perception.pipeline: 정지 판정: stopped=False
2026-08-03 21:04:17,677 [INFO] webcam_perception: YOLO 추론 성공: detection 2건
2026-08-03 21:04:17,678 [INFO] webcam_perception.pipeline: ROI 필터링: 전체 2건 -> ROI 내 1건
2026-08-03 21:04:17,678 [INFO] webcam_perception.pipeline: best detection 선택: confidence=0.95
2026-08-03 21:04:17,678 [INFO] webcam_perception.pipeline: 정지 판정: stopped=False
2026-08-03 21:04:17,777 [INFO] webcam_perception: YOLO 추론 성공: detection 2건
2026-08-03 21:04:17,777 [INFO] webcam_perception.pipeline: ROI 필터링: 전체 2건 -> ROI 내 1건
2026-08-03 21:04:17,777 [INFO] webcam_perception.pipeline: best detection 선택: confidence=0.95
2026-08-03 21:04:17,777 [INFO] webcam_perception.pipeline: 정지 판정: stopped=False
2026-08-03 21:04:17,877 [INFO] webcam_perception: YOLO 추론 성공: detection 2건
2026-08-03 21:04:17,877 [INFO] webcam_perception.pipeline: ROI 필터링: 전체 2건 -> ROI 내 1건
2026-08-03 21:04:17,877 [INFO] webcam_perception.pipeline: best detection 선택: confidence=0.95
2026-08-03 21:04:17,877 [INFO] webcam_perception.pipeline: 정지 판정: stopped=False
2026-08-03 21:04:17,977 [INFO] webcam_perception: YOLO 추론 성공: detection 2건
2026-08-03 21:04:17,977 [INFO] webcam_perception.pipeline: ROI 필터링: 전체 2건 -> ROI 내 1건
2026-08-03 21:04:17,977 [INFO] webcam_perception.pipeline: best detection 선택: confidence=0.95
2026-08-03 21:04:17,977 [INFO] webcam_perception.pipeline: 정지 판정: stopped=False
2026-08-03 21:04:18,076 [INFO] webcam_perception: YOLO 추론 성공: detection 2건
2026-08-03 21:04:18,076 [INFO] webcam_perception.pipeline: ROI 필터링: 전체 2건 -> ROI 내 1건
2026-08-03 21:04:18,076 [INFO] webcam_perception.pipeline: best detection 선택: confidence=0.95
2026-08-03 21:04:18,077 [INFO] webcam_perception.pipeline: 정지 판정: stopped=False
2026-08-03 21:04:18,175 [INFO] webcam_perception: YOLO 추론 성공: detection 2건
2026-08-03 21:04:18,176 [INFO] webcam_perception.pipeline: ROI 필터링: 전체 2건 -> ROI 내 1건
2026-08-03 21:04:18,176 [INFO] webcam_perception.pipeline: best detection 선택: confidence=0.94
2026-08-03 21:04:18,176 [INFO] webcam_perception.pipeline: 정지 판정: stopped=False
2026-08-03 21:04:18,277 [INFO] webcam_perception: YOLO 추론 성공: detection 2건
2026-08-03 21:04:18,277 [INFO] webcam_perception.pipeline: ROI 필터링: 전체 2건 -> ROI 내 1건
2026-08-03 21:04:18,277 [INFO] webcam_perception.pipeline: best detection 선택: confidence=0.95
2026-08-03 21:04:18,277 [INFO] webcam_perception.pipeline: 정지 판정: stopped=False
2026-08-03 21:04:18,377 [INFO] webcam_perception: YOLO 추론 성공: detection 2건
2026-08-03 21:04:18,377 [INFO] webcam_perception.pipeline: ROI 필터링: 전체 2건 -> ROI 내 1건
2026-08-03 21:04:18,377 [INFO] webcam_perception.pipeline: best detection 선택: confidence=0.95
2026-08-03 21:04:18,377 [INFO] webcam_perception.pipeline: 정지 판정: stopped=False
2026-08-03 21:04:18,478 [INFO] webcam_perception: YOLO 추론 성공: detection 2건
2026-08-03 21:04:18,478 [INFO] webcam_perception.pipeline: ROI 필터링: 전체 2건 -> ROI 내 1건
2026-08-03 21:04:18,478 [INFO] webcam_perception.pipeline: best detection 선택: confidence=0.94
2026-08-03 21:04:18,478 [INFO] webcam_perception.pipeline: 정지 판정: stopped=False
2026-08-03 21:04:18,577 [INFO] webcam_perception: YOLO 추론 성공: detection 2건
2026-08-03 21:04:18,577 [INFO] webcam_perception.pipeline: ROI 필터링: 전체 2건 -> ROI 내 1건
2026-08-03 21:04:18,577 [INFO] webcam_perception.pipeline: best detection 선택: confidence=0.94
2026-08-03 21:04:18,577 [INFO] webcam_perception.pipeline: 정지 판정: stopped=False
2026-08-03 21:04:18,676 [INFO] webcam_perception: YOLO 추론 성공: detection 2건
2026-08-03 21:04:18,676 [INFO] webcam_perception.pipeline: ROI 필터링: 전체 2건 -> ROI 내 1건
2026-08-03 21:04:18,676 [INFO] webcam_perception.pipeline: best detection 선택: confidence=0.95
2026-08-03 21:04:18,677 [INFO] webcam_perception.pipeline: 정지 판정: stopped=False
2026-08-03 21:04:18,776 [INFO] webcam_perception: YOLO 추론 성공: detection 2건
2026-08-03 21:04:18,777 [INFO] webcam_perception.pipeline: ROI 필터링: 전체 2건 -> ROI 내 1건
2026-08-03 21:04:18,777 [INFO] webcam_perception.pipeline: best detection 선택: confidence=0.95
2026-08-03 21:04:18,777 [INFO] webcam_perception.pipeline: 정지 판정: stopped=False
2026-08-03 21:04:18,876 [INFO] webcam_perception: YOLO 추론 성공: detection 2건
2026-08-03 21:04:18,876 [INFO] webcam_perception.pipeline: ROI 필터링: 전체 2건 -> ROI 내 1건
2026-08-03 21:04:18,876 [INFO] webcam_perception.pipeline: best detection 선택: confidence=0.95
2026-08-03 21:04:18,876 [INFO] webcam_perception.pipeline: 정지 판정: stopped=False
2026-08-03 21:04:18,976 [INFO] webcam_perception: YOLO 추론 성공: detection 2건
2026-08-03 21:04:18,977 [INFO] webcam_perception.pipeline: ROI 필터링: 전체 2건 -> ROI 내 1건
2026-08-03 21:04:18,977 [INFO] webcam_perception.pipeline: best detection 선택: confidence=0.95
2026-08-03 21:04:18,977 [INFO] webcam_perception.pipeline: 정지 판정: stopped=False
2026-08-03 21:04:19,077 [INFO] webcam_perception: YOLO 추론 성공: detection 2건
2026-08-03 21:04:19,077 [INFO] webcam_perception.pipeline: ROI 필터링: 전체 2건 -> ROI 내 1건
2026-08-03 21:04:19,077 [INFO] webcam_perception.pipeline: best detection 선택: confidence=0.95
2026-08-03 21:04:19,077 [INFO] webcam_perception.pipeline: 정지 판정: stopped=False
2026-08-03 21:04:19,176 [INFO] webcam_perception: YOLO 추론 성공: detection 2건
2026-08-03 21:04:19,177 [INFO] webcam_perception.pipeline: ROI 필터링: 전체 2건 -> ROI 내 1건
2026-08-03 21:04:19,177 [INFO] webcam_perception.pipeline: best detection 선택: confidence=0.95
2026-08-03 21:04:19,177 [INFO] webcam_perception.pipeline: 정지 판정: stopped=False
2026-08-03 21:04:19,278 [INFO] webcam_perception: YOLO 추론 성공: detection 2건
2026-08-03 21:04:19,278 [INFO] webcam_perception.pipeline: ROI 필터링: 전체 2건 -> ROI 내 1건
2026-08-03 21:04:19,278 [INFO] webcam_perception.pipeline: best detection 선택: confidence=0.95
2026-08-03 21:04:19,278 [INFO] webcam_perception.pipeline: 정지 판정: stopped=True
2026-08-03 21:04:19,279 [INFO] webcam_perception.pipeline: homography 투영 성공 및 publish 준비: map=(-2.311, -4.402)
2026-08-03 21:04:19,282 [INFO] webcam_perception: vehicle_initial_pose publish 완료: x=-2.311, y=-4.402
2026-08-03 21:04:19,378 [INFO] webcam_perception: YOLO 추론 성공: detection 2건
2026-08-03 21:04:19,378 [INFO] webcam_perception.pipeline: ROI 필터링: 전체 2건 -> ROI 내 1건
2026-08-03 21:04:19,378 [INFO] webcam_perception.pipeline: best detection 선택: confidence=0.95
2026-08-03 21:04:19,378 [INFO] webcam_perception.pipeline: 정지 판정: stopped=True
2026-08-03 21:04:19,378 [INFO] webcam_perception.pipeline: 이번 정지 구간에서 이미 publish함 -> 스킵
2026-08-03 21:04:19,477 [INFO] webcam_perception: YOLO 추론 성공: detection 2건
2026-08-03 21:04:19,478 [INFO] webcam_perception.pipeline: ROI 필터링: 전체 2건 -> ROI 내 1건
2026-08-03 21:04:19,478 [INFO] webcam_perception.pipeline: best detection 선택: confidence=0.95
2026-08-03 21:04:19,478 [INFO] webcam_perception.pipeline: 정지 판정: stopped=True
2026-08-03 21:04:19,478 [INFO] webcam_perception.pipeline: 이번 정지 구간에서 이미 publish함 -> 스킵
2026-08-03 21:04:19,577 [INFO] webcam_perception: YOLO 추론 성공: detection 2건
2026-08-03 21:04:19,577 [INFO] webcam_perception.pipeline: ROI 필터링: 전체 2건 -> ROI 내 1건
2026-08-03 21:04:19,577 [INFO] webcam_perception.pipeline: best detection 선택: confidence=0.95
2026-08-03 21:04:19,577 [INFO] webcam_perception.pipeline: 정지 판정: stopped=True
2026-08-03 21:04:19,578 [INFO] webcam_perception.pipeline: 이번 정지 구간에서 이미 publish함 -> 스킵
2026-08-03 21:04:19,677 [INFO] webcam_perception: YOLO 추론 성공: detection 2건
2026-08-03 21:04:19,677 [INFO] webcam_perception.pipeline: ROI 필터링: 전체 2건 -> ROI 내 1건
2026-08-03 21:04:19,678 [INFO] webcam_perception.pipeline: best detection 선택: confidence=0.95
2026-08-03 21:04:19,678 [INFO] webcam_perception.pipeline: 정지 판정: stopped=True
2026-08-03 21:04:19,678 [INFO] webcam_perception.pipeline: 이번 정지 구간에서 이미 publish함 -> 스킵
2026-08-03 21:04:19,776 [INFO] webcam_perception: YOLO 추론 성공: detection 2건
2026-08-03 21:04:19,776 [INFO] webcam_perception.pipeline: ROI 필터링: 전체 2건 -> ROI 내 1건
2026-08-03 21:04:19,776 [INFO] webcam_perception.pipeline: best detection 선택: confidence=0.95
2026-08-03 21:04:19,776 [INFO] webcam_perception.pipeline: 정지 판정: stopped=True
2026-08-03 21:04:19,776 [INFO] webcam_perception.pipeline: 이번 정지 구간에서 이미 publish함 -> 스킵
2026-08-03 21:04:19,877 [INFO] webcam_perception: YOLO 추론 성공: detection 2건
2026-08-03 21:04:19,877 [INFO] webcam_perception.pipeline: ROI 필터링: 전체 2건 -> ROI 내 1건
2026-08-03 21:04:19,878 [INFO] webcam_perception.pipeline: best detection 선택: confidence=0.94
2026-08-03 21:04:19,878 [INFO] webcam_perception.pipeline: 정지 판정: stopped=True
2026-08-03 21:04:19,878 [INFO] webcam_perception.pipeline: 이번 정지 구간에서 이미 publish함 -> 스킵
2026-08-03 21:04:19,977 [INFO] webcam_perception: YOLO 추론 성공: detection 2건
2026-08-03 21:04:19,977 [INFO] webcam_perception.pipeline: ROI 필터링: 전체 2건 -> ROI 내 1건
2026-08-03 21:04:19,977 [INFO] webcam_perception.pipeline: best detection 선택: confidence=0.95
2026-08-03 21:04:19,977 [INFO] webcam_perception.pipeline: 정지 판정: stopped=True
2026-08-03 21:04:19,977 [INFO] webcam_perception.pipeline: 이번 정지 구간에서 이미 publish함 -> 스킵
2026-08-03 21:04:20,077 [INFO] webcam_perception: YOLO 추론 성공: detection 2건
2026-08-03 21:04:20,078 [INFO] webcam_perception.pipeline: ROI 필터링: 전체 2건 -> ROI 내 1건
2026-08-03 21:04:20,078 [INFO] webcam_perception.pipeline: best detection 선택: confidence=0.94
2026-08-03 21:04:20,078 [INFO] webcam_perception.pipeline: 정지 판정: stopped=True
2026-08-03 21:04:20,078 [INFO] webcam_perception.pipeline: 이번 정지 구간에서 이미 publish함 -> 스킵
2026-08-03 21:04:20,178 [INFO] webcam_perception: YOLO 추론 성공: detection 2건
2026-08-03 21:04:20,178 [INFO] webcam_perception.pipeline: ROI 필터링: 전체 2건 -> ROI 내 1건
2026-08-03 21:04:20,178 [INFO] webcam_perception.pipeline: best detection 선택: confidence=0.95
2026-08-03 21:04:20,178 [INFO] webcam_perception.pipeline: 정지 판정: stopped=True
2026-08-03 21:04:20,178 [INFO] webcam_perception.pipeline: 이번 정지 구간에서 이미 publish함 -> 스킵
2026-08-03 21:04:20,276 [INFO] webcam_perception: YOLO 추론 성공: detection 2건
2026-08-03 21:04:20,277 [INFO] webcam_perception.pipeline: ROI 필터링: 전체 2건 -> ROI 내 1건
2026-08-03 21:04:20,277 [INFO] webcam_perception.pipeline: best detection 선택: confidence=0.95
2026-08-03 21:04:20,277 [INFO] webcam_perception.pipeline: 정지 판정: stopped=True
2026-08-03 21:04:20,277 [INFO] webcam_perception.pipeline: 이번 정지 구간에서 이미 publish함 -> 스킵
2026-08-03 21:04:20,380 [INFO] webcam_perception: YOLO 추론 성공: detection 2건
2026-08-03 21:04:20,380 [INFO] webcam_perception.pipeline: ROI 필터링: 전체 2건 -> ROI 내 1건
2026-08-03 21:04:20,380 [INFO] webcam_perception.pipeline: best detection 선택: confidence=0.95
2026-08-03 21:04:20,380 [INFO] webcam_perception.pipeline: 정지 판정: stopped=True
2026-08-03 21:04:20,380 [INFO] webcam_perception.pipeline: 이번 정지 구간에서 이미 publish함 -> 스킵
2026-08-03 21:04:20,476 [INFO] webcam_perception: YOLO 추론 성공: detection 2건
2026-08-03 21:04:20,476 [INFO] webcam_perception.pipeline: ROI 필터링: 전체 2건 -> ROI 내 1건
2026-08-03 21:04:20,476 [INFO] webcam_perception.pipeline: best detection 선택: confidence=0.95
2026-08-03 21:04:20,476 [INFO] webcam_perception.pipeline: 정지 판정: stopped=True
2026-08-03 21:04:20,476 [INFO] webcam_perception.pipeline: 이번 정지 구간에서 이미 publish함 -> 스킵
2026-08-03 21:04:20,576 [INFO] webcam_perception: YOLO 추론 성공: detection 2건
2026-08-03 21:04:20,576 [INFO] webcam_perception.pipeline: ROI 필터링: 전체 2건 -> ROI 내 1건
2026-08-03 21:04:20,576 [INFO] webcam_perception.pipeline: best detection 선택: confidence=0.95
2026-08-03 21:04:20,576 [INFO] webcam_perception.pipeline: 정지 판정: stopped=True
2026-08-03 21:04:20,576 [INFO] webcam_perception.pipeline: 이번 정지 구간에서 이미 publish함 -> 스킵
2026-08-03 21:04:20,677 [INFO] webcam_perception: YOLO 추론 성공: detection 2건
2026-08-03 21:04:20,677 [INFO] webcam_perception.pipeline: ROI 필터링: 전체 2건 -> ROI 내 1건
2026-08-03 21:04:20,677 [INFO] webcam_perception.pipeline: best detection 선택: confidence=0.94
2026-08-03 21:04:20,677 [INFO] webcam_perception.pipeline: 정지 판정: stopped=True
2026-08-03 21:04:20,678 [INFO] webcam_perception.pipeline: 이번 정지 구간에서 이미 publish함 -> 스킵
2026-08-03 21:04:20,778 [INFO] webcam_perception: YOLO 추론 성공: detection 2건
2026-08-03 21:04:20,778 [INFO] webcam_perception.pipeline: ROI 필터링: 전체 2건 -> ROI 내 1건
2026-08-03 21:04:20,778 [INFO] webcam_perception.pipeline: best detection 선택: confidence=0.95
2026-08-03 21:04:20,778 [INFO] webcam_perception.pipeline: 정지 판정: stopped=True
2026-08-03 21:04:20,778 [INFO] webcam_perception.pipeline: 이번 정지 구간에서 이미 publish함 -> 스킵
2026-08-03 21:04:20,878 [INFO] webcam_perception: YOLO 추론 성공: detection 2건
2026-08-03 21:04:20,879 [INFO] webcam_perception.pipeline: ROI 필터링: 전체 2건 -> ROI 내 1건
2026-08-03 21:04:20,879 [INFO] webcam_perception.pipeline: best detection 선택: confidence=0.95
2026-08-03 21:04:20,879 [INFO] webcam_perception.pipeline: 정지 판정: stopped=True
2026-08-03 21:04:20,879 [INFO] webcam_perception.pipeline: 이번 정지 구간에서 이미 publish함 -> 스킵
2026-08-03 21:04:20,977 [INFO] webcam_perception: YOLO 추론 성공: detection 2건
2026-08-03 21:04:20,977 [INFO] webcam_perception.pipeline: ROI 필터링: 전체 2건 -> ROI 내 1건
2026-08-03 21:04:20,977 [INFO] webcam_perception.pipeline: best detection 선택: confidence=0.95
2026-08-03 21:04:20,977 [INFO] webcam_perception.pipeline: 정지 판정: stopped=True
2026-08-03 21:04:20,977 [INFO] webcam_perception.pipeline: 이번 정지 구간에서 이미 publish함 -> 스킵
2026-08-03 21:04:21,078 [INFO] webcam_perception: YOLO 추론 성공: detection 2건
2026-08-03 21:04:21,078 [INFO] webcam_perception.pipeline: ROI 필터링: 전체 2건 -> ROI 내 1건
2026-08-03 21:04:21,078 [INFO] webcam_perception.pipeline: best detection 선택: confidence=0.95
2026-08-03 21:04:21,078 [INFO] webcam_perception.pipeline: 정지 판정: stopped=True
2026-08-03 21:04:21,078 [INFO] webcam_perception.pipeline: 이번 정지 구간에서 이미 publish함 -> 스킵
2026-08-03 21:04:21,177 [INFO] webcam_perception: YOLO 추론 성공: detection 2건
2026-08-03 21:04:21,177 [INFO] webcam_perception.pipeline: ROI 필터링: 전체 2건 -> ROI 내 1건
2026-08-03 21:04:21,177 [INFO] webcam_perception.pipeline: best detection 선택: confidence=0.94
2026-08-03 21:04:21,177 [INFO] webcam_perception.pipeline: 정지 판정: stopped=True
2026-08-03 21:04:21,177 [INFO] webcam_perception.pipeline: 이번 정지 구간에서 이미 publish함 -> 스킵
2026-08-03 21:04:21,277 [INFO] webcam_perception: YOLO 추론 성공: detection 2건
2026-08-03 21:04:21,277 [INFO] webcam_perception.pipeline: ROI 필터링: 전체 2건 -> ROI 내 1건
2026-08-03 21:04:21,277 [INFO] webcam_perception.pipeline: best detection 선택: confidence=0.95
2026-08-03 21:04:21,277 [INFO] webcam_perception.pipeline: 정지 판정: stopped=True
2026-08-03 21:04:21,277 [INFO] webcam_perception.pipeline: 이번 정지 구간에서 이미 publish함 -> 스킵
2026-08-03 21:04:21,377 [INFO] webcam_perception: YOLO 추론 성공: detection 2건
2026-08-03 21:04:21,377 [INFO] webcam_perception.pipeline: ROI 필터링: 전체 2건 -> ROI 내 1건
2026-08-03 21:04:21,377 [INFO] webcam_perception.pipeline: best detection 선택: confidence=0.95
2026-08-03 21:04:21,377 [INFO] webcam_perception.pipeline: 정지 판정: stopped=True
2026-08-03 21:04:21,377 [INFO] webcam_perception.pipeline: 이번 정지 구간에서 이미 publish함 -> 스킵
2026-08-03 21:04:21,477 [INFO] webcam_perception: YOLO 추론 성공: detection 2건
2026-08-03 21:04:21,477 [INFO] webcam_perception.pipeline: ROI 필터링: 전체 2건 -> ROI 내 1건
2026-08-03 21:04:21,477 [INFO] webcam_perception.pipeline: best detection 선택: confidence=0.94
2026-08-03 21:04:21,477 [INFO] webcam_perception.pipeline: 정지 판정: stopped=True
2026-08-03 21:04:21,477 [INFO] webcam_perception.pipeline: 이번 정지 구간에서 이미 publish함 -> 스킵
2026-08-03 21:04:21,577 [INFO] webcam_perception: YOLO 추론 성공: detection 2건
2026-08-03 21:04:21,577 [INFO] webcam_perception.pipeline: ROI 필터링: 전체 2건 -> ROI 내 1건
2026-08-03 21:04:21,577 [INFO] webcam_perception.pipeline: best detection 선택: confidence=0.95
2026-08-03 21:04:21,577 [INFO] webcam_perception.pipeline: 정지 판정: stopped=True
2026-08-03 21:04:21,577 [INFO] webcam_perception.pipeline: 이번 정지 구간에서 이미 publish함 -> 스킵
2026-08-03 21:04:21,679 [INFO] webcam_perception: YOLO 추론 성공: detection 2건
2026-08-03 21:04:21,679 [INFO] webcam_perception.pipeline: ROI 필터링: 전체 2건 -> ROI 내 1건
2026-08-03 21:04:21,680 [INFO] webcam_perception.pipeline: best detection 선택: confidence=0.95
2026-08-03 21:04:21,680 [INFO] webcam_perception.pipeline: 정지 판정: stopped=True
2026-08-03 21:04:21,680 [INFO] webcam_perception.pipeline: 이번 정지 구간에서 이미 publish함 -> 스킵
2026-08-03 21:04:21,778 [INFO] webcam_perception: YOLO 추론 성공: detection 2건
2026-08-03 21:04:21,779 [INFO] webcam_perception.pipeline: ROI 필터링: 전체 2건 -> ROI 내 1건
2026-08-03 21:04:21,779 [INFO] webcam_perception.pipeline: best detection 선택: confidence=0.95
2026-08-03 21:04:21,779 [INFO] webcam_perception.pipeline: 정지 판정: stopped=True
2026-08-03 21:04:21,779 [INFO] webcam_perception.pipeline: 이번 정지 구간에서 이미 publish함 -> 스킵
2026-08-03 21:04:21,877 [INFO] webcam_perception: YOLO 추론 성공: detection 2건
2026-08-03 21:04:21,877 [INFO] webcam_perception.pipeline: ROI 필터링: 전체 2건 -> ROI 내 1건
2026-08-03 21:04:21,878 [INFO] webcam_perception.pipeline: best detection 선택: confidence=0.95
2026-08-03 21:04:21,878 [INFO] webcam_perception.pipeline: 정지 판정: stopped=True
2026-08-03 21:04:21,878 [INFO] webcam_perception.pipeline: 이번 정지 구간에서 이미 publish함 -> 스킵
2026-08-03 21:04:21,978 [INFO] webcam_perception: YOLO 추론 성공: detection 2건
2026-08-03 21:04:21,978 [INFO] webcam_perception.pipeline: ROI 필터링: 전체 2건 -> ROI 내 1건
2026-08-03 21:04:21,978 [INFO] webcam_perception.pipeline: best detection 선택: confidence=0.95
2026-08-03 21:04:21,978 [INFO] webcam_perception.pipeline: 정지 판정: stopped=True
2026-08-03 21:04:21,978 [INFO] webcam_perception.pipeline: 이번 정지 구간에서 이미 publish함 -> 스킵
2026-08-03 21:04:22,078 [INFO] webcam_perception: YOLO 추론 성공: detection 2건
2026-08-03 21:04:22,078 [INFO] webcam_perception.pipeline: ROI 필터링: 전체 2건 -> ROI 내 1건
2026-08-03 21:04:22,078 [INFO] webcam_perception.pipeline: best detection 선택: confidence=0.95
2026-08-03 21:04:22,078 [INFO] webcam_perception.pipeline: 정지 판정: stopped=True
2026-08-03 21:04:22,078 [INFO] webcam_perception.pipeline: 이번 정지 구간에서 이미 publish함 -> 스킵
2026-08-03 21:04:22,177 [INFO] webcam_perception: YOLO 추론 성공: detection 2건
2026-08-03 21:04:22,177 [INFO] webcam_perception.pipeline: ROI 필터링: 전체 2건 -> ROI 내 1건
2026-08-03 21:04:22,177 [INFO] webcam_perception.pipeline: best detection 선택: confidence=0.95
2026-08-03 21:04:22,177 [INFO] webcam_perception.pipeline: 정지 판정: stopped=True
2026-08-03 21:04:22,177 [INFO] webcam_perception.pipeline: 이번 정지 구간에서 이미 publish함 -> 스킵
2026-08-03 21:04:22,277 [INFO] webcam_perception: YOLO 추론 성공: detection 2건
2026-08-03 21:04:22,278 [INFO] webcam_perception.pipeline: ROI 필터링: 전체 2건 -> ROI 내 1건
2026-08-03 21:04:22,278 [INFO] webcam_perception.pipeline: best detection 선택: confidence=0.94
2026-08-03 21:04:22,278 [INFO] webcam_perception.pipeline: 정지 판정: stopped=True
2026-08-03 21:04:22,278 [INFO] webcam_perception.pipeline: 이번 정지 구간에서 이미 publish함 -> 스킵
2026-08-03 21:04:22,380 [INFO] webcam_perception: YOLO 추론 성공: detection 2건
2026-08-03 21:04:22,380 [INFO] webcam_perception.pipeline: ROI 필터링: 전체 2건 -> ROI 내 1건
2026-08-03 21:04:22,380 [INFO] webcam_perception.pipeline: best detection 선택: confidence=0.95
2026-08-03 21:04:22,380 [INFO] webcam_perception.pipeline: 정지 판정: stopped=True
2026-08-03 21:04:22,381 [INFO] webcam_perception.pipeline: 이번 정지 구간에서 이미 publish함 -> 스킵
2026-08-03 21:04:22,478 [INFO] webcam_perception: YOLO 추론 성공: detection 2건
2026-08-03 21:04:22,479 [INFO] webcam_perception.pipeline: ROI 필터링: 전체 2건 -> ROI 내 1건
2026-08-03 21:04:22,479 [INFO] webcam_perception.pipeline: best detection 선택: confidence=0.95
2026-08-03 21:04:22,479 [INFO] webcam_perception.pipeline: 정지 판정: stopped=True
2026-08-03 21:04:22,479 [INFO] webcam_perception.pipeline: 이번 정지 구간에서 이미 publish함 -> 스킵
2026-08-03 21:04:22,577 [INFO] webcam_perception: YOLO 추론 성공: detection 2건
2026-08-03 21:04:22,578 [INFO] webcam_perception.pipeline: ROI 필터링: 전체 2건 -> ROI 내 1건
2026-08-03 21:04:22,578 [INFO] webcam_perception.pipeline: best detection 선택: confidence=0.94
2026-08-03 21:04:22,578 [INFO] webcam_perception.pipeline: 정지 판정: stopped=True
2026-08-03 21:04:22,578 [INFO] webcam_perception.pipeline: 이번 정지 구간에서 이미 publish함 -> 스킵
2026-08-03 21:04:22,677 [INFO] webcam_perception: YOLO 추론 성공: detection 2건
2026-08-03 21:04:22,677 [INFO] webcam_perception.pipeline: ROI 필터링: 전체 2건 -> ROI 내 1건
2026-08-03 21:04:22,678 [INFO] webcam_perception.pipeline: best detection 선택: confidence=0.95
2026-08-03 21:04:22,678 [INFO] webcam_perception.pipeline: 정지 판정: stopped=True
2026-08-03 21:04:22,678 [INFO] webcam_perception.pipeline: 이번 정지 구간에서 이미 publish함 -> 스킵
2026-08-03 21:04:22,776 [INFO] webcam_perception: YOLO 추론 성공: detection 2건
2026-08-03 21:04:22,777 [INFO] webcam_perception.pipeline: ROI 필터링: 전체 2건 -> ROI 내 1건
2026-08-03 21:04:22,777 [INFO] webcam_perception.pipeline: best detection 선택: confidence=0.94
2026-08-03 21:04:22,777 [INFO] webcam_perception.pipeline: 정지 판정: stopped=True
2026-08-03 21:04:22,777 [INFO] webcam_perception.pipeline: 이번 정지 구간에서 이미 publish함 -> 스킵
2026-08-03 21:04:22,877 [INFO] webcam_perception: YOLO 추론 성공: detection 2건
2026-08-03 21:04:22,877 [INFO] webcam_perception.pipeline: ROI 필터링: 전체 2건 -> ROI 내 1건
2026-08-03 21:04:22,877 [INFO] webcam_perception.pipeline: best detection 선택: confidence=0.94
2026-08-03 21:04:22,877 [INFO] webcam_perception.pipeline: 정지 판정: stopped=True
2026-08-03 21:04:22,877 [INFO] webcam_perception.pipeline: 이번 정지 구간에서 이미 publish함 -> 스킵
2026-08-03 21:04:22,977 [INFO] webcam_perception: YOLO 추론 성공: detection 2건
2026-08-03 21:04:22,977 [INFO] webcam_perception.pipeline: ROI 필터링: 전체 2건 -> ROI 내 1건
2026-08-03 21:04:22,977 [INFO] webcam_perception.pipeline: best detection 선택: confidence=0.94
2026-08-03 21:04:22,978 [INFO] webcam_perception.pipeline: 정지 판정: stopped=True
2026-08-03 21:04:22,978 [INFO] webcam_perception.pipeline: 이번 정지 구간에서 이미 publish함 -> 스킵
2026-08-03 21:04:23,077 [INFO] webcam_perception: YOLO 추론 성공: detection 2건
2026-08-03 21:04:23,077 [INFO] webcam_perception.pipeline: ROI 필터링: 전체 2건 -> ROI 내 1건
2026-08-03 21:04:23,077 [INFO] webcam_perception.pipeline: best detection 선택: confidence=0.95
2026-08-03 21:04:23,077 [INFO] webcam_perception.pipeline: 정지 판정: stopped=True
2026-08-03 21:04:23,077 [INFO] webcam_perception.pipeline: 이번 정지 구간에서 이미 publish함 -> 스킵
2026-08-03 21:04:23,176 [INFO] webcam_perception: YOLO 추론 성공: detection 2건
2026-08-03 21:04:23,177 [INFO] webcam_perception.pipeline: ROI 필터링: 전체 2건 -> ROI 내 1건
2026-08-03 21:04:23,177 [INFO] webcam_perception.pipeline: best detection 선택: confidence=0.95
2026-08-03 21:04:23,177 [INFO] webcam_perception.pipeline: 정지 판정: stopped=True
2026-08-03 21:04:23,177 [INFO] webcam_perception.pipeline: 이번 정지 구간에서 이미 publish함 -> 스킵
2026-08-03 21:04:23,279 [INFO] webcam_perception: YOLO 추론 성공: detection 2건
2026-08-03 21:04:23,279 [INFO] webcam_perception.pipeline: ROI 필터링: 전체 2건 -> ROI 내 1건
2026-08-03 21:04:23,279 [INFO] webcam_perception.pipeline: best detection 선택: confidence=0.94
2026-08-03 21:04:23,279 [INFO] webcam_perception.pipeline: 정지 판정: stopped=True
2026-08-03 21:04:23,280 [INFO] webcam_perception.pipeline: 이번 정지 구간에서 이미 publish함 -> 스킵
2026-08-03 21:04:23,378 [INFO] webcam_perception: YOLO 추론 성공: detection 2건
2026-08-03 21:04:23,378 [INFO] webcam_perception.pipeline: ROI 필터링: 전체 2건 -> ROI 내 1건
2026-08-03 21:04:23,378 [INFO] webcam_perception.pipeline: best detection 선택: confidence=0.95
2026-08-03 21:04:23,378 [INFO] webcam_perception.pipeline: 정지 판정: stopped=True
2026-08-03 21:04:23,378 [INFO] webcam_perception.pipeline: 이번 정지 구간에서 이미 publish함 -> 스킵
2026-08-03 21:04:23,476 [INFO] webcam_perception: YOLO 추론 성공: detection 2건
2026-08-03 21:04:23,476 [INFO] webcam_perception.pipeline: ROI 필터링: 전체 2건 -> ROI 내 1건
2026-08-03 21:04:23,476 [INFO] webcam_perception.pipeline: best detection 선택: confidence=0.95
2026-08-03 21:04:23,477 [INFO] webcam_perception.pipeline: 정지 판정: stopped=True
2026-08-03 21:04:23,477 [INFO] webcam_perception.pipeline: 이번 정지 구간에서 이미 publish함 -> 스킵
2026-08-03 21:04:23,576 [INFO] webcam_perception: YOLO 추론 성공: detection 2건
2026-08-03 21:04:23,577 [INFO] webcam_perception.pipeline: ROI 필터링: 전체 2건 -> ROI 내 1건
2026-08-03 21:04:23,577 [INFO] webcam_perception.pipeline: best detection 선택: confidence=0.95
2026-08-03 21:04:23,577 [INFO] webcam_perception.pipeline: 정지 판정: stopped=True
2026-08-03 21:04:23,577 [INFO] webcam_perception.pipeline: 이번 정지 구간에서 이미 publish함 -> 스킵
2026-08-03 21:04:23,678 [INFO] webcam_perception: YOLO 추론 성공: detection 2건
2026-08-03 21:04:23,678 [INFO] webcam_perception.pipeline: ROI 필터링: 전체 2건 -> ROI 내 1건
2026-08-03 21:04:23,678 [INFO] webcam_perception.pipeline: best detection 선택: confidence=0.95
2026-08-03 21:04:23,679 [INFO] webcam_perception.pipeline: 정지 판정: stopped=True
2026-08-03 21:04:23,679 [INFO] webcam_perception.pipeline: 이번 정지 구간에서 이미 publish함 -> 스킵
2026-08-03 21:04:23,776 [INFO] webcam_perception: YOLO 추론 성공: detection 2건
2026-08-03 21:04:23,777 [INFO] webcam_perception.pipeline: ROI 필터링: 전체 2건 -> ROI 내 1건
2026-08-03 21:04:23,777 [INFO] webcam_perception.pipeline: best detection 선택: confidence=0.95
2026-08-03 21:04:23,777 [INFO] webcam_perception.pipeline: 정지 판정: stopped=True
2026-08-03 21:04:23,777 [INFO] webcam_perception.pipeline: 이번 정지 구간에서 이미 publish함 -> 스킵
2026-08-03 21:04:23,877 [INFO] webcam_perception: YOLO 추론 성공: detection 2건
2026-08-03 21:04:23,877 [INFO] webcam_perception.pipeline: ROI 필터링: 전체 2건 -> ROI 내 1건
2026-08-03 21:04:23,877 [INFO] webcam_perception.pipeline: best detection 선택: confidence=0.95
2026-08-03 21:04:23,877 [INFO] webcam_perception.pipeline: 정지 판정: stopped=True
2026-08-03 21:04:23,878 [INFO] webcam_perception.pipeline: 이번 정지 구간에서 이미 publish함 -> 스킵
2026-08-03 21:04:23,977 [INFO] webcam_perception: YOLO 추론 성공: detection 2건
2026-08-03 21:04:23,977 [INFO] webcam_perception.pipeline: ROI 필터링: 전체 2건 -> ROI 내 1건
2026-08-03 21:04:23,978 [INFO] webcam_perception.pipeline: best detection 선택: confidence=0.95
2026-08-03 21:04:23,978 [INFO] webcam_perception.pipeline: 정지 판정: stopped=True
2026-08-03 21:04:23,978 [INFO] webcam_perception.pipeline: 이번 정지 구간에서 이미 publish함 -> 스킵
2026-08-03 21:04:24,078 [INFO] webcam_perception: YOLO 추론 성공: detection 2건
2026-08-03 21:04:24,078 [INFO] webcam_perception.pipeline: ROI 필터링: 전체 2건 -> ROI 내 1건
2026-08-03 21:04:24,078 [INFO] webcam_perception.pipeline: best detection 선택: confidence=0.94
2026-08-03 21:04:24,078 [INFO] webcam_perception.pipeline: 정지 판정: stopped=True
2026-08-03 21:04:24,078 [INFO] webcam_perception.pipeline: 이번 정지 구간에서 이미 publish함 -> 스킵
2026-08-03 21:04:24,178 [INFO] webcam_perception: YOLO 추론 성공: detection 2건
2026-08-03 21:04:24,178 [INFO] webcam_perception.pipeline: ROI 필터링: 전체 2건 -> ROI 내 1건
2026-08-03 21:04:24,178 [INFO] webcam_perception.pipeline: best detection 선택: confidence=0.95
2026-08-03 21:04:24,178 [INFO] webcam_perception.pipeline: 정지 판정: stopped=True
2026-08-03 21:04:24,178 [INFO] webcam_perception.pipeline: 이번 정지 구간에서 이미 publish함 -> 스킵
2026-08-03 21:04:24,278 [INFO] webcam_perception: YOLO 추론 성공: detection 2건
2026-08-03 21:04:24,278 [INFO] webcam_perception.pipeline: ROI 필터링: 전체 2건 -> ROI 내 1건
2026-08-03 21:04:24,278 [INFO] webcam_perception.pipeline: best detection 선택: confidence=0.95
2026-08-03 21:04:24,278 [INFO] webcam_perception.pipeline: 정지 판정: stopped=True
2026-08-03 21:04:24,278 [INFO] webcam_perception.pipeline: 이번 정지 구간에서 이미 publish함 -> 스킵
2026-08-03 21:04:24,377 [INFO] webcam_perception: YOLO 추론 성공: detection 2건
2026-08-03 21:04:24,377 [INFO] webcam_perception.pipeline: ROI 필터링: 전체 2건 -> ROI 내 1건
2026-08-03 21:04:24,377 [INFO] webcam_perception.pipeline: best detection 선택: confidence=0.95
2026-08-03 21:04:24,377 [INFO] webcam_perception.pipeline: 정지 판정: stopped=True
2026-08-03 21:04:24,377 [INFO] webcam_perception.pipeline: 이번 정지 구간에서 이미 publish함 -> 스킵
2026-08-03 21:04:24,478 [INFO] webcam_perception: YOLO 추론 성공: detection 2건
2026-08-03 21:04:24,478 [INFO] webcam_perception.pipeline: ROI 필터링: 전체 2건 -> ROI 내 1건
2026-08-03 21:04:24,478 [INFO] webcam_perception.pipeline: best detection 선택: confidence=0.94
2026-08-03 21:04:24,478 [INFO] webcam_perception.pipeline: 정지 판정: stopped=True
2026-08-03 21:04:24,478 [INFO] webcam_perception.pipeline: 이번 정지 구간에서 이미 publish함 -> 스킵
2026-08-03 21:04:24,578 [INFO] webcam_perception: YOLO 추론 성공: detection 2건
2026-08-03 21:04:24,578 [INFO] webcam_perception.pipeline: ROI 필터링: 전체 2건 -> ROI 내 1건
2026-08-03 21:04:24,579 [INFO] webcam_perception.pipeline: best detection 선택: confidence=0.95
2026-08-03 21:04:24,579 [INFO] webcam_perception.pipeline: 정지 판정: stopped=True
2026-08-03 21:04:24,579 [INFO] webcam_perception.pipeline: 이번 정지 구간에서 이미 publish함 -> 스킵
2026-08-03 21:04:24,676 [INFO] webcam_perception: YOLO 추론 성공: detection 2건
2026-08-03 21:04:24,677 [INFO] webcam_perception.pipeline: ROI 필터링: 전체 2건 -> ROI 내 1건
2026-08-03 21:04:24,677 [INFO] webcam_perception.pipeline: best detection 선택: confidence=0.95
2026-08-03 21:04:24,677 [INFO] webcam_perception.pipeline: 정지 판정: stopped=True
2026-08-03 21:04:24,677 [INFO] webcam_perception.pipeline: 이번 정지 구간에서 이미 publish함 -> 스킵
2026-08-03 21:04:24,778 [INFO] webcam_perception: YOLO 추론 성공: detection 2건
2026-08-03 21:04:24,778 [INFO] webcam_perception.pipeline: ROI 필터링: 전체 2건 -> ROI 내 1건
2026-08-03 21:04:24,778 [INFO] webcam_perception.pipeline: best detection 선택: confidence=0.95
2026-08-03 21:04:24,778 [INFO] webcam_perception.pipeline: 정지 판정: stopped=True
2026-08-03 21:04:24,778 [INFO] webcam_perception.pipeline: 이번 정지 구간에서 이미 publish함 -> 스킵
2026-08-03 21:04:24,879 [INFO] webcam_perception: YOLO 추론 성공: detection 2건
2026-08-03 21:04:24,879 [INFO] webcam_perception.pipeline: ROI 필터링: 전체 2건 -> ROI 내 1건
2026-08-03 21:04:24,879 [INFO] webcam_perception.pipeline: best detection 선택: confidence=0.95
2026-08-03 21:04:24,880 [INFO] webcam_perception.pipeline: 정지 판정: stopped=True
2026-08-03 21:04:24,880 [INFO] webcam_perception.pipeline: 이번 정지 구간에서 이미 publish함 -> 스킵
2026-08-03 21:04:24,979 [INFO] webcam_perception: YOLO 추론 성공: detection 2건
2026-08-03 21:04:24,979 [INFO] webcam_perception.pipeline: ROI 필터링: 전체 2건 -> ROI 내 1건
2026-08-03 21:04:24,979 [INFO] webcam_perception.pipeline: best detection 선택: confidence=0.95
2026-08-03 21:04:24,979 [INFO] webcam_perception.pipeline: 정지 판정: stopped=True
2026-08-03 21:04:24,979 [INFO] webcam_perception.pipeline: 이번 정지 구간에서 이미 publish함 -> 스킵
2026-08-03 21:04:25,077 [INFO] webcam_perception: YOLO 추론 성공: detection 2건
2026-08-03 21:04:25,077 [INFO] webcam_perception.pipeline: ROI 필터링: 전체 2건 -> ROI 내 1건
2026-08-03 21:04:25,077 [INFO] webcam_perception.pipeline: best detection 선택: confidence=0.95
2026-08-03 21:04:25,077 [INFO] webcam_perception.pipeline: 정지 판정: stopped=True
2026-08-03 21:04:25,077 [INFO] webcam_perception.pipeline: 이번 정지 구간에서 이미 publish함 -> 스킵
2026-08-03 21:04:25,178 [INFO] webcam_perception: YOLO 추론 성공: detection 2건
2026-08-03 21:04:25,178 [INFO] webcam_perception.pipeline: ROI 필터링: 전체 2건 -> ROI 내 1건
2026-08-03 21:04:25,178 [INFO] webcam_perception.pipeline: best detection 선택: confidence=0.95
2026-08-03 21:04:25,178 [INFO] webcam_perception.pipeline: 정지 판정: stopped=True
2026-08-03 21:04:25,178 [INFO] webcam_perception.pipeline: 이번 정지 구간에서 이미 publish함 -> 스킵
2026-08-03 21:04:25,278 [INFO] webcam_perception: YOLO 추론 성공: detection 2건
2026-08-03 21:04:25,278 [INFO] webcam_perception.pipeline: ROI 필터링: 전체 2건 -> ROI 내 1건
2026-08-03 21:04:25,278 [INFO] webcam_perception.pipeline: best detection 선택: confidence=0.94
2026-08-03 21:04:25,278 [INFO] webcam_perception.pipeline: 정지 판정: stopped=True
2026-08-03 21:04:25,278 [INFO] webcam_perception.pipeline: 이번 정지 구간에서 이미 publish함 -> 스킵
2026-08-03 21:04:25,377 [INFO] webcam_perception: YOLO 추론 성공: detection 2건
2026-08-03 21:04:25,377 [INFO] webcam_perception.pipeline: ROI 필터링: 전체 2건 -> ROI 내 1건
2026-08-03 21:04:25,378 [INFO] webcam_perception.pipeline: best detection 선택: confidence=0.95
2026-08-03 21:04:25,378 [INFO] webcam_perception.pipeline: 정지 판정: stopped=True
2026-08-03 21:04:25,378 [INFO] webcam_perception.pipeline: 이번 정지 구간에서 이미 publish함 -> 스킵
2026-08-03 21:04:25,476 [INFO] webcam_perception: YOLO 추론 성공: detection 2건
2026-08-03 21:04:25,477 [INFO] webcam_perception.pipeline: ROI 필터링: 전체 2건 -> ROI 내 1건
2026-08-03 21:04:25,477 [INFO] webcam_perception.pipeline: best detection 선택: confidence=0.95
2026-08-03 21:04:25,477 [INFO] webcam_perception.pipeline: 정지 판정: stopped=True
2026-08-03 21:04:25,477 [INFO] webcam_perception.pipeline: 이번 정지 구간에서 이미 publish함 -> 스킵
2026-08-03 21:04:25,576 [INFO] webcam_perception: YOLO 추론 성공: detection 2건
2026-08-03 21:04:25,577 [INFO] webcam_perception.pipeline: ROI 필터링: 전체 2건 -> ROI 내 1건
2026-08-03 21:04:25,577 [INFO] webcam_perception.pipeline: best detection 선택: confidence=0.95
2026-08-03 21:04:25,577 [INFO] webcam_perception.pipeline: 정지 판정: stopped=True
2026-08-03 21:04:25,577 [INFO] webcam_perception.pipeline: 이번 정지 구간에서 이미 publish함 -> 스킵
2026-08-03 21:04:25,679 [INFO] webcam_perception: YOLO 추론 성공: detection 2건
2026-08-03 21:04:25,679 [INFO] webcam_perception.pipeline: ROI 필터링: 전체 2건 -> ROI 내 1건
2026-08-03 21:04:25,680 [INFO] webcam_perception.pipeline: best detection 선택: confidence=0.95
2026-08-03 21:04:25,680 [INFO] webcam_perception.pipeline: 정지 판정: stopped=True
2026-08-03 21:04:25,680 [INFO] webcam_perception.pipeline: 이번 정지 구간에서 이미 publish함 -> 스킵
2026-08-03 21:04:25,776 [INFO] webcam_perception: YOLO 추론 성공: detection 2건
2026-08-03 21:04:25,776 [INFO] webcam_perception.pipeline: ROI 필터링: 전체 2건 -> ROI 내 1건
2026-08-03 21:04:25,777 [INFO] webcam_perception.pipeline: best detection 선택: confidence=0.95
2026-08-03 21:04:25,777 [INFO] webcam_perception.pipeline: 정지 판정: stopped=True
2026-08-03 21:04:25,777 [INFO] webcam_perception.pipeline: 이번 정지 구간에서 이미 publish함 -> 스킵
2026-08-03 21:04:25,878 [INFO] webcam_perception: YOLO 추론 성공: detection 2건
2026-08-03 21:04:25,879 [INFO] webcam_perception.pipeline: ROI 필터링: 전체 2건 -> ROI 내 1건
2026-08-03 21:04:25,879 [INFO] webcam_perception.pipeline: best detection 선택: confidence=0.95
2026-08-03 21:04:25,879 [INFO] webcam_perception.pipeline: 정지 판정: stopped=True
2026-08-03 21:04:25,879 [INFO] webcam_perception.pipeline: 이번 정지 구간에서 이미 publish함 -> 스킵
2026-08-03 21:04:25,978 [INFO] webcam_perception: YOLO 추론 성공: detection 2건
2026-08-03 21:04:25,979 [INFO] webcam_perception.pipeline: ROI 필터링: 전체 2건 -> ROI 내 1건
2026-08-03 21:04:25,979 [INFO] webcam_perception.pipeline: best detection 선택: confidence=0.94
2026-08-03 21:04:25,979 [INFO] webcam_perception.pipeline: 정지 판정: stopped=True
2026-08-03 21:04:25,979 [INFO] webcam_perception.pipeline: 이번 정지 구간에서 이미 publish함 -> 스킵
2026-08-03 21:04:26,077 [INFO] webcam_perception: YOLO 추론 성공: detection 2건
2026-08-03 21:04:26,077 [INFO] webcam_perception.pipeline: ROI 필터링: 전체 2건 -> ROI 내 1건
2026-08-03 21:04:26,078 [INFO] webcam_perception.pipeline: best detection 선택: confidence=0.94
2026-08-03 21:04:26,078 [INFO] webcam_perception.pipeline: 정지 판정: stopped=True
2026-08-03 21:04:26,078 [INFO] webcam_perception.pipeline: 이번 정지 구간에서 이미 publish함 -> 스킵
2026-08-03 21:04:26,176 [INFO] webcam_perception: YOLO 추론 성공: detection 2건
2026-08-03 21:04:26,176 [INFO] webcam_perception.pipeline: ROI 필터링: 전체 2건 -> ROI 내 1건
2026-08-03 21:04:26,176 [INFO] webcam_perception.pipeline: best detection 선택: confidence=0.95
2026-08-03 21:04:26,176 [INFO] webcam_perception.pipeline: 정지 판정: stopped=True
2026-08-03 21:04:26,176 [INFO] webcam_perception.pipeline: 이번 정지 구간에서 이미 publish함 -> 스킵
2026-08-03 21:04:26,277 [INFO] webcam_perception: YOLO 추론 성공: detection 2건
2026-08-03 21:04:26,277 [INFO] webcam_perception.pipeline: ROI 필터링: 전체 2건 -> ROI 내 1건
2026-08-03 21:04:26,277 [INFO] webcam_perception.pipeline: best detection 선택: confidence=0.95
2026-08-03 21:04:26,277 [INFO] webcam_perception.pipeline: 정지 판정: stopped=True
2026-08-03 21:04:26,277 [INFO] webcam_perception.pipeline: 이번 정지 구간에서 이미 publish함 -> 스킵
2026-08-03 21:04:26,376 [INFO] webcam_perception: YOLO 추론 성공: detection 2건
2026-08-03 21:04:26,377 [INFO] webcam_perception.pipeline: ROI 필터링: 전체 2건 -> ROI 내 1건
2026-08-03 21:04:26,377 [INFO] webcam_perception.pipeline: best detection 선택: confidence=0.95
2026-08-03 21:04:26,377 [INFO] webcam_perception.pipeline: 정지 판정: stopped=True
2026-08-03 21:04:26,377 [INFO] webcam_perception.pipeline: 이번 정지 구간에서 이미 publish함 -> 스킵
2026-08-03 21:04:26,480 [INFO] webcam_perception: YOLO 추론 성공: detection 2건
2026-08-03 21:04:26,480 [INFO] webcam_perception.pipeline: ROI 필터링: 전체 2건 -> ROI 내 1건
2026-08-03 21:04:26,481 [INFO] webcam_perception.pipeline: best detection 선택: confidence=0.95
2026-08-03 21:04:26,481 [INFO] webcam_perception.pipeline: 정지 판정: stopped=True
2026-08-03 21:04:26,481 [INFO] webcam_perception.pipeline: 이번 정지 구간에서 이미 publish함 -> 스킵
2026-08-03 21:04:26,577 [INFO] webcam_perception: YOLO 추론 성공: detection 2건
2026-08-03 21:04:26,577 [INFO] webcam_perception.pipeline: ROI 필터링: 전체 2건 -> ROI 내 1건
2026-08-03 21:04:26,577 [INFO] webcam_perception.pipeline: best detection 선택: confidence=0.95
2026-08-03 21:04:26,577 [INFO] webcam_perception.pipeline: 정지 판정: stopped=True
2026-08-03 21:04:26,578 [INFO] webcam_perception.pipeline: 이번 정지 구간에서 이미 publish함 -> 스킵
2026-08-03 21:04:26,677 [INFO] webcam_perception: YOLO 추론 성공: detection 2건
2026-08-03 21:04:26,677 [INFO] webcam_perception.pipeline: ROI 필터링: 전체 2건 -> ROI 내 1건
2026-08-03 21:04:26,677 [INFO] webcam_perception.pipeline: best detection 선택: confidence=0.94
2026-08-03 21:04:26,677 [INFO] webcam_perception.pipeline: 정지 판정: stopped=True
2026-08-03 21:04:26,677 [INFO] webcam_perception.pipeline: 이번 정지 구간에서 이미 publish함 -> 스킵
2026-08-03 21:04:26,777 [INFO] webcam_perception: YOLO 추론 성공: detection 2건
2026-08-03 21:04:26,777 [INFO] webcam_perception.pipeline: ROI 필터링: 전체 2건 -> ROI 내 1건
2026-08-03 21:04:26,777 [INFO] webcam_perception.pipeline: best detection 선택: confidence=0.95
2026-08-03 21:04:26,777 [INFO] webcam_perception.pipeline: 정지 판정: stopped=True
2026-08-03 21:04:26,777 [INFO] webcam_perception.pipeline: 이번 정지 구간에서 이미 publish함 -> 스킵
2026-08-03 21:04:26,876 [INFO] webcam_perception: YOLO 추론 성공: detection 2건
2026-08-03 21:04:26,877 [INFO] webcam_perception.pipeline: ROI 필터링: 전체 2건 -> ROI 내 1건
2026-08-03 21:04:26,877 [INFO] webcam_perception.pipeline: best detection 선택: confidence=0.95
2026-08-03 21:04:26,877 [INFO] webcam_perception.pipeline: 정지 판정: stopped=True
2026-08-03 21:04:26,877 [INFO] webcam_perception.pipeline: 이번 정지 구간에서 이미 publish함 -> 스킵
2026-08-03 21:04:26,977 [INFO] webcam_perception: YOLO 추론 성공: detection 2건
2026-08-03 21:04:26,977 [INFO] webcam_perception.pipeline: ROI 필터링: 전체 2건 -> ROI 내 1건
2026-08-03 21:04:26,977 [INFO] webcam_perception.pipeline: best detection 선택: confidence=0.94
2026-08-03 21:04:26,977 [INFO] webcam_perception.pipeline: 정지 판정: stopped=True
2026-08-03 21:04:26,977 [INFO] webcam_perception.pipeline: 이번 정지 구간에서 이미 publish함 -> 스킵
2026-08-03 21:04:27,078 [INFO] webcam_perception: YOLO 추론 성공: detection 2건
2026-08-03 21:04:27,078 [INFO] webcam_perception.pipeline: ROI 필터링: 전체 2건 -> ROI 내 1건
2026-08-03 21:04:27,078 [INFO] webcam_perception.pipeline: best detection 선택: confidence=0.95
2026-08-03 21:04:27,078 [INFO] webcam_perception.pipeline: 정지 판정: stopped=True
2026-08-03 21:04:27,078 [INFO] webcam_perception.pipeline: 이번 정지 구간에서 이미 publish함 -> 스킵
2026-08-03 21:04:27,176 [INFO] webcam_perception: YOLO 추론 성공: detection 2건
2026-08-03 21:04:27,177 [INFO] webcam_perception.pipeline: ROI 필터링: 전체 2건 -> ROI 내 1건
2026-08-03 21:04:27,177 [INFO] webcam_perception.pipeline: best detection 선택: confidence=0.95
2026-08-03 21:04:27,177 [INFO] webcam_perception.pipeline: 정지 판정: stopped=True
2026-08-03 21:04:27,177 [INFO] webcam_perception.pipeline: 이번 정지 구간에서 이미 publish함 -> 스킵
2026-08-03 21:04:27,277 [INFO] webcam_perception: YOLO 추론 성공: detection 2건
2026-08-03 21:04:27,278 [INFO] webcam_perception.pipeline: ROI 필터링: 전체 2건 -> ROI 내 1건
2026-08-03 21:04:27,278 [INFO] webcam_perception.pipeline: best detection 선택: confidence=0.95
2026-08-03 21:04:27,278 [INFO] webcam_perception.pipeline: 정지 판정: stopped=True
2026-08-03 21:04:27,278 [INFO] webcam_perception.pipeline: 이번 정지 구간에서 이미 publish함 -> 스킵
2026-08-03 21:04:27,377 [INFO] webcam_perception: YOLO 추론 성공: detection 2건
2026-08-03 21:04:27,378 [INFO] webcam_perception.pipeline: ROI 필터링: 전체 2건 -> ROI 내 1건
2026-08-03 21:04:27,378 [INFO] webcam_perception.pipeline: best detection 선택: confidence=0.95
2026-08-03 21:04:27,378 [INFO] webcam_perception.pipeline: 정지 판정: stopped=True
2026-08-03 21:04:27,378 [INFO] webcam_perception.pipeline: 이번 정지 구간에서 이미 publish함 -> 스킵
2026-08-03 21:04:27,477 [INFO] webcam_perception: YOLO 추론 성공: detection 2건
2026-08-03 21:04:27,477 [INFO] webcam_perception.pipeline: ROI 필터링: 전체 2건 -> ROI 내 1건
2026-08-03 21:04:27,477 [INFO] webcam_perception.pipeline: best detection 선택: confidence=0.95
2026-08-03 21:04:27,477 [INFO] webcam_perception.pipeline: 정지 판정: stopped=True
2026-08-03 21:04:27,477 [INFO] webcam_perception.pipeline: 이번 정지 구간에서 이미 publish함 -> 스킵
2026-08-03 21:04:27,576 [INFO] webcam_perception: YOLO 추론 성공: detection 2건
2026-08-03 21:04:27,576 [INFO] webcam_perception.pipeline: ROI 필터링: 전체 2건 -> ROI 내 1건
2026-08-03 21:04:27,576 [INFO] webcam_perception.pipeline: best detection 선택: confidence=0.95
2026-08-03 21:04:27,576 [INFO] webcam_perception.pipeline: 정지 판정: stopped=True
2026-08-03 21:04:27,576 [INFO] webcam_perception.pipeline: 이번 정지 구간에서 이미 publish함 -> 스킵
2026-08-03 21:04:27,676 [INFO] webcam_perception: YOLO 추론 성공: detection 2건
2026-08-03 21:04:27,677 [INFO] webcam_perception.pipeline: ROI 필터링: 전체 2건 -> ROI 내 1건
2026-08-03 21:04:27,677 [INFO] webcam_perception.pipeline: best detection 선택: confidence=0.95
2026-08-03 21:04:27,677 [INFO] webcam_perception.pipeline: 정지 판정: stopped=True
2026-08-03 21:04:27,677 [INFO] webcam_perception.pipeline: 이번 정지 구간에서 이미 publish함 -> 스킵
2026-08-03 21:04:27,777 [INFO] webcam_perception: YOLO 추론 성공: detection 2건
2026-08-03 21:04:27,777 [INFO] webcam_perception.pipeline: ROI 필터링: 전체 2건 -> ROI 내 1건
2026-08-03 21:04:27,778 [INFO] webcam_perception.pipeline: best detection 선택: confidence=0.95
2026-08-03 21:04:27,778 [INFO] webcam_perception.pipeline: 정지 판정: stopped=True
2026-08-03 21:04:27,778 [INFO] webcam_perception.pipeline: 이번 정지 구간에서 이미 publish함 -> 스킵
2026-08-03 21:04:27,878 [INFO] webcam_perception: YOLO 추론 성공: detection 2건
2026-08-03 21:04:27,878 [INFO] webcam_perception.pipeline: ROI 필터링: 전체 2건 -> ROI 내 1건
2026-08-03 21:04:27,878 [INFO] webcam_perception.pipeline: best detection 선택: confidence=0.95
2026-08-03 21:04:27,878 [INFO] webcam_perception.pipeline: 정지 판정: stopped=True
2026-08-03 21:04:27,878 [INFO] webcam_perception.pipeline: 이번 정지 구간에서 이미 publish함 -> 스킵
2026-08-03 21:04:27,977 [INFO] webcam_perception: YOLO 추론 성공: detection 2건
2026-08-03 21:04:27,978 [INFO] webcam_perception.pipeline: ROI 필터링: 전체 2건 -> ROI 내 1건
2026-08-03 21:04:27,978 [INFO] webcam_perception.pipeline: best detection 선택: confidence=0.95
2026-08-03 21:04:27,978 [INFO] webcam_perception.pipeline: 정지 판정: stopped=True
2026-08-03 21:04:27,978 [INFO] webcam_perception.pipeline: 이번 정지 구간에서 이미 publish함 -> 스킵
2026-08-03 21:04:28,079 [INFO] webcam_perception: YOLO 추론 성공: detection 2건
2026-08-03 21:04:28,079 [INFO] webcam_perception.pipeline: ROI 필터링: 전체 2건 -> ROI 내 1건
2026-08-03 21:04:28,079 [INFO] webcam_perception.pipeline: best detection 선택: confidence=0.95
2026-08-03 21:04:28,079 [INFO] webcam_perception.pipeline: 정지 판정: stopped=True
2026-08-03 21:04:28,079 [INFO] webcam_perception.pipeline: 이번 정지 구간에서 이미 publish함 -> 스킵
2026-08-03 21:04:28,177 [INFO] webcam_perception: YOLO 추론 성공: detection 2건
2026-08-03 21:04:28,177 [INFO] webcam_perception.pipeline: ROI 필터링: 전체 2건 -> ROI 내 1건
2026-08-03 21:04:28,177 [INFO] webcam_perception.pipeline: best detection 선택: confidence=0.95
2026-08-03 21:04:28,177 [INFO] webcam_perception.pipeline: 정지 판정: stopped=True
2026-08-03 21:04:28,177 [INFO] webcam_perception.pipeline: 이번 정지 구간에서 이미 publish함 -> 스킵
2026-08-03 21:04:28,278 [INFO] webcam_perception: YOLO 추론 성공: detection 2건
2026-08-03 21:04:28,278 [INFO] webcam_perception.pipeline: ROI 필터링: 전체 2건 -> ROI 내 1건
2026-08-03 21:04:28,278 [INFO] webcam_perception.pipeline: best detection 선택: confidence=0.95
2026-08-03 21:04:28,278 [INFO] webcam_perception.pipeline: 정지 판정: stopped=True
2026-08-03 21:04:28,278 [INFO] webcam_perception.pipeline: 이번 정지 구간에서 이미 publish함 -> 스킵
2026-08-03 21:04:28,377 [INFO] webcam_perception: YOLO 추론 성공: detection 2건
2026-08-03 21:04:28,377 [INFO] webcam_perception.pipeline: ROI 필터링: 전체 2건 -> ROI 내 1건
2026-08-03 21:04:28,377 [INFO] webcam_perception.pipeline: best detection 선택: confidence=0.95
2026-08-03 21:04:28,377 [INFO] webcam_perception.pipeline: 정지 판정: stopped=True
2026-08-03 21:04:28,377 [INFO] webcam_perception.pipeline: 이번 정지 구간에서 이미 publish함 -> 스킵
2026-08-03 21:04:28,478 [INFO] webcam_perception: YOLO 추론 성공: detection 2건
2026-08-03 21:04:28,478 [INFO] webcam_perception.pipeline: ROI 필터링: 전체 2건 -> ROI 내 1건
2026-08-03 21:04:28,478 [INFO] webcam_perception.pipeline: best detection 선택: confidence=0.95
2026-08-03 21:04:28,478 [INFO] webcam_perception.pipeline: 정지 판정: stopped=True
2026-08-03 21:04:28,478 [INFO] webcam_perception.pipeline: 이번 정지 구간에서 이미 publish함 -> 스킵
2026-08-03 21:04:28,577 [INFO] webcam_perception: YOLO 추론 성공: detection 2건
2026-08-03 21:04:28,577 [INFO] webcam_perception.pipeline: ROI 필터링: 전체 2건 -> ROI 내 1건
2026-08-03 21:04:28,577 [INFO] webcam_perception.pipeline: best detection 선택: confidence=0.94
2026-08-03 21:04:28,577 [INFO] webcam_perception.pipeline: 정지 판정: stopped=True
2026-08-03 21:04:28,577 [INFO] webcam_perception.pipeline: 이번 정지 구간에서 이미 publish함 -> 스킵
2026-08-03 21:04:28,677 [INFO] webcam_perception: YOLO 추론 성공: detection 2건
2026-08-03 21:04:28,677 [INFO] webcam_perception.pipeline: ROI 필터링: 전체 2건 -> ROI 내 1건
2026-08-03 21:04:28,677 [INFO] webcam_perception.pipeline: best detection 선택: confidence=0.95
2026-08-03 21:04:28,677 [INFO] webcam_perception.pipeline: 정지 판정: stopped=True
2026-08-03 21:04:28,677 [INFO] webcam_perception.pipeline: 이번 정지 구간에서 이미 publish함 -> 스킵
2026-08-03 21:04:28,776 [INFO] webcam_perception: YOLO 추론 성공: detection 2건
2026-08-03 21:04:28,776 [INFO] webcam_perception.pipeline: ROI 필터링: 전체 2건 -> ROI 내 1건
2026-08-03 21:04:28,776 [INFO] webcam_perception.pipeline: best detection 선택: confidence=0.94
2026-08-03 21:04:28,776 [INFO] webcam_perception.pipeline: 정지 판정: stopped=True
2026-08-03 21:04:28,776 [INFO] webcam_perception.pipeline: 이번 정지 구간에서 이미 publish함 -> 스킵
2026-08-03 21:04:28,878 [INFO] webcam_perception: YOLO 추론 성공: detection 2건
2026-08-03 21:04:28,879 [INFO] webcam_perception.pipeline: ROI 필터링: 전체 2건 -> ROI 내 1건
2026-08-03 21:04:28,879 [INFO] webcam_perception.pipeline: best detection 선택: confidence=0.95
2026-08-03 21:04:28,879 [INFO] webcam_perception.pipeline: 정지 판정: stopped=True
2026-08-03 21:04:28,879 [INFO] webcam_perception.pipeline: 이번 정지 구간에서 이미 publish함 -> 스킵
2026-08-03 21:04:28,977 [INFO] webcam_perception: YOLO 추론 성공: detection 2건
2026-08-03 21:04:28,977 [INFO] webcam_perception.pipeline: ROI 필터링: 전체 2건 -> ROI 내 1건
2026-08-03 21:04:28,977 [INFO] webcam_perception.pipeline: best detection 선택: confidence=0.95
2026-08-03 21:04:28,977 [INFO] webcam_perception.pipeline: 정지 판정: stopped=True
2026-08-03 21:04:28,977 [INFO] webcam_perception.pipeline: 이번 정지 구간에서 이미 publish함 -> 스킵
2026-08-03 21:04:29,077 [INFO] webcam_perception: YOLO 추론 성공: detection 2건
2026-08-03 21:04:29,077 [INFO] webcam_perception.pipeline: ROI 필터링: 전체 2건 -> ROI 내 1건
2026-08-03 21:04:29,077 [INFO] webcam_perception.pipeline: best detection 선택: confidence=0.95
2026-08-03 21:04:29,077 [INFO] webcam_perception.pipeline: 정지 판정: stopped=True
2026-08-03 21:04:29,077 [INFO] webcam_perception.pipeline: 이번 정지 구간에서 이미 publish함 -> 스킵
2026-08-03 21:04:29,176 [INFO] webcam_perception: YOLO 추론 성공: detection 2건
2026-08-03 21:04:29,177 [INFO] webcam_perception.pipeline: ROI 필터링: 전체 2건 -> ROI 내 1건
2026-08-03 21:04:29,177 [INFO] webcam_perception.pipeline: best detection 선택: confidence=0.95
2026-08-03 21:04:29,177 [INFO] webcam_perception.pipeline: 정지 판정: stopped=True
2026-08-03 21:04:29,177 [INFO] webcam_perception.pipeline: 이번 정지 구간에서 이미 publish함 -> 스킵
2026-08-03 21:04:29,276 [INFO] webcam_perception: YOLO 추론 성공: detection 2건
2026-08-03 21:04:29,277 [INFO] webcam_perception.pipeline: ROI 필터링: 전체 2건 -> ROI 내 1건
2026-08-03 21:04:29,277 [INFO] webcam_perception.pipeline: best detection 선택: confidence=0.94
2026-08-03 21:04:29,277 [INFO] webcam_perception.pipeline: 정지 판정: stopped=True
2026-08-03 21:04:29,277 [INFO] webcam_perception.pipeline: 이번 정지 구간에서 이미 publish함 -> 스킵
2026-08-03 21:04:29,377 [INFO] webcam_perception: YOLO 추론 성공: detection 2건
2026-08-03 21:04:29,377 [INFO] webcam_perception.pipeline: ROI 필터링: 전체 2건 -> ROI 내 1건
2026-08-03 21:04:29,377 [INFO] webcam_perception.pipeline: best detection 선택: confidence=0.95
2026-08-03 21:04:29,377 [INFO] webcam_perception.pipeline: 정지 판정: stopped=True
2026-08-03 21:04:29,377 [INFO] webcam_perception.pipeline: 이번 정지 구간에서 이미 publish함 -> 스킵
2026-08-03 21:04:29,480 [INFO] webcam_perception: YOLO 추론 성공: detection 2건
2026-08-03 21:04:29,480 [INFO] webcam_perception.pipeline: ROI 필터링: 전체 2건 -> ROI 내 1건
2026-08-03 21:04:29,480 [INFO] webcam_perception.pipeline: best detection 선택: confidence=0.95
2026-08-03 21:04:29,480 [INFO] webcam_perception.pipeline: 정지 판정: stopped=True
2026-08-03 21:04:29,481 [INFO] webcam_perception.pipeline: 이번 정지 구간에서 이미 publish함 -> 스킵
2026-08-03 21:04:29,576 [INFO] webcam_perception: YOLO 추론 성공: detection 2건
2026-08-03 21:04:29,577 [INFO] webcam_perception.pipeline: ROI 필터링: 전체 2건 -> ROI 내 1건
2026-08-03 21:04:29,577 [INFO] webcam_perception.pipeline: best detection 선택: confidence=0.95
2026-08-03 21:04:29,577 [INFO] webcam_perception.pipeline: 정지 판정: stopped=True
2026-08-03 21:04:29,577 [INFO] webcam_perception.pipeline: 이번 정지 구간에서 이미 publish함 -> 스킵
2026-08-03 21:04:29,676 [INFO] webcam_perception: YOLO 추론 성공: detection 2건
2026-08-03 21:04:29,676 [INFO] webcam_perception.pipeline: ROI 필터링: 전체 2건 -> ROI 내 1건
2026-08-03 21:04:29,676 [INFO] webcam_perception.pipeline: best detection 선택: confidence=0.95
2026-08-03 21:04:29,676 [INFO] webcam_perception.pipeline: 정지 판정: stopped=True
2026-08-03 21:04:29,677 [INFO] webcam_perception.pipeline: 이번 정지 구간에서 이미 publish함 -> 스킵
2026-08-03 21:04:29,778 [INFO] webcam_perception: YOLO 추론 성공: detection 2건
2026-08-03 21:04:29,779 [INFO] webcam_perception.pipeline: ROI 필터링: 전체 2건 -> ROI 내 1건
2026-08-03 21:04:29,779 [INFO] webcam_perception.pipeline: best detection 선택: confidence=0.95
2026-08-03 21:04:29,779 [INFO] webcam_perception.pipeline: 정지 판정: stopped=True
2026-08-03 21:04:29,779 [INFO] webcam_perception.pipeline: 이번 정지 구간에서 이미 publish함 -> 스킵
2026-08-03 21:04:29,877 [INFO] webcam_perception: YOLO 추론 성공: detection 2건
2026-08-03 21:04:29,878 [INFO] webcam_perception.pipeline: ROI 필터링: 전체 2건 -> ROI 내 1건
2026-08-03 21:04:29,878 [INFO] webcam_perception.pipeline: best detection 선택: confidence=0.95
2026-08-03 21:04:29,878 [INFO] webcam_perception.pipeline: 정지 판정: stopped=True
2026-08-03 21:04:29,878 [INFO] webcam_perception.pipeline: 이번 정지 구간에서 이미 publish함 -> 스킵
2026-08-03 21:04:29,977 [INFO] webcam_perception: YOLO 추론 성공: detection 2건
2026-08-03 21:04:29,977 [INFO] webcam_perception.pipeline: ROI 필터링: 전체 2건 -> ROI 내 1건
2026-08-03 21:04:29,978 [INFO] webcam_perception.pipeline: best detection 선택: confidence=0.95
2026-08-03 21:04:29,978 [INFO] webcam_perception.pipeline: 정지 판정: stopped=True
2026-08-03 21:04:29,978 [INFO] webcam_perception.pipeline: 이번 정지 구간에서 이미 publish함 -> 스킵
2026-08-03 21:04:30,076 [INFO] webcam_perception: YOLO 추론 성공: detection 2건
2026-08-03 21:04:30,077 [INFO] webcam_perception.pipeline: ROI 필터링: 전체 2건 -> ROI 내 1건
2026-08-03 21:04:30,077 [INFO] webcam_perception.pipeline: best detection 선택: confidence=0.95
2026-08-03 21:04:30,077 [INFO] webcam_perception.pipeline: 정지 판정: stopped=True
2026-08-03 21:04:30,077 [INFO] webcam_perception.pipeline: 이번 정지 구간에서 이미 publish함 -> 스킵
2026-08-03 21:04:30,176 [INFO] webcam_perception: YOLO 추론 성공: detection 2건
2026-08-03 21:04:30,177 [INFO] webcam_perception.pipeline: ROI 필터링: 전체 2건 -> ROI 내 1건
2026-08-03 21:04:30,177 [INFO] webcam_perception.pipeline: best detection 선택: confidence=0.94
2026-08-03 21:04:30,177 [INFO] webcam_perception.pipeline: 정지 판정: stopped=True
2026-08-03 21:04:30,177 [INFO] webcam_perception.pipeline: 이번 정지 구간에서 이미 publish함 -> 스킵
2026-08-03 21:04:30,279 [INFO] webcam_perception: YOLO 추론 성공: detection 2건
2026-08-03 21:04:30,279 [INFO] webcam_perception.pipeline: ROI 필터링: 전체 2건 -> ROI 내 1건
2026-08-03 21:04:30,279 [INFO] webcam_perception.pipeline: best detection 선택: confidence=0.94
2026-08-03 21:04:30,279 [INFO] webcam_perception.pipeline: 정지 판정: stopped=True
2026-08-03 21:04:30,279 [INFO] webcam_perception.pipeline: 이번 정지 구간에서 이미 publish함 -> 스킵
2026-08-03 21:04:30,377 [INFO] webcam_perception: YOLO 추론 성공: detection 2건
2026-08-03 21:04:30,378 [INFO] webcam_perception.pipeline: ROI 필터링: 전체 2건 -> ROI 내 1건
2026-08-03 21:04:30,378 [INFO] webcam_perception.pipeline: best detection 선택: confidence=0.95
2026-08-03 21:04:30,378 [INFO] webcam_perception.pipeline: 정지 판정: stopped=True
2026-08-03 21:04:30,378 [INFO] webcam_perception.pipeline: 이번 정지 구간에서 이미 publish함 -> 스킵
2026-08-03 21:04:30,477 [INFO] webcam_perception: YOLO 추론 성공: detection 2건
2026-08-03 21:04:30,477 [INFO] webcam_perception.pipeline: ROI 필터링: 전체 2건 -> ROI 내 1건
2026-08-03 21:04:30,478 [INFO] webcam_perception.pipeline: best detection 선택: confidence=0.95
2026-08-03 21:04:30,478 [INFO] webcam_perception.pipeline: 정지 판정: stopped=True
2026-08-03 21:04:30,478 [INFO] webcam_perception.pipeline: 이번 정지 구간에서 이미 publish함 -> 스킵
2026-08-03 21:04:30,578 [INFO] webcam_perception: YOLO 추론 성공: detection 2건
2026-08-03 21:04:30,578 [INFO] webcam_perception.pipeline: ROI 필터링: 전체 2건 -> ROI 내 1건
2026-08-03 21:04:30,578 [INFO] webcam_perception.pipeline: best detection 선택: confidence=0.95
2026-08-03 21:04:30,578 [INFO] webcam_perception.pipeline: 정지 판정: stopped=True
2026-08-03 21:04:30,578 [INFO] webcam_perception.pipeline: 이번 정지 구간에서 이미 publish함 -> 스킵
2026-08-03 21:04:30,676 [INFO] webcam_perception: YOLO 추론 성공: detection 2건
2026-08-03 21:04:30,677 [INFO] webcam_perception.pipeline: ROI 필터링: 전체 2건 -> ROI 내 1건
2026-08-03 21:04:30,677 [INFO] webcam_perception.pipeline: best detection 선택: confidence=0.95
2026-08-03 21:04:30,677 [INFO] webcam_perception.pipeline: 정지 판정: stopped=True
2026-08-03 21:04:30,677 [INFO] webcam_perception.pipeline: 이번 정지 구간에서 이미 publish함 -> 스킵
2026-08-03 21:04:30,777 [INFO] webcam_perception: YOLO 추론 성공: detection 2건
2026-08-03 21:04:30,777 [INFO] webcam_perception.pipeline: ROI 필터링: 전체 2건 -> ROI 내 1건
2026-08-03 21:04:30,777 [INFO] webcam_perception.pipeline: best detection 선택: confidence=0.94
2026-08-03 21:04:30,777 [INFO] webcam_perception.pipeline: 정지 판정: stopped=True
2026-08-03 21:04:30,777 [INFO] webcam_perception.pipeline: 이번 정지 구간에서 이미 publish함 -> 스킵
2026-08-03 21:04:30,876 [INFO] webcam_perception: YOLO 추론 성공: detection 2건
2026-08-03 21:04:30,877 [INFO] webcam_perception.pipeline: ROI 필터링: 전체 2건 -> ROI 내 1건
2026-08-03 21:04:30,877 [INFO] webcam_perception.pipeline: best detection 선택: confidence=0.95
2026-08-03 21:04:30,877 [INFO] webcam_perception.pipeline: 정지 판정: stopped=True
2026-08-03 21:04:30,877 [INFO] webcam_perception.pipeline: 이번 정지 구간에서 이미 publish함 -> 스킵
2026-08-03 21:04:30,978 [INFO] webcam_perception: YOLO 추론 성공: detection 2건
2026-08-03 21:04:30,979 [INFO] webcam_perception.pipeline: ROI 필터링: 전체 2건 -> ROI 내 1건
2026-08-03 21:04:30,979 [INFO] webcam_perception.pipeline: best detection 선택: confidence=0.95
2026-08-03 21:04:30,979 [INFO] webcam_perception.pipeline: 정지 판정: stopped=True
2026-08-03 21:04:30,979 [INFO] webcam_perception.pipeline: 이번 정지 구간에서 이미 publish함 -> 스킵
2026-08-03 21:04:31,079 [INFO] webcam_perception: YOLO 추론 성공: detection 2건
2026-08-03 21:04:31,079 [INFO] webcam_perception.pipeline: ROI 필터링: 전체 2건 -> ROI 내 1건
2026-08-03 21:04:31,079 [INFO] webcam_perception.pipeline: best detection 선택: confidence=0.95
2026-08-03 21:04:31,079 [INFO] webcam_perception.pipeline: 정지 판정: stopped=True
2026-08-03 21:04:31,079 [INFO] webcam_perception.pipeline: 이번 정지 구간에서 이미 publish함 -> 스킵
2026-08-03 21:04:31,177 [INFO] webcam_perception: YOLO 추론 성공: detection 2건
2026-08-03 21:04:31,177 [INFO] webcam_perception.pipeline: ROI 필터링: 전체 2건 -> ROI 내 1건
2026-08-03 21:04:31,178 [INFO] webcam_perception.pipeline: best detection 선택: confidence=0.95
2026-08-03 21:04:31,178 [INFO] webcam_perception.pipeline: 정지 판정: stopped=True
2026-08-03 21:04:31,178 [INFO] webcam_perception.pipeline: 이번 정지 구간에서 이미 publish함 -> 스킵
2026-08-03 21:04:31,279 [INFO] webcam_perception: YOLO 추론 성공: detection 2건
2026-08-03 21:04:31,279 [INFO] webcam_perception.pipeline: ROI 필터링: 전체 2건 -> ROI 내 1건
2026-08-03 21:04:31,280 [INFO] webcam_perception.pipeline: best detection 선택: confidence=0.95
2026-08-03 21:04:31,280 [INFO] webcam_perception.pipeline: 정지 판정: stopped=True
2026-08-03 21:04:31,280 [INFO] webcam_perception.pipeline: 이번 정지 구간에서 이미 publish함 -> 스킵
2026-08-03 21:04:31,378 [INFO] webcam_perception: YOLO 추론 성공: detection 2건
2026-08-03 21:04:31,378 [INFO] webcam_perception.pipeline: ROI 필터링: 전체 2건 -> ROI 내 1건
2026-08-03 21:04:31,378 [INFO] webcam_perception.pipeline: best detection 선택: confidence=0.95
2026-08-03 21:04:31,379 [INFO] webcam_perception.pipeline: 정지 판정: stopped=True
2026-08-03 21:04:31,379 [INFO] webcam_perception.pipeline: 이번 정지 구간에서 이미 publish함 -> 스킵
2026-08-03 21:04:31,476 [INFO] webcam_perception: YOLO 추론 성공: detection 2건
2026-08-03 21:04:31,477 [INFO] webcam_perception.pipeline: ROI 필터링: 전체 2건 -> ROI 내 1건
2026-08-03 21:04:31,477 [INFO] webcam_perception.pipeline: best detection 선택: confidence=0.95
2026-08-03 21:04:31,477 [INFO] webcam_perception.pipeline: 정지 판정: stopped=True
2026-08-03 21:04:31,477 [INFO] webcam_perception.pipeline: 이번 정지 구간에서 이미 publish함 -> 스킵
2026-08-03 21:04:31,577 [INFO] webcam_perception: YOLO 추론 성공: detection 2건
2026-08-03 21:04:31,578 [INFO] webcam_perception.pipeline: ROI 필터링: 전체 2건 -> ROI 내 1건
2026-08-03 21:04:31,578 [INFO] webcam_perception.pipeline: best detection 선택: confidence=0.95
2026-08-03 21:04:31,578 [INFO] webcam_perception.pipeline: 정지 판정: stopped=True
2026-08-03 21:04:31,578 [INFO] webcam_perception.pipeline: 이번 정지 구간에서 이미 publish함 -> 스킵
2026-08-03 21:04:31,677 [INFO] webcam_perception: YOLO 추론 성공: detection 2건
2026-08-03 21:04:31,677 [INFO] webcam_perception.pipeline: ROI 필터링: 전체 2건 -> ROI 내 1건
2026-08-03 21:04:31,677 [INFO] webcam_perception.pipeline: best detection 선택: confidence=0.95
2026-08-03 21:04:31,678 [INFO] webcam_perception.pipeline: 정지 판정: stopped=True
2026-08-03 21:04:31,678 [INFO] webcam_perception.pipeline: 이번 정지 구간에서 이미 publish함 -> 스킵
2026-08-03 21:04:31,778 [INFO] webcam_perception: YOLO 추론 성공: detection 2건
2026-08-03 21:04:31,778 [INFO] webcam_perception.pipeline: ROI 필터링: 전체 2건 -> ROI 내 1건
2026-08-03 21:04:31,778 [INFO] webcam_perception.pipeline: best detection 선택: confidence=0.94
2026-08-03 21:04:31,779 [INFO] webcam_perception.pipeline: 정지 판정: stopped=True
2026-08-03 21:04:31,779 [INFO] webcam_perception.pipeline: 이번 정지 구간에서 이미 publish함 -> 스킵
2026-08-03 21:04:31,878 [INFO] webcam_perception: YOLO 추론 성공: detection 2건
2026-08-03 21:04:31,879 [INFO] webcam_perception.pipeline: ROI 필터링: 전체 2건 -> ROI 내 1건
2026-08-03 21:04:31,879 [INFO] webcam_perception.pipeline: best detection 선택: confidence=0.95
2026-08-03 21:04:31,879 [INFO] webcam_perception.pipeline: 정지 판정: stopped=True
2026-08-03 21:04:31,879 [INFO] webcam_perception.pipeline: 이번 정지 구간에서 이미 publish함 -> 스킵
2026-08-03 21:04:31,978 [INFO] webcam_perception: YOLO 추론 성공: detection 2건
2026-08-03 21:04:31,978 [INFO] webcam_perception.pipeline: ROI 필터링: 전체 2건 -> ROI 내 1건
2026-08-03 21:04:31,978 [INFO] webcam_perception.pipeline: best detection 선택: confidence=0.95
2026-08-03 21:04:31,978 [INFO] webcam_perception.pipeline: 정지 판정: stopped=True
2026-08-03 21:04:31,978 [INFO] webcam_perception.pipeline: 이번 정지 구간에서 이미 publish함 -> 스킵
2026-08-03 21:04:32,080 [INFO] webcam_perception: YOLO 추론 성공: detection 2건
2026-08-03 21:04:32,080 [INFO] webcam_perception.pipeline: ROI 필터링: 전체 2건 -> ROI 내 1건
2026-08-03 21:04:32,080 [INFO] webcam_perception.pipeline: best detection 선택: confidence=0.95
2026-08-03 21:04:32,081 [INFO] webcam_perception.pipeline: 정지 판정: stopped=True
2026-08-03 21:04:32,081 [INFO] webcam_perception.pipeline: 이번 정지 구간에서 이미 publish함 -> 스킵
2026-08-03 21:04:32,178 [INFO] webcam_perception: YOLO 추론 성공: detection 2건
2026-08-03 21:04:32,179 [INFO] webcam_perception.pipeline: ROI 필터링: 전체 2건 -> ROI 내 1건
2026-08-03 21:04:32,179 [INFO] webcam_perception.pipeline: best detection 선택: confidence=0.95
2026-08-03 21:04:32,179 [INFO] webcam_perception.pipeline: 정지 판정: stopped=True
2026-08-03 21:04:32,179 [INFO] webcam_perception.pipeline: 이번 정지 구간에서 이미 publish함 -> 스킵
2026-08-03 21:04:32,278 [INFO] webcam_perception: YOLO 추론 성공: detection 2건
2026-08-03 21:04:32,278 [INFO] webcam_perception.pipeline: ROI 필터링: 전체 2건 -> ROI 내 1건
2026-08-03 21:04:32,278 [INFO] webcam_perception.pipeline: best detection 선택: confidence=0.95
2026-08-03 21:04:32,278 [INFO] webcam_perception.pipeline: 정지 판정: stopped=True
2026-08-03 21:04:32,278 [INFO] webcam_perception.pipeline: 이번 정지 구간에서 이미 publish함 -> 스킵
2026-08-03 21:04:32,376 [INFO] webcam_perception: YOLO 추론 성공: detection 2건
2026-08-03 21:04:32,377 [INFO] webcam_perception.pipeline: ROI 필터링: 전체 2건 -> ROI 내 1건
2026-08-03 21:04:32,377 [INFO] webcam_perception.pipeline: best detection 선택: confidence=0.95
2026-08-03 21:04:32,377 [INFO] webcam_perception.pipeline: 정지 판정: stopped=True
2026-08-03 21:04:32,377 [INFO] webcam_perception.pipeline: 이번 정지 구간에서 이미 publish함 -> 스킵
2026-08-03 21:04:32,477 [INFO] webcam_perception: YOLO 추론 성공: detection 2건
2026-08-03 21:04:32,478 [INFO] webcam_perception.pipeline: ROI 필터링: 전체 2건 -> ROI 내 1건
2026-08-03 21:04:32,478 [INFO] webcam_perception.pipeline: best detection 선택: confidence=0.95
2026-08-03 21:04:32,478 [INFO] webcam_perception.pipeline: 정지 판정: stopped=True
2026-08-03 21:04:32,478 [INFO] webcam_perception.pipeline: 이번 정지 구간에서 이미 publish함 -> 스킵
2026-08-03 21:04:32,578 [INFO] webcam_perception: YOLO 추론 성공: detection 2건
2026-08-03 21:04:32,578 [INFO] webcam_perception.pipeline: ROI 필터링: 전체 2건 -> ROI 내 1건
2026-08-03 21:04:32,578 [INFO] webcam_perception.pipeline: best detection 선택: confidence=0.95
2026-08-03 21:04:32,578 [INFO] webcam_perception.pipeline: 정지 판정: stopped=True
2026-08-03 21:04:32,578 [INFO] webcam_perception.pipeline: 이번 정지 구간에서 이미 publish함 -> 스킵
2026-08-03 21:04:32,678 [INFO] webcam_perception: YOLO 추론 성공: detection 2건
2026-08-03 21:04:32,679 [INFO] webcam_perception.pipeline: ROI 필터링: 전체 2건 -> ROI 내 1건
2026-08-03 21:04:32,679 [INFO] webcam_perception.pipeline: best detection 선택: confidence=0.94
2026-08-03 21:04:32,679 [INFO] webcam_perception.pipeline: 정지 판정: stopped=True
2026-08-03 21:04:32,679 [INFO] webcam_perception.pipeline: 이번 정지 구간에서 이미 publish함 -> 스킵
2026-08-03 21:04:32,778 [INFO] webcam_perception: YOLO 추론 성공: detection 2건
2026-08-03 21:04:32,778 [INFO] webcam_perception.pipeline: ROI 필터링: 전체 2건 -> ROI 내 1건
2026-08-03 21:04:32,778 [INFO] webcam_perception.pipeline: best detection 선택: confidence=0.95
2026-08-03 21:04:32,778 [INFO] webcam_perception.pipeline: 정지 판정: stopped=True
2026-08-03 21:04:32,778 [INFO] webcam_perception.pipeline: 이번 정지 구간에서 이미 publish함 -> 스킵
2026-08-03 21:04:32,881 [INFO] webcam_perception: YOLO 추론 성공: detection 2건
2026-08-03 21:04:32,881 [INFO] webcam_perception.pipeline: ROI 필터링: 전체 2건 -> ROI 내 1건
2026-08-03 21:04:32,881 [INFO] webcam_perception.pipeline: best detection 선택: confidence=0.94
2026-08-03 21:04:32,881 [INFO] webcam_perception.pipeline: 정지 판정: stopped=True
2026-08-03 21:04:32,882 [INFO] webcam_perception.pipeline: 이번 정지 구간에서 이미 publish함 -> 스킵
2026-08-03 21:04:32,978 [INFO] webcam_perception: YOLO 추론 성공: detection 2건
2026-08-03 21:04:32,978 [INFO] webcam_perception.pipeline: ROI 필터링: 전체 2건 -> ROI 내 1건
2026-08-03 21:04:32,978 [INFO] webcam_perception.pipeline: best detection 선택: confidence=0.94
2026-08-03 21:04:32,978 [INFO] webcam_perception.pipeline: 정지 판정: stopped=True
2026-08-03 21:04:32,979 [INFO] webcam_perception.pipeline: 이번 정지 구간에서 이미 publish함 -> 스킵
2026-08-03 21:04:33,078 [INFO] webcam_perception: YOLO 추론 성공: detection 2건
2026-08-03 21:04:33,078 [INFO] webcam_perception.pipeline: ROI 필터링: 전체 2건 -> ROI 내 1건
2026-08-03 21:04:33,078 [INFO] webcam_perception.pipeline: best detection 선택: confidence=0.95
2026-08-03 21:04:33,078 [INFO] webcam_perception.pipeline: 정지 판정: stopped=True
2026-08-03 21:04:33,078 [INFO] webcam_perception.pipeline: 이번 정지 구간에서 이미 publish함 -> 스킵
2026-08-03 21:04:33,176 [INFO] webcam_perception: YOLO 추론 성공: detection 3건
2026-08-03 21:04:33,176 [INFO] webcam_perception.pipeline: ROI 필터링: 전체 3건 -> ROI 내 1건
2026-08-03 21:04:33,177 [INFO] webcam_perception.pipeline: best detection 선택: confidence=0.95
2026-08-03 21:04:33,177 [INFO] webcam_perception.pipeline: 정지 판정: stopped=True
2026-08-03 21:04:33,177 [INFO] webcam_perception.pipeline: 이번 정지 구간에서 이미 publish함 -> 스킵
2026-08-03 21:04:33,277 [INFO] webcam_perception: YOLO 추론 성공: detection 2건
2026-08-03 21:04:33,277 [INFO] webcam_perception.pipeline: ROI 필터링: 전체 2건 -> ROI 내 1건
2026-08-03 21:04:33,277 [INFO] webcam_perception.pipeline: best detection 선택: confidence=0.95
2026-08-03 21:04:33,277 [INFO] webcam_perception.pipeline: 정지 판정: stopped=True
2026-08-03 21:04:33,277 [INFO] webcam_perception.pipeline: 이번 정지 구간에서 이미 publish함 -> 스킵
2026-08-03 21:04:33,377 [INFO] webcam_perception: YOLO 추론 성공: detection 3건
2026-08-03 21:04:33,377 [INFO] webcam_perception.pipeline: ROI 필터링: 전체 3건 -> ROI 내 1건
2026-08-03 21:04:33,377 [INFO] webcam_perception.pipeline: best detection 선택: confidence=0.94
2026-08-03 21:04:33,377 [INFO] webcam_perception.pipeline: 정지 판정: stopped=True
2026-08-03 21:04:33,377 [INFO] webcam_perception.pipeline: 이번 정지 구간에서 이미 publish함 -> 스킵
2026-08-03 21:04:33,478 [INFO] webcam_perception: YOLO 추론 성공: detection 2건
2026-08-03 21:04:33,478 [INFO] webcam_perception.pipeline: ROI 필터링: 전체 2건 -> ROI 내 1건
2026-08-03 21:04:33,479 [INFO] webcam_perception.pipeline: best detection 선택: confidence=0.95
2026-08-03 21:04:33,479 [INFO] webcam_perception.pipeline: 정지 판정: stopped=True
2026-08-03 21:04:33,479 [INFO] webcam_perception.pipeline: 이번 정지 구간에서 이미 publish함 -> 스킵
2026-08-03 21:04:33,578 [INFO] webcam_perception: YOLO 추론 성공: detection 2건
2026-08-03 21:04:33,578 [INFO] webcam_perception.pipeline: ROI 필터링: 전체 2건 -> ROI 내 1건
2026-08-03 21:04:33,579 [INFO] webcam_perception.pipeline: best detection 선택: confidence=0.95
2026-08-03 21:04:33,579 [INFO] webcam_perception.pipeline: 정지 판정: stopped=True
2026-08-03 21:04:33,579 [INFO] webcam_perception.pipeline: 이번 정지 구간에서 이미 publish함 -> 스킵
2026-08-03 21:04:33,678 [INFO] webcam_perception: YOLO 추론 성공: detection 2건
2026-08-03 21:04:33,679 [INFO] webcam_perception.pipeline: ROI 필터링: 전체 2건 -> ROI 내 1건
2026-08-03 21:04:33,679 [INFO] webcam_perception.pipeline: best detection 선택: confidence=0.94
2026-08-03 21:04:33,679 [INFO] webcam_perception.pipeline: 정지 판정: stopped=True
2026-08-03 21:04:33,679 [INFO] webcam_perception.pipeline: 이번 정지 구간에서 이미 publish함 -> 스킵
2026-08-03 21:04:33,777 [INFO] webcam_perception: YOLO 추론 성공: detection 2건
2026-08-03 21:04:33,777 [INFO] webcam_perception.pipeline: ROI 필터링: 전체 2건 -> ROI 내 1건
2026-08-03 21:04:33,777 [INFO] webcam_perception.pipeline: best detection 선택: confidence=0.94
2026-08-03 21:04:33,778 [INFO] webcam_perception.pipeline: 정지 판정: stopped=True
2026-08-03 21:04:33,778 [INFO] webcam_perception.pipeline: 이번 정지 구간에서 이미 publish함 -> 스킵
2026-08-03 21:04:33,877 [INFO] webcam_perception: YOLO 추론 성공: detection 2건
2026-08-03 21:04:33,878 [INFO] webcam_perception.pipeline: ROI 필터링: 전체 2건 -> ROI 내 1건
2026-08-03 21:04:33,878 [INFO] webcam_perception.pipeline: best detection 선택: confidence=0.95
2026-08-03 21:04:33,878 [INFO] webcam_perception.pipeline: 정지 판정: stopped=True
2026-08-03 21:04:33,878 [INFO] webcam_perception.pipeline: 이번 정지 구간에서 이미 publish함 -> 스킵
2026-08-03 21:04:33,977 [INFO] webcam_perception: YOLO 추론 성공: detection 2건
2026-08-03 21:04:33,977 [INFO] webcam_perception.pipeline: ROI 필터링: 전체 2건 -> ROI 내 1건
2026-08-03 21:04:33,978 [INFO] webcam_perception.pipeline: best detection 선택: confidence=0.94
2026-08-03 21:04:33,978 [INFO] webcam_perception.pipeline: 정지 판정: stopped=True
2026-08-03 21:04:33,978 [INFO] webcam_perception.pipeline: 이번 정지 구간에서 이미 publish함 -> 스킵
2026-08-03 21:04:34,077 [INFO] webcam_perception: YOLO 추론 성공: detection 2건
2026-08-03 21:04:34,078 [INFO] webcam_perception.pipeline: ROI 필터링: 전체 2건 -> ROI 내 1건
2026-08-03 21:04:34,078 [INFO] webcam_perception.pipeline: best detection 선택: confidence=0.94
2026-08-03 21:04:34,078 [INFO] webcam_perception.pipeline: 정지 판정: stopped=True
2026-08-03 21:04:34,078 [INFO] webcam_perception.pipeline: 이번 정지 구간에서 이미 publish함 -> 스킵
2026-08-03 21:04:34,179 [INFO] webcam_perception: YOLO 추론 성공: detection 2건
2026-08-03 21:04:34,179 [INFO] webcam_perception.pipeline: ROI 필터링: 전체 2건 -> ROI 내 1건
2026-08-03 21:04:34,179 [INFO] webcam_perception.pipeline: best detection 선택: confidence=0.95
2026-08-03 21:04:34,179 [INFO] webcam_perception.pipeline: 정지 판정: stopped=True
2026-08-03 21:04:34,179 [INFO] webcam_perception.pipeline: 이번 정지 구간에서 이미 publish함 -> 스킵
2026-08-03 21:04:34,278 [INFO] webcam_perception: YOLO 추론 성공: detection 2건
2026-08-03 21:04:34,278 [INFO] webcam_perception.pipeline: ROI 필터링: 전체 2건 -> ROI 내 1건
2026-08-03 21:04:34,278 [INFO] webcam_perception.pipeline: best detection 선택: confidence=0.95
2026-08-03 21:04:34,278 [INFO] webcam_perception.pipeline: 정지 판정: stopped=True
2026-08-03 21:04:34,278 [INFO] webcam_perception.pipeline: 이번 정지 구간에서 이미 publish함 -> 스킵
2026-08-03 21:04:34,378 [INFO] webcam_perception: YOLO 추론 성공: detection 2건
2026-08-03 21:04:34,378 [INFO] webcam_perception.pipeline: ROI 필터링: 전체 2건 -> ROI 내 1건
2026-08-03 21:04:34,378 [INFO] webcam_perception.pipeline: best detection 선택: confidence=0.95
2026-08-03 21:04:34,378 [INFO] webcam_perception.pipeline: 정지 판정: stopped=True
2026-08-03 21:04:34,378 [INFO] webcam_perception.pipeline: 이번 정지 구간에서 이미 publish함 -> 스킵
2026-08-03 21:04:34,477 [INFO] webcam_perception: YOLO 추론 성공: detection 2건
2026-08-03 21:04:34,477 [INFO] webcam_perception.pipeline: ROI 필터링: 전체 2건 -> ROI 내 1건
2026-08-03 21:04:34,477 [INFO] webcam_perception.pipeline: best detection 선택: confidence=0.95
2026-08-03 21:04:34,477 [INFO] webcam_perception.pipeline: 정지 판정: stopped=True
2026-08-03 21:04:34,478 [INFO] webcam_perception.pipeline: 이번 정지 구간에서 이미 publish함 -> 스킵
2026-08-03 21:04:34,578 [INFO] webcam_perception: YOLO 추론 성공: detection 2건
2026-08-03 21:04:34,578 [INFO] webcam_perception.pipeline: ROI 필터링: 전체 2건 -> ROI 내 1건
2026-08-03 21:04:34,578 [INFO] webcam_perception.pipeline: best detection 선택: confidence=0.95
2026-08-03 21:04:34,578 [INFO] webcam_perception.pipeline: 정지 판정: stopped=True
2026-08-03 21:04:34,578 [INFO] webcam_perception.pipeline: 이번 정지 구간에서 이미 publish함 -> 스킵
2026-08-03 21:04:34,678 [INFO] webcam_perception: YOLO 추론 성공: detection 2건
2026-08-03 21:04:34,678 [INFO] webcam_perception.pipeline: ROI 필터링: 전체 2건 -> ROI 내 1건
2026-08-03 21:04:34,678 [INFO] webcam_perception.pipeline: best detection 선택: confidence=0.94
2026-08-03 21:04:34,678 [INFO] webcam_perception.pipeline: 정지 판정: stopped=True
2026-08-03 21:04:34,678 [INFO] webcam_perception.pipeline: 이번 정지 구간에서 이미 publish함 -> 스킵
2026-08-03 21:04:34,776 [INFO] webcam_perception: YOLO 추론 성공: detection 2건
2026-08-03 21:04:34,776 [INFO] webcam_perception.pipeline: ROI 필터링: 전체 2건 -> ROI 내 1건
2026-08-03 21:04:34,776 [INFO] webcam_perception.pipeline: best detection 선택: confidence=0.95
2026-08-03 21:04:34,776 [INFO] webcam_perception.pipeline: 정지 판정: stopped=True
2026-08-03 21:04:34,776 [INFO] webcam_perception.pipeline: 이번 정지 구간에서 이미 publish함 -> 스킵
2026-08-03 21:04:34,877 [INFO] webcam_perception: YOLO 추론 성공: detection 2건
2026-08-03 21:04:34,877 [INFO] webcam_perception.pipeline: ROI 필터링: 전체 2건 -> ROI 내 1건
2026-08-03 21:04:34,877 [INFO] webcam_perception.pipeline: best detection 선택: confidence=0.95
2026-08-03 21:04:34,877 [INFO] webcam_perception.pipeline: 정지 판정: stopped=True
2026-08-03 21:04:34,877 [INFO] webcam_perception.pipeline: 이번 정지 구간에서 이미 publish함 -> 스킵
2026-08-03 21:04:34,977 [INFO] webcam_perception: YOLO 추론 성공: detection 2건
2026-08-03 21:04:34,977 [INFO] webcam_perception.pipeline: ROI 필터링: 전체 2건 -> ROI 내 1건
2026-08-03 21:04:34,977 [INFO] webcam_perception.pipeline: best detection 선택: confidence=0.94
2026-08-03 21:04:34,977 [INFO] webcam_perception.pipeline: 정지 판정: stopped=True
2026-08-03 21:04:34,977 [INFO] webcam_perception.pipeline: 이번 정지 구간에서 이미 publish함 -> 스킵
2026-08-03 21:04:35,077 [INFO] webcam_perception: YOLO 추론 성공: detection 2건
2026-08-03 21:04:35,078 [INFO] webcam_perception.pipeline: ROI 필터링: 전체 2건 -> ROI 내 1건
2026-08-03 21:04:35,078 [INFO] webcam_perception.pipeline: best detection 선택: confidence=0.94
2026-08-03 21:04:35,078 [INFO] webcam_perception.pipeline: 정지 판정: stopped=True
2026-08-03 21:04:35,078 [INFO] webcam_perception.pipeline: 이번 정지 구간에서 이미 publish함 -> 스킵
2026-08-03 21:04:35,177 [INFO] webcam_perception: YOLO 추론 성공: detection 2건
2026-08-03 21:04:35,178 [INFO] webcam_perception.pipeline: ROI 필터링: 전체 2건 -> ROI 내 1건
2026-08-03 21:04:35,178 [INFO] webcam_perception.pipeline: best detection 선택: confidence=0.95
2026-08-03 21:04:35,178 [INFO] webcam_perception.pipeline: 정지 판정: stopped=True
2026-08-03 21:04:35,178 [INFO] webcam_perception.pipeline: 이번 정지 구간에서 이미 publish함 -> 스킵
2026-08-03 21:04:35,277 [INFO] webcam_perception: YOLO 추론 성공: detection 2건
2026-08-03 21:04:35,278 [INFO] webcam_perception.pipeline: ROI 필터링: 전체 2건 -> ROI 내 1건
2026-08-03 21:04:35,278 [INFO] webcam_perception.pipeline: best detection 선택: confidence=0.95
2026-08-03 21:04:35,278 [INFO] webcam_perception.pipeline: 정지 판정: stopped=True
2026-08-03 21:04:35,278 [INFO] webcam_perception.pipeline: 이번 정지 구간에서 이미 publish함 -> 스킵
2026-08-03 21:04:35,379 [INFO] webcam_perception: YOLO 추론 성공: detection 2건
2026-08-03 21:04:35,380 [INFO] webcam_perception.pipeline: ROI 필터링: 전체 2건 -> ROI 내 1건
2026-08-03 21:04:35,380 [INFO] webcam_perception.pipeline: best detection 선택: confidence=0.95
2026-08-03 21:04:35,380 [INFO] webcam_perception.pipeline: 정지 판정: stopped=True
2026-08-03 21:04:35,380 [INFO] webcam_perception.pipeline: 이번 정지 구간에서 이미 publish함 -> 스킵
2026-08-03 21:04:35,478 [INFO] webcam_perception: YOLO 추론 성공: detection 2건
2026-08-03 21:04:35,479 [INFO] webcam_perception.pipeline: ROI 필터링: 전체 2건 -> ROI 내 1건
2026-08-03 21:04:35,479 [INFO] webcam_perception.pipeline: best detection 선택: confidence=0.94
2026-08-03 21:04:35,479 [INFO] webcam_perception.pipeline: 정지 판정: stopped=True
2026-08-03 21:04:35,486 [INFO] webcam_perception.pipeline: 이번 정지 구간에서 이미 publish함 -> 스킵
2026-08-03 21:04:35,576 [INFO] webcam_perception: YOLO 추론 성공: detection 2건
2026-08-03 21:04:35,577 [INFO] webcam_perception.pipeline: ROI 필터링: 전체 2건 -> ROI 내 1건
2026-08-03 21:04:35,577 [INFO] webcam_perception.pipeline: best detection 선택: confidence=0.95
2026-08-03 21:04:35,577 [INFO] webcam_perception.pipeline: 정지 판정: stopped=True
2026-08-03 21:04:35,577 [INFO] webcam_perception.pipeline: 이번 정지 구간에서 이미 publish함 -> 스킵
2026-08-03 21:04:35,678 [INFO] webcam_perception: YOLO 추론 성공: detection 2건
2026-08-03 21:04:35,678 [INFO] webcam_perception.pipeline: ROI 필터링: 전체 2건 -> ROI 내 1건
2026-08-03 21:04:35,678 [INFO] webcam_perception.pipeline: best detection 선택: confidence=0.95
2026-08-03 21:04:35,678 [INFO] webcam_perception.pipeline: 정지 판정: stopped=True
2026-08-03 21:04:35,678 [INFO] webcam_perception.pipeline: 이번 정지 구간에서 이미 publish함 -> 스킵
2026-08-03 21:04:35,778 [INFO] webcam_perception: YOLO 추론 성공: detection 2건
2026-08-03 21:04:35,778 [INFO] webcam_perception.pipeline: ROI 필터링: 전체 2건 -> ROI 내 1건
2026-08-03 21:04:35,778 [INFO] webcam_perception.pipeline: best detection 선택: confidence=0.94
2026-08-03 21:04:35,778 [INFO] webcam_perception.pipeline: 정지 판정: stopped=True
2026-08-03 21:04:35,778 [INFO] webcam_perception.pipeline: 이번 정지 구간에서 이미 publish함 -> 스킵
2026-08-03 21:04:35,877 [INFO] webcam_perception: YOLO 추론 성공: detection 2건
2026-08-03 21:04:35,877 [INFO] webcam_perception.pipeline: ROI 필터링: 전체 2건 -> ROI 내 1건
2026-08-03 21:04:35,877 [INFO] webcam_perception.pipeline: best detection 선택: confidence=0.95
2026-08-03 21:04:35,878 [INFO] webcam_perception.pipeline: 정지 판정: stopped=True
2026-08-03 21:04:35,878 [INFO] webcam_perception.pipeline: 이번 정지 구간에서 이미 publish함 -> 스킵
2026-08-03 21:04:35,977 [INFO] webcam_perception: YOLO 추론 성공: detection 2건
2026-08-03 21:04:35,978 [INFO] webcam_perception.pipeline: ROI 필터링: 전체 2건 -> ROI 내 1건
2026-08-03 21:04:35,978 [INFO] webcam_perception.pipeline: best detection 선택: confidence=0.94
2026-08-03 21:04:35,978 [INFO] webcam_perception.pipeline: 정지 판정: stopped=True
2026-08-03 21:04:35,978 [INFO] webcam_perception.pipeline: 이번 정지 구간에서 이미 publish함 -> 스킵
2026-08-03 21:04:36,078 [INFO] webcam_perception: YOLO 추론 성공: detection 2건
2026-08-03 21:04:36,078 [INFO] webcam_perception.pipeline: ROI 필터링: 전체 2건 -> ROI 내 1건
2026-08-03 21:04:36,078 [INFO] webcam_perception.pipeline: best detection 선택: confidence=0.94
2026-08-03 21:04:36,078 [INFO] webcam_perception.pipeline: 정지 판정: stopped=True
2026-08-03 21:04:36,079 [INFO] webcam_perception.pipeline: 이번 정지 구간에서 이미 publish함 -> 스킵
2026-08-03 21:04:36,178 [INFO] webcam_perception: YOLO 추론 성공: detection 2건
2026-08-03 21:04:36,178 [INFO] webcam_perception.pipeline: ROI 필터링: 전체 2건 -> ROI 내 1건
2026-08-03 21:04:36,178 [INFO] webcam_perception.pipeline: best detection 선택: confidence=0.94
2026-08-03 21:04:36,178 [INFO] webcam_perception.pipeline: 정지 판정: stopped=True
2026-08-03 21:04:36,178 [INFO] webcam_perception.pipeline: 이번 정지 구간에서 이미 publish함 -> 스킵
2026-08-03 21:04:36,276 [INFO] webcam_perception: YOLO 추론 성공: detection 2건
2026-08-03 21:04:36,276 [INFO] webcam_perception.pipeline: ROI 필터링: 전체 2건 -> ROI 내 1건
2026-08-03 21:04:36,276 [INFO] webcam_perception.pipeline: best detection 선택: confidence=0.94
2026-08-03 21:04:36,276 [INFO] webcam_perception.pipeline: 정지 판정: stopped=True
2026-08-03 21:04:36,276 [INFO] webcam_perception.pipeline: 이번 정지 구간에서 이미 publish함 -> 스킵
2026-08-03 21:04:36,377 [INFO] webcam_perception: YOLO 추론 성공: detection 2건
2026-08-03 21:04:36,378 [INFO] webcam_perception.pipeline: ROI 필터링: 전체 2건 -> ROI 내 1건
2026-08-03 21:04:36,378 [INFO] webcam_perception.pipeline: best detection 선택: confidence=0.94
2026-08-03 21:04:36,378 [INFO] webcam_perception.pipeline: 정지 판정: stopped=True
2026-08-03 21:04:36,378 [INFO] webcam_perception.pipeline: 이번 정지 구간에서 이미 publish함 -> 스킵
2026-08-03 21:04:36,477 [INFO] webcam_perception: YOLO 추론 성공: detection 2건
2026-08-03 21:04:36,477 [INFO] webcam_perception.pipeline: ROI 필터링: 전체 2건 -> ROI 내 1건
2026-08-03 21:04:36,477 [INFO] webcam_perception.pipeline: best detection 선택: confidence=0.94
2026-08-03 21:04:36,477 [INFO] webcam_perception.pipeline: 정지 판정: stopped=True
2026-08-03 21:04:36,478 [INFO] webcam_perception.pipeline: 이번 정지 구간에서 이미 publish함 -> 스킵
2026-08-03 21:04:36,577 [INFO] webcam_perception: YOLO 추론 성공: detection 2건
2026-08-03 21:04:36,577 [INFO] webcam_perception.pipeline: ROI 필터링: 전체 2건 -> ROI 내 1건
2026-08-03 21:04:36,577 [INFO] webcam_perception.pipeline: best detection 선택: confidence=0.94
2026-08-03 21:04:36,577 [INFO] webcam_perception.pipeline: 정지 판정: stopped=True
2026-08-03 21:04:36,577 [INFO] webcam_perception.pipeline: 이번 정지 구간에서 이미 publish함 -> 스킵
2026-08-03 21:04:36,679 [INFO] webcam_perception: YOLO 추론 성공: detection 2건
2026-08-03 21:04:36,679 [INFO] webcam_perception.pipeline: ROI 필터링: 전체 2건 -> ROI 내 1건
2026-08-03 21:04:36,680 [INFO] webcam_perception.pipeline: best detection 선택: confidence=0.94
2026-08-03 21:04:36,680 [INFO] webcam_perception.pipeline: 정지 판정: stopped=True
2026-08-03 21:04:36,680 [INFO] webcam_perception.pipeline: 이번 정지 구간에서 이미 publish함 -> 스킵
2026-08-03 21:04:36,780 [INFO] webcam_perception: YOLO 추론 성공: detection 2건
2026-08-03 21:04:36,780 [INFO] webcam_perception.pipeline: ROI 필터링: 전체 2건 -> ROI 내 1건
2026-08-03 21:04:36,780 [INFO] webcam_perception.pipeline: best detection 선택: confidence=0.94
2026-08-03 21:04:36,780 [INFO] webcam_perception.pipeline: 정지 판정: stopped=True
2026-08-03 21:04:36,780 [INFO] webcam_perception.pipeline: 이번 정지 구간에서 이미 publish함 -> 스킵
2026-08-03 21:04:36,878 [INFO] webcam_perception: YOLO 추론 성공: detection 2건
2026-08-03 21:04:36,878 [INFO] webcam_perception.pipeline: ROI 필터링: 전체 2건 -> ROI 내 1건
2026-08-03 21:04:36,878 [INFO] webcam_perception.pipeline: best detection 선택: confidence=0.94
2026-08-03 21:04:36,878 [INFO] webcam_perception.pipeline: 정지 판정: stopped=True
2026-08-03 21:04:36,878 [INFO] webcam_perception.pipeline: 이번 정지 구간에서 이미 publish함 -> 스킵
2026-08-03 21:04:36,978 [INFO] webcam_perception: YOLO 추론 성공: detection 2건
2026-08-03 21:04:36,979 [INFO] webcam_perception.pipeline: ROI 필터링: 전체 2건 -> ROI 내 1건
2026-08-03 21:04:36,979 [INFO] webcam_perception.pipeline: best detection 선택: confidence=0.94
2026-08-03 21:04:36,979 [INFO] webcam_perception.pipeline: 정지 판정: stopped=True
2026-08-03 21:04:36,979 [INFO] webcam_perception.pipeline: 이번 정지 구간에서 이미 publish함 -> 스킵
2026-08-03 21:04:37,077 [INFO] webcam_perception: YOLO 추론 성공: detection 2건
2026-08-03 21:04:37,077 [INFO] webcam_perception.pipeline: ROI 필터링: 전체 2건 -> ROI 내 1건
2026-08-03 21:04:37,077 [INFO] webcam_perception.pipeline: best detection 선택: confidence=0.94
2026-08-03 21:04:37,078 [INFO] webcam_perception.pipeline: 정지 판정: stopped=True
2026-08-03 21:04:37,078 [INFO] webcam_perception.pipeline: 이번 정지 구간에서 이미 publish함 -> 스킵
2026-08-03 21:04:37,178 [INFO] webcam_perception: YOLO 추론 성공: detection 2건
2026-08-03 21:04:37,178 [INFO] webcam_perception.pipeline: ROI 필터링: 전체 2건 -> ROI 내 1건
2026-08-03 21:04:37,179 [INFO] webcam_perception.pipeline: best detection 선택: confidence=0.93
2026-08-03 21:04:37,179 [INFO] webcam_perception.pipeline: 정지 판정: stopped=True
2026-08-03 21:04:37,179 [INFO] webcam_perception.pipeline: 이번 정지 구간에서 이미 publish함 -> 스킵
2026-08-03 21:04:37,277 [INFO] webcam_perception: YOLO 추론 성공: detection 2건
2026-08-03 21:04:37,277 [INFO] webcam_perception.pipeline: ROI 필터링: 전체 2건 -> ROI 내 1건
2026-08-03 21:04:37,277 [INFO] webcam_perception.pipeline: best detection 선택: confidence=0.94
2026-08-03 21:04:37,277 [INFO] webcam_perception.pipeline: 정지 판정: stopped=True
2026-08-03 21:04:37,277 [INFO] webcam_perception.pipeline: 이번 정지 구간에서 이미 publish함 -> 스킵
2026-08-03 21:04:37,377 [INFO] webcam_perception: YOLO 추론 성공: detection 2건
2026-08-03 21:04:37,377 [INFO] webcam_perception.pipeline: ROI 필터링: 전체 2건 -> ROI 내 1건
2026-08-03 21:04:37,377 [INFO] webcam_perception.pipeline: best detection 선택: confidence=0.93
2026-08-03 21:04:37,378 [INFO] webcam_perception.pipeline: 정지 판정: stopped=True
2026-08-03 21:04:37,378 [INFO] webcam_perception.pipeline: 이번 정지 구간에서 이미 publish함 -> 스킵
2026-08-03 21:04:37,480 [INFO] webcam_perception: YOLO 추론 성공: detection 2건
2026-08-03 21:04:37,480 [INFO] webcam_perception.pipeline: ROI 필터링: 전체 2건 -> ROI 내 1건
2026-08-03 21:04:37,480 [INFO] webcam_perception.pipeline: best detection 선택: confidence=0.93
2026-08-03 21:04:37,480 [INFO] webcam_perception.pipeline: 정지 판정: stopped=True
2026-08-03 21:04:37,481 [INFO] webcam_perception.pipeline: 이번 정지 구간에서 이미 publish함 -> 스킵
2026-08-03 21:04:37,577 [INFO] webcam_perception: YOLO 추론 성공: detection 2건
2026-08-03 21:04:37,577 [INFO] webcam_perception.pipeline: ROI 필터링: 전체 2건 -> ROI 내 1건
2026-08-03 21:04:37,578 [INFO] webcam_perception.pipeline: best detection 선택: confidence=0.93
2026-08-03 21:04:37,578 [INFO] webcam_perception.pipeline: 정지 판정: stopped=True
2026-08-03 21:04:37,578 [INFO] webcam_perception.pipeline: 이번 정지 구간에서 이미 publish함 -> 스킵
2026-08-03 21:04:37,679 [INFO] webcam_perception: YOLO 추론 성공: detection 2건
2026-08-03 21:04:37,680 [INFO] webcam_perception.pipeline: ROI 필터링: 전체 2건 -> ROI 내 1건
2026-08-03 21:04:37,680 [INFO] webcam_perception.pipeline: best detection 선택: confidence=0.95
2026-08-03 21:04:37,680 [INFO] webcam_perception.pipeline: 정지 판정: stopped=True
2026-08-03 21:04:37,680 [INFO] webcam_perception.pipeline: 이번 정지 구간에서 이미 publish함 -> 스킵
2026-08-03 21:04:37,778 [INFO] webcam_perception: YOLO 추론 성공: detection 2건
2026-08-03 21:04:37,778 [INFO] webcam_perception.pipeline: ROI 필터링: 전체 2건 -> ROI 내 1건
2026-08-03 21:04:37,778 [INFO] webcam_perception.pipeline: best detection 선택: confidence=0.95
2026-08-03 21:04:37,778 [INFO] webcam_perception.pipeline: 정지 판정: stopped=True
2026-08-03 21:04:37,778 [INFO] webcam_perception.pipeline: 이번 정지 구간에서 이미 publish함 -> 스킵
2026-08-03 21:04:37,876 [INFO] webcam_perception: YOLO 추론 성공: detection 2건
2026-08-03 21:04:37,876 [INFO] webcam_perception.pipeline: ROI 필터링: 전체 2건 -> ROI 내 1건
2026-08-03 21:04:37,876 [INFO] webcam_perception.pipeline: best detection 선택: confidence=0.95
2026-08-03 21:04:37,876 [INFO] webcam_perception.pipeline: 정지 판정: stopped=True
2026-08-03 21:04:37,876 [INFO] webcam_perception.pipeline: 이번 정지 구간에서 이미 publish함 -> 스킵
2026-08-03 21:04:37,977 [INFO] webcam_perception: YOLO 추론 성공: detection 3건
2026-08-03 21:04:37,977 [INFO] webcam_perception.pipeline: ROI 필터링: 전체 3건 -> ROI 내 2건
2026-08-03 21:04:37,978 [INFO] webcam_perception.pipeline: best detection 선택: confidence=0.94
2026-08-03 21:04:37,978 [INFO] webcam_perception.pipeline: 정지 판정: stopped=True
2026-08-03 21:04:37,978 [INFO] webcam_perception.pipeline: 이번 정지 구간에서 이미 publish함 -> 스킵
2026-08-03 21:04:38,076 [INFO] webcam_perception: YOLO 추론 성공: detection 2건
2026-08-03 21:04:38,076 [INFO] webcam_perception.pipeline: ROI 필터링: 전체 2건 -> ROI 내 1건
2026-08-03 21:04:38,077 [INFO] webcam_perception.pipeline: best detection 선택: confidence=0.95
2026-08-03 21:04:38,077 [INFO] webcam_perception.pipeline: 정지 판정: stopped=True
2026-08-03 21:04:38,077 [INFO] webcam_perception.pipeline: 이번 정지 구간에서 이미 publish함 -> 스킵
2026-08-03 21:04:38,177 [INFO] webcam_perception: YOLO 추론 성공: detection 3건
2026-08-03 21:04:38,177 [INFO] webcam_perception.pipeline: ROI 필터링: 전체 3건 -> ROI 내 1건
2026-08-03 21:04:38,178 [INFO] webcam_perception.pipeline: best detection 선택: confidence=0.95
2026-08-03 21:04:38,178 [INFO] webcam_perception.pipeline: 정지 판정: stopped=True
2026-08-03 21:04:38,178 [INFO] webcam_perception.pipeline: 이번 정지 구간에서 이미 publish함 -> 스킵
2026-08-03 21:04:38,278 [INFO] webcam_perception: YOLO 추론 성공: detection 2건
2026-08-03 21:04:38,278 [INFO] webcam_perception.pipeline: ROI 필터링: 전체 2건 -> ROI 내 1건
2026-08-03 21:04:38,278 [INFO] webcam_perception.pipeline: best detection 선택: confidence=0.94
2026-08-03 21:04:38,278 [INFO] webcam_perception.pipeline: 정지 판정: stopped=True
2026-08-03 21:04:38,278 [INFO] webcam_perception.pipeline: 이번 정지 구간에서 이미 publish함 -> 스킵
2026-08-03 21:04:38,378 [INFO] webcam_perception: YOLO 추론 성공: detection 3건
2026-08-03 21:04:38,378 [INFO] webcam_perception.pipeline: ROI 필터링: 전체 3건 -> ROI 내 1건
2026-08-03 21:04:38,378 [INFO] webcam_perception.pipeline: best detection 선택: confidence=0.95
2026-08-03 21:04:38,378 [INFO] webcam_perception.pipeline: 정지 판정: stopped=True
2026-08-03 21:04:38,379 [INFO] webcam_perception.pipeline: 이번 정지 구간에서 이미 publish함 -> 스킵
2026-08-03 21:04:38,478 [INFO] webcam_perception: YOLO 추론 성공: detection 2건
2026-08-03 21:04:38,479 [INFO] webcam_perception.pipeline: ROI 필터링: 전체 2건 -> ROI 내 1건
2026-08-03 21:04:38,479 [INFO] webcam_perception.pipeline: best detection 선택: confidence=0.96
2026-08-03 21:04:38,479 [INFO] webcam_perception.pipeline: 정지 판정: stopped=True
2026-08-03 21:04:38,479 [INFO] webcam_perception.pipeline: 이번 정지 구간에서 이미 publish함 -> 스킵
2026-08-03 21:04:38,577 [INFO] webcam_perception: YOLO 추론 성공: detection 2건
2026-08-03 21:04:38,578 [INFO] webcam_perception.pipeline: ROI 필터링: 전체 2건 -> ROI 내 1건
2026-08-03 21:04:38,578 [INFO] webcam_perception.pipeline: best detection 선택: confidence=0.95
2026-08-03 21:04:38,578 [INFO] webcam_perception.pipeline: 정지 판정: stopped=True
2026-08-03 21:04:38,578 [INFO] webcam_perception.pipeline: 이번 정지 구간에서 이미 publish함 -> 스킵
2026-08-03 21:04:38,676 [INFO] webcam_perception: YOLO 추론 성공: detection 3건
2026-08-03 21:04:38,677 [INFO] webcam_perception.pipeline: ROI 필터링: 전체 3건 -> ROI 내 1건
2026-08-03 21:04:38,677 [INFO] webcam_perception.pipeline: best detection 선택: confidence=0.95
2026-08-03 21:04:38,677 [INFO] webcam_perception.pipeline: 정지 판정: stopped=True
2026-08-03 21:04:38,677 [INFO] webcam_perception.pipeline: 이번 정지 구간에서 이미 publish함 -> 스킵
2026-08-03 21:04:38,779 [INFO] webcam_perception: YOLO 추론 성공: detection 3건
2026-08-03 21:04:38,779 [INFO] webcam_perception.pipeline: ROI 필터링: 전체 3건 -> ROI 내 1건
2026-08-03 21:04:38,779 [INFO] webcam_perception.pipeline: best detection 선택: confidence=0.95
2026-08-03 21:04:38,779 [INFO] webcam_perception.pipeline: 정지 판정: stopped=True
2026-08-03 21:04:38,779 [INFO] webcam_perception.pipeline: 이번 정지 구간에서 이미 publish함 -> 스킵
2026-08-03 21:04:38,878 [INFO] webcam_perception: YOLO 추론 성공: detection 2건
2026-08-03 21:04:38,878 [INFO] webcam_perception.pipeline: ROI 필터링: 전체 2건 -> ROI 내 1건
2026-08-03 21:04:38,878 [INFO] webcam_perception.pipeline: best detection 선택: confidence=0.94
2026-08-03 21:04:38,878 [INFO] webcam_perception.pipeline: 정지 판정: stopped=True
2026-08-03 21:04:38,878 [INFO] webcam_perception.pipeline: 이번 정지 구간에서 이미 publish함 -> 스킵
2026-08-03 21:04:38,978 [INFO] webcam_perception: YOLO 추론 성공: detection 2건
2026-08-03 21:04:38,978 [INFO] webcam_perception.pipeline: ROI 필터링: 전체 2건 -> ROI 내 1건
2026-08-03 21:04:38,978 [INFO] webcam_perception.pipeline: best detection 선택: confidence=0.95
2026-08-03 21:04:38,979 [INFO] webcam_perception.pipeline: 정지 판정: stopped=True
2026-08-03 21:04:38,979 [INFO] webcam_perception.pipeline: 이번 정지 구간에서 이미 publish함 -> 스킵
2026-08-03 21:04:39,078 [INFO] webcam_perception: YOLO 추론 성공: detection 2건
2026-08-03 21:04:39,078 [INFO] webcam_perception.pipeline: ROI 필터링: 전체 2건 -> ROI 내 1건
2026-08-03 21:04:39,078 [INFO] webcam_perception.pipeline: best detection 선택: confidence=0.95
2026-08-03 21:04:39,078 [INFO] webcam_perception.pipeline: 정지 판정: stopped=True
2026-08-03 21:04:39,078 [INFO] webcam_perception.pipeline: 이번 정지 구간에서 이미 publish함 -> 스킵
2026-08-03 21:04:39,177 [INFO] webcam_perception: YOLO 추론 성공: detection 2건
2026-08-03 21:04:39,177 [INFO] webcam_perception.pipeline: ROI 필터링: 전체 2건 -> ROI 내 1건
2026-08-03 21:04:39,178 [INFO] webcam_perception.pipeline: best detection 선택: confidence=0.95
2026-08-03 21:04:39,178 [INFO] webcam_perception.pipeline: 정지 판정: stopped=True
2026-08-03 21:04:39,178 [INFO] webcam_perception.pipeline: 이번 정지 구간에서 이미 publish함 -> 스킵
2026-08-03 21:04:39,279 [INFO] webcam_perception: YOLO 추론 성공: detection 2건
2026-08-03 21:04:39,280 [INFO] webcam_perception.pipeline: ROI 필터링: 전체 2건 -> ROI 내 1건
2026-08-03 21:04:39,280 [INFO] webcam_perception.pipeline: best detection 선택: confidence=0.95
2026-08-03 21:04:39,280 [INFO] webcam_perception.pipeline: 정지 판정: stopped=True
2026-08-03 21:04:39,280 [INFO] webcam_perception.pipeline: 이번 정지 구간에서 이미 publish함 -> 스킵
2026-08-03 21:04:39,376 [INFO] webcam_perception: YOLO 추론 성공: detection 2건
2026-08-03 21:04:39,376 [INFO] webcam_perception.pipeline: ROI 필터링: 전체 2건 -> ROI 내 1건
2026-08-03 21:04:39,376 [INFO] webcam_perception.pipeline: best detection 선택: confidence=0.95
2026-08-03 21:04:39,376 [INFO] webcam_perception.pipeline: 정지 판정: stopped=True
2026-08-03 21:04:39,376 [INFO] webcam_perception.pipeline: 이번 정지 구간에서 이미 publish함 -> 스킵
2026-08-03 21:04:39,477 [INFO] webcam_perception: YOLO 추론 성공: detection 2건
2026-08-03 21:04:39,477 [INFO] webcam_perception.pipeline: ROI 필터링: 전체 2건 -> ROI 내 1건
2026-08-03 21:04:39,478 [INFO] webcam_perception.pipeline: best detection 선택: confidence=0.95
2026-08-03 21:04:39,478 [INFO] webcam_perception.pipeline: 정지 판정: stopped=True
2026-08-03 21:04:39,478 [INFO] webcam_perception.pipeline: 이번 정지 구간에서 이미 publish함 -> 스킵
2026-08-03 21:04:39,576 [INFO] webcam_perception: YOLO 추론 성공: detection 2건
2026-08-03 21:04:39,576 [INFO] webcam_perception.pipeline: ROI 필터링: 전체 2건 -> ROI 내 1건
2026-08-03 21:04:39,576 [INFO] webcam_perception.pipeline: best detection 선택: confidence=0.95
2026-08-03 21:04:39,576 [INFO] webcam_perception.pipeline: 정지 판정: stopped=True
2026-08-03 21:04:39,576 [INFO] webcam_perception.pipeline: 이번 정지 구간에서 이미 publish함 -> 스킵
2026-08-03 21:04:39,678 [INFO] webcam_perception: YOLO 추론 성공: detection 2건
2026-08-03 21:04:39,679 [INFO] webcam_perception.pipeline: ROI 필터링: 전체 2건 -> ROI 내 1건
2026-08-03 21:04:39,679 [INFO] webcam_perception.pipeline: best detection 선택: confidence=0.94
2026-08-03 21:04:39,679 [INFO] webcam_perception.pipeline: 정지 판정: stopped=True
2026-08-03 21:04:39,679 [INFO] webcam_perception.pipeline: 이번 정지 구간에서 이미 publish함 -> 스킵
2026-08-03 21:04:39,776 [INFO] webcam_perception: YOLO 추론 성공: detection 2건
2026-08-03 21:04:39,776 [INFO] webcam_perception.pipeline: ROI 필터링: 전체 2건 -> ROI 내 1건
2026-08-03 21:04:39,777 [INFO] webcam_perception.pipeline: best detection 선택: confidence=0.94
2026-08-03 21:04:39,777 [INFO] webcam_perception.pipeline: 정지 판정: stopped=True
2026-08-03 21:04:39,777 [INFO] webcam_perception.pipeline: 이번 정지 구간에서 이미 publish함 -> 스킵
2026-08-03 21:04:39,878 [INFO] webcam_perception: YOLO 추론 성공: detection 2건
2026-08-03 21:04:39,878 [INFO] webcam_perception.pipeline: ROI 필터링: 전체 2건 -> ROI 내 1건
2026-08-03 21:04:39,878 [INFO] webcam_perception.pipeline: best detection 선택: confidence=0.95
2026-08-03 21:04:39,878 [INFO] webcam_perception.pipeline: 정지 판정: stopped=True
2026-08-03 21:04:39,878 [INFO] webcam_perception.pipeline: 이번 정지 구간에서 이미 publish함 -> 스킵
2026-08-03 21:04:39,977 [INFO] webcam_perception: YOLO 추론 성공: detection 2건
2026-08-03 21:04:39,977 [INFO] webcam_perception.pipeline: ROI 필터링: 전체 2건 -> ROI 내 1건
2026-08-03 21:04:39,977 [INFO] webcam_perception.pipeline: best detection 선택: confidence=0.94
2026-08-03 21:04:39,977 [INFO] webcam_perception.pipeline: 정지 판정: stopped=True
2026-08-03 21:04:39,977 [INFO] webcam_perception.pipeline: 이번 정지 구간에서 이미 publish함 -> 스킵
2026-08-03 21:04:40,079 [INFO] webcam_perception: YOLO 추론 성공: detection 2건
2026-08-03 21:04:40,079 [INFO] webcam_perception.pipeline: ROI 필터링: 전체 2건 -> ROI 내 1건
2026-08-03 21:04:40,079 [INFO] webcam_perception.pipeline: best detection 선택: confidence=0.95
2026-08-03 21:04:40,079 [INFO] webcam_perception.pipeline: 정지 판정: stopped=True
2026-08-03 21:04:40,079 [INFO] webcam_perception.pipeline: 이번 정지 구간에서 이미 publish함 -> 스킵
2026-08-03 21:04:40,178 [INFO] webcam_perception: YOLO 추론 성공: detection 3건
2026-08-03 21:04:40,178 [INFO] webcam_perception.pipeline: ROI 필터링: 전체 3건 -> ROI 내 1건
2026-08-03 21:04:40,179 [INFO] webcam_perception.pipeline: best detection 선택: confidence=0.95
2026-08-03 21:04:40,179 [INFO] webcam_perception.pipeline: 정지 판정: stopped=True
2026-08-03 21:04:40,179 [INFO] webcam_perception.pipeline: 이번 정지 구간에서 이미 publish함 -> 스킵
2026-08-03 21:04:40,277 [INFO] webcam_perception: YOLO 추론 성공: detection 2건
2026-08-03 21:04:40,277 [INFO] webcam_perception.pipeline: ROI 필터링: 전체 2건 -> ROI 내 1건
2026-08-03 21:04:40,277 [INFO] webcam_perception.pipeline: best detection 선택: confidence=0.94
2026-08-03 21:04:40,277 [INFO] webcam_perception.pipeline: 정지 판정: stopped=True
2026-08-03 21:04:40,277 [INFO] webcam_perception.pipeline: 이번 정지 구간에서 이미 publish함 -> 스킵
2026-08-03 21:04:40,376 [INFO] webcam_perception: YOLO 추론 성공: detection 2건
2026-08-03 21:04:40,376 [INFO] webcam_perception.pipeline: ROI 필터링: 전체 2건 -> ROI 내 1건
2026-08-03 21:04:40,376 [INFO] webcam_perception.pipeline: best detection 선택: confidence=0.96
2026-08-03 21:04:40,377 [INFO] webcam_perception.pipeline: 정지 판정: stopped=True
2026-08-03 21:04:40,377 [INFO] webcam_perception.pipeline: 이번 정지 구간에서 이미 publish함 -> 스킵
2026-08-03 21:04:40,478 [INFO] webcam_perception: YOLO 추론 성공: detection 2건
2026-08-03 21:04:40,479 [INFO] webcam_perception.pipeline: ROI 필터링: 전체 2건 -> ROI 내 1건
2026-08-03 21:04:40,479 [INFO] webcam_perception.pipeline: best detection 선택: confidence=0.95
2026-08-03 21:04:40,479 [INFO] webcam_perception.pipeline: 정지 판정: stopped=True
2026-08-03 21:04:40,479 [INFO] webcam_perception.pipeline: 이번 정지 구간에서 이미 publish함 -> 스킵
2026-08-03 21:04:40,576 [INFO] webcam_perception: YOLO 추론 성공: detection 2건
2026-08-03 21:04:40,576 [INFO] webcam_perception.pipeline: ROI 필터링: 전체 2건 -> ROI 내 1건
2026-08-03 21:04:40,576 [INFO] webcam_perception.pipeline: best detection 선택: confidence=0.95
2026-08-03 21:04:40,577 [INFO] webcam_perception.pipeline: 정지 판정: stopped=True
2026-08-03 21:04:40,577 [INFO] webcam_perception.pipeline: 이번 정지 구간에서 이미 publish함 -> 스킵
2026-08-03 21:04:40,677 [INFO] webcam_perception: YOLO 추론 성공: detection 2건
2026-08-03 21:04:40,677 [INFO] webcam_perception.pipeline: ROI 필터링: 전체 2건 -> ROI 내 1건
2026-08-03 21:04:40,677 [INFO] webcam_perception.pipeline: best detection 선택: confidence=0.95
2026-08-03 21:04:40,677 [INFO] webcam_perception.pipeline: 정지 판정: stopped=True
2026-08-03 21:04:40,677 [INFO] webcam_perception.pipeline: 이번 정지 구간에서 이미 publish함 -> 스킵
2026-08-03 21:04:40,779 [INFO] webcam_perception: YOLO 추론 성공: detection 3건
2026-08-03 21:04:40,779 [INFO] webcam_perception.pipeline: ROI 필터링: 전체 3건 -> ROI 내 1건
2026-08-03 21:04:40,779 [INFO] webcam_perception.pipeline: best detection 선택: confidence=0.95
2026-08-03 21:04:40,779 [INFO] webcam_perception.pipeline: 정지 판정: stopped=True
2026-08-03 21:04:40,780 [INFO] webcam_perception.pipeline: 이번 정지 구간에서 이미 publish함 -> 스킵
2026-08-03 21:04:40,879 [INFO] webcam_perception: YOLO 추론 성공: detection 2건
2026-08-03 21:04:40,880 [INFO] webcam_perception.pipeline: ROI 필터링: 전체 2건 -> ROI 내 1건
2026-08-03 21:04:40,880 [INFO] webcam_perception.pipeline: best detection 선택: confidence=0.95
2026-08-03 21:04:40,880 [INFO] webcam_perception.pipeline: 정지 판정: stopped=True
2026-08-03 21:04:40,880 [INFO] webcam_perception.pipeline: 이번 정지 구간에서 이미 publish함 -> 스킵
2026-08-03 21:04:40,977 [INFO] webcam_perception: YOLO 추론 성공: detection 2건
2026-08-03 21:04:40,977 [INFO] webcam_perception.pipeline: ROI 필터링: 전체 2건 -> ROI 내 1건
2026-08-03 21:04:40,978 [INFO] webcam_perception.pipeline: best detection 선택: confidence=0.94
2026-08-03 21:04:40,978 [INFO] webcam_perception.pipeline: 정지 판정: stopped=True
2026-08-03 21:04:40,978 [INFO] webcam_perception.pipeline: 이번 정지 구간에서 이미 publish함 -> 스킵
2026-08-03 21:04:41,076 [INFO] webcam_perception: YOLO 추론 성공: detection 2건
2026-08-03 21:04:41,077 [INFO] webcam_perception.pipeline: ROI 필터링: 전체 2건 -> ROI 내 1건
2026-08-03 21:04:41,077 [INFO] webcam_perception.pipeline: best detection 선택: confidence=0.95
2026-08-03 21:04:41,077 [INFO] webcam_perception.pipeline: 정지 판정: stopped=True
2026-08-03 21:04:41,077 [INFO] webcam_perception.pipeline: 이번 정지 구간에서 이미 publish함 -> 스킵
2026-08-03 21:04:41,178 [INFO] webcam_perception: YOLO 추론 성공: detection 2건
2026-08-03 21:04:41,178 [INFO] webcam_perception.pipeline: ROI 필터링: 전체 2건 -> ROI 내 1건
2026-08-03 21:04:41,178 [INFO] webcam_perception.pipeline: best detection 선택: confidence=0.94
2026-08-03 21:04:41,178 [INFO] webcam_perception.pipeline: 정지 판정: stopped=True
2026-08-03 21:04:41,178 [INFO] webcam_perception.pipeline: 이번 정지 구간에서 이미 publish함 -> 스킵
2026-08-03 21:04:41,276 [INFO] webcam_perception: YOLO 추론 성공: detection 2건
2026-08-03 21:04:41,276 [INFO] webcam_perception.pipeline: ROI 필터링: 전체 2건 -> ROI 내 1건
2026-08-03 21:04:41,276 [INFO] webcam_perception.pipeline: best detection 선택: confidence=0.95
2026-08-03 21:04:41,276 [INFO] webcam_perception.pipeline: 정지 판정: stopped=True
2026-08-03 21:04:41,276 [INFO] webcam_perception.pipeline: 이번 정지 구간에서 이미 publish함 -> 스킵
2026-08-03 21:04:41,376 [INFO] webcam_perception: YOLO 추론 성공: detection 2건
2026-08-03 21:04:41,377 [INFO] webcam_perception.pipeline: ROI 필터링: 전체 2건 -> ROI 내 1건
2026-08-03 21:04:41,377 [INFO] webcam_perception.pipeline: best detection 선택: confidence=0.95
2026-08-03 21:04:41,377 [INFO] webcam_perception.pipeline: 정지 판정: stopped=True
2026-08-03 21:04:41,377 [INFO] webcam_perception.pipeline: 이번 정지 구간에서 이미 publish함 -> 스킵
2026-08-03 21:04:41,477 [INFO] webcam_perception: YOLO 추론 성공: detection 2건
2026-08-03 21:04:41,477 [INFO] webcam_perception.pipeline: ROI 필터링: 전체 2건 -> ROI 내 1건
2026-08-03 21:04:41,477 [INFO] webcam_perception.pipeline: best detection 선택: confidence=0.95
2026-08-03 21:04:41,477 [INFO] webcam_perception.pipeline: 정지 판정: stopped=True
2026-08-03 21:04:41,477 [INFO] webcam_perception.pipeline: 이번 정지 구간에서 이미 publish함 -> 스킵
2026-08-03 21:04:41,578 [INFO] webcam_perception: YOLO 추론 성공: detection 2건
2026-08-03 21:04:41,578 [INFO] webcam_perception.pipeline: ROI 필터링: 전체 2건 -> ROI 내 1건
2026-08-03 21:04:41,578 [INFO] webcam_perception.pipeline: best detection 선택: confidence=0.94
2026-08-03 21:04:41,578 [INFO] webcam_perception.pipeline: 정지 판정: stopped=True
2026-08-03 21:04:41,578 [INFO] webcam_perception.pipeline: 이번 정지 구간에서 이미 publish함 -> 스킵
2026-08-03 21:04:41,677 [INFO] webcam_perception: YOLO 추론 성공: detection 2건
2026-08-03 21:04:41,677 [INFO] webcam_perception.pipeline: ROI 필터링: 전체 2건 -> ROI 내 1건
2026-08-03 21:04:41,677 [INFO] webcam_perception.pipeline: best detection 선택: confidence=0.94
2026-08-03 21:04:41,677 [INFO] webcam_perception.pipeline: 정지 판정: stopped=True
2026-08-03 21:04:41,677 [INFO] webcam_perception.pipeline: 이번 정지 구간에서 이미 publish함 -> 스킵
2026-08-03 21:04:41,778 [INFO] webcam_perception: YOLO 추론 성공: detection 2건
2026-08-03 21:04:41,778 [INFO] webcam_perception.pipeline: ROI 필터링: 전체 2건 -> ROI 내 1건
2026-08-03 21:04:41,778 [INFO] webcam_perception.pipeline: best detection 선택: confidence=0.94
2026-08-03 21:04:41,778 [INFO] webcam_perception.pipeline: 정지 판정: stopped=True
2026-08-03 21:04:41,778 [INFO] webcam_perception.pipeline: 이번 정지 구간에서 이미 publish함 -> 스킵
2026-08-03 21:04:41,880 [INFO] webcam_perception: YOLO 추론 성공: detection 2건
2026-08-03 21:04:41,880 [INFO] webcam_perception.pipeline: ROI 필터링: 전체 2건 -> ROI 내 1건
2026-08-03 21:04:41,880 [INFO] webcam_perception.pipeline: best detection 선택: confidence=0.95
2026-08-03 21:04:41,880 [INFO] webcam_perception.pipeline: 정지 판정: stopped=True
2026-08-03 21:04:41,880 [INFO] webcam_perception.pipeline: 이번 정지 구간에서 이미 publish함 -> 스킵
2026-08-03 21:04:41,978 [INFO] webcam_perception: YOLO 추론 성공: detection 2건
2026-08-03 21:04:41,978 [INFO] webcam_perception.pipeline: ROI 필터링: 전체 2건 -> ROI 내 1건
2026-08-03 21:04:41,978 [INFO] webcam_perception.pipeline: best detection 선택: confidence=0.96
2026-08-03 21:04:41,978 [INFO] webcam_perception.pipeline: 정지 판정: stopped=True
2026-08-03 21:04:41,978 [INFO] webcam_perception.pipeline: 이번 정지 구간에서 이미 publish함 -> 스킵
2026-08-03 21:04:42,076 [INFO] webcam_perception: YOLO 추론 성공: detection 3건
2026-08-03 21:04:42,077 [INFO] webcam_perception.pipeline: ROI 필터링: 전체 3건 -> ROI 내 1건
2026-08-03 21:04:42,077 [INFO] webcam_perception.pipeline: best detection 선택: confidence=0.95
2026-08-03 21:04:42,077 [INFO] webcam_perception.pipeline: 정지 판정: stopped=True
2026-08-03 21:04:42,077 [INFO] webcam_perception.pipeline: 이번 정지 구간에서 이미 publish함 -> 스킵
2026-08-03 21:04:42,178 [INFO] webcam_perception: YOLO 추론 성공: detection 2건
2026-08-03 21:04:42,178 [INFO] webcam_perception.pipeline: ROI 필터링: 전체 2건 -> ROI 내 1건
2026-08-03 21:04:42,178 [INFO] webcam_perception.pipeline: best detection 선택: confidence=0.94
2026-08-03 21:04:42,178 [INFO] webcam_perception.pipeline: 정지 판정: stopped=True
2026-08-03 21:04:42,178 [INFO] webcam_perception.pipeline: 이번 정지 구간에서 이미 publish함 -> 스킵
2026-08-03 21:04:42,277 [INFO] webcam_perception: YOLO 추론 성공: detection 3건
2026-08-03 21:04:42,277 [INFO] webcam_perception.pipeline: ROI 필터링: 전체 3건 -> ROI 내 1건
2026-08-03 21:04:42,277 [INFO] webcam_perception.pipeline: best detection 선택: confidence=0.95
2026-08-03 21:04:42,277 [INFO] webcam_perception.pipeline: 정지 판정: stopped=True
2026-08-03 21:04:42,277 [INFO] webcam_perception.pipeline: 이번 정지 구간에서 이미 publish함 -> 스킵
2026-08-03 21:04:42,380 [INFO] webcam_perception: YOLO 추론 성공: detection 2건
2026-08-03 21:04:42,381 [INFO] webcam_perception.pipeline: ROI 필터링: 전체 2건 -> ROI 내 1건
2026-08-03 21:04:42,381 [INFO] webcam_perception.pipeline: best detection 선택: confidence=0.95
2026-08-03 21:04:42,381 [INFO] webcam_perception.pipeline: 정지 판정: stopped=True
2026-08-03 21:04:42,381 [INFO] webcam_perception.pipeline: 이번 정지 구간에서 이미 publish함 -> 스킵
2026-08-03 21:04:42,479 [INFO] webcam_perception: YOLO 추론 성공: detection 2건
2026-08-03 21:04:42,479 [INFO] webcam_perception.pipeline: ROI 필터링: 전체 2건 -> ROI 내 1건
2026-08-03 21:04:42,479 [INFO] webcam_perception.pipeline: best detection 선택: confidence=0.95
2026-08-03 21:04:42,479 [INFO] webcam_perception.pipeline: 정지 판정: stopped=True
2026-08-03 21:04:42,479 [INFO] webcam_perception.pipeline: 이번 정지 구간에서 이미 publish함 -> 스킵
2026-08-03 21:04:42,577 [INFO] webcam_perception: YOLO 추론 성공: detection 2건
2026-08-03 21:04:42,577 [INFO] webcam_perception.pipeline: ROI 필터링: 전체 2건 -> ROI 내 1건
2026-08-03 21:04:42,577 [INFO] webcam_perception.pipeline: best detection 선택: confidence=0.95
2026-08-03 21:04:42,577 [INFO] webcam_perception.pipeline: 정지 판정: stopped=True
2026-08-03 21:04:42,577 [INFO] webcam_perception.pipeline: 이번 정지 구간에서 이미 publish함 -> 스킵
2026-08-03 21:04:42,679 [INFO] webcam_perception: YOLO 추론 성공: detection 3건
2026-08-03 21:04:42,679 [INFO] webcam_perception.pipeline: ROI 필터링: 전체 3건 -> ROI 내 1건
2026-08-03 21:04:42,679 [INFO] webcam_perception.pipeline: best detection 선택: confidence=0.95
2026-08-03 21:04:42,680 [INFO] webcam_perception.pipeline: 정지 판정: stopped=True
2026-08-03 21:04:42,680 [INFO] webcam_perception.pipeline: 이번 정지 구간에서 이미 publish함 -> 스킵
2026-08-03 21:04:42,777 [INFO] webcam_perception: YOLO 추론 성공: detection 2건
2026-08-03 21:04:42,778 [INFO] webcam_perception.pipeline: ROI 필터링: 전체 2건 -> ROI 내 1건
2026-08-03 21:04:42,778 [INFO] webcam_perception.pipeline: best detection 선택: confidence=0.95
2026-08-03 21:04:42,778 [INFO] webcam_perception.pipeline: 정지 판정: stopped=True
2026-08-03 21:04:42,778 [INFO] webcam_perception.pipeline: 이번 정지 구간에서 이미 publish함 -> 스킵
2026-08-03 21:04:42,879 [INFO] webcam_perception: YOLO 추론 성공: detection 2건
2026-08-03 21:04:42,879 [INFO] webcam_perception.pipeline: ROI 필터링: 전체 2건 -> ROI 내 1건
2026-08-03 21:04:42,879 [INFO] webcam_perception.pipeline: best detection 선택: confidence=0.95
2026-08-03 21:04:42,879 [INFO] webcam_perception.pipeline: 정지 판정: stopped=True
2026-08-03 21:04:42,879 [INFO] webcam_perception.pipeline: 이번 정지 구간에서 이미 publish함 -> 스킵
2026-08-03 21:04:42,976 [INFO] webcam_perception: YOLO 추론 성공: detection 2건
2026-08-03 21:04:42,976 [INFO] webcam_perception.pipeline: ROI 필터링: 전체 2건 -> ROI 내 1건
2026-08-03 21:04:42,976 [INFO] webcam_perception.pipeline: best detection 선택: confidence=0.95
2026-08-03 21:04:42,976 [INFO] webcam_perception.pipeline: 정지 판정: stopped=True
2026-08-03 21:04:42,977 [INFO] webcam_perception.pipeline: 이번 정지 구간에서 이미 publish함 -> 스킵
2026-08-03 21:04:43,077 [INFO] webcam_perception: YOLO 추론 성공: detection 2건
2026-08-03 21:04:43,077 [INFO] webcam_perception.pipeline: ROI 필터링: 전체 2건 -> ROI 내 1건
2026-08-03 21:04:43,077 [INFO] webcam_perception.pipeline: best detection 선택: confidence=0.94
2026-08-03 21:04:43,078 [INFO] webcam_perception.pipeline: 정지 판정: stopped=True
2026-08-03 21:04:43,078 [INFO] webcam_perception.pipeline: 이번 정지 구간에서 이미 publish함 -> 스킵
2026-08-03 21:04:43,176 [INFO] webcam_perception: YOLO 추론 성공: detection 2건
2026-08-03 21:04:43,177 [INFO] webcam_perception.pipeline: ROI 필터링: 전체 2건 -> ROI 내 1건
2026-08-03 21:04:43,177 [INFO] webcam_perception.pipeline: best detection 선택: confidence=0.95
2026-08-03 21:04:43,177 [INFO] webcam_perception.pipeline: 정지 판정: stopped=True
2026-08-03 21:04:43,177 [INFO] webcam_perception.pipeline: 이번 정지 구간에서 이미 publish함 -> 스킵
2026-08-03 21:04:43,278 [INFO] webcam_perception: YOLO 추론 성공: detection 2건
2026-08-03 21:04:43,278 [INFO] webcam_perception.pipeline: ROI 필터링: 전체 2건 -> ROI 내 1건
2026-08-03 21:04:43,278 [INFO] webcam_perception.pipeline: best detection 선택: confidence=0.94
2026-08-03 21:04:43,279 [INFO] webcam_perception.pipeline: 정지 판정: stopped=True
2026-08-03 21:04:43,279 [INFO] webcam_perception.pipeline: 이번 정지 구간에서 이미 publish함 -> 스킵
2026-08-03 21:04:43,380 [INFO] webcam_perception: YOLO 추론 성공: detection 2건
2026-08-03 21:04:43,380 [INFO] webcam_perception.pipeline: ROI 필터링: 전체 2건 -> ROI 내 1건
2026-08-03 21:04:43,381 [INFO] webcam_perception.pipeline: best detection 선택: confidence=0.94
2026-08-03 21:04:43,381 [INFO] webcam_perception.pipeline: 정지 판정: stopped=True
2026-08-03 21:04:43,381 [INFO] webcam_perception.pipeline: 이번 정지 구간에서 이미 publish함 -> 스킵
2026-08-03 21:04:43,478 [INFO] webcam_perception: YOLO 추론 성공: detection 2건
2026-08-03 21:04:43,478 [INFO] webcam_perception.pipeline: ROI 필터링: 전체 2건 -> ROI 내 1건
2026-08-03 21:04:43,478 [INFO] webcam_perception.pipeline: best detection 선택: confidence=0.95
2026-08-03 21:04:43,478 [INFO] webcam_perception.pipeline: 정지 판정: stopped=True
2026-08-03 21:04:43,478 [INFO] webcam_perception.pipeline: 이번 정지 구간에서 이미 publish함 -> 스킵
2026-08-03 21:04:43,577 [INFO] webcam_perception: YOLO 추론 성공: detection 2건
2026-08-03 21:04:43,577 [INFO] webcam_perception.pipeline: ROI 필터링: 전체 2건 -> ROI 내 1건
2026-08-03 21:04:43,577 [INFO] webcam_perception.pipeline: best detection 선택: confidence=0.95
2026-08-03 21:04:43,578 [INFO] webcam_perception.pipeline: 정지 판정: stopped=True
2026-08-03 21:04:43,578 [INFO] webcam_perception.pipeline: 이번 정지 구간에서 이미 publish함 -> 스킵
2026-08-03 21:04:43,677 [INFO] webcam_perception: YOLO 추론 성공: detection 2건
2026-08-03 21:04:43,677 [INFO] webcam_perception.pipeline: ROI 필터링: 전체 2건 -> ROI 내 1건
2026-08-03 21:04:43,677 [INFO] webcam_perception.pipeline: best detection 선택: confidence=0.94
2026-08-03 21:04:43,677 [INFO] webcam_perception.pipeline: 정지 판정: stopped=True
2026-08-03 21:04:43,677 [INFO] webcam_perception.pipeline: 이번 정지 구간에서 이미 publish함 -> 스킵
2026-08-03 21:04:43,777 [INFO] webcam_perception: YOLO 추론 성공: detection 2건
2026-08-03 21:04:43,777 [INFO] webcam_perception.pipeline: ROI 필터링: 전체 2건 -> ROI 내 1건
2026-08-03 21:04:43,777 [INFO] webcam_perception.pipeline: best detection 선택: confidence=0.95
2026-08-03 21:04:43,777 [INFO] webcam_perception.pipeline: 정지 판정: stopped=True
2026-08-03 21:04:43,777 [INFO] webcam_perception.pipeline: 이번 정지 구간에서 이미 publish함 -> 스킵
2026-08-03 21:04:43,878 [INFO] webcam_perception: YOLO 추론 성공: detection 2건
2026-08-03 21:04:43,878 [INFO] webcam_perception.pipeline: ROI 필터링: 전체 2건 -> ROI 내 1건
2026-08-03 21:04:43,878 [INFO] webcam_perception.pipeline: best detection 선택: confidence=0.95
2026-08-03 21:04:43,878 [INFO] webcam_perception.pipeline: 정지 판정: stopped=True
2026-08-03 21:04:43,878 [INFO] webcam_perception.pipeline: 이번 정지 구간에서 이미 publish함 -> 스킵
2026-08-03 21:04:43,978 [INFO] webcam_perception: YOLO 추론 성공: detection 3건
2026-08-03 21:04:43,979 [INFO] webcam_perception.pipeline: ROI 필터링: 전체 3건 -> ROI 내 1건
2026-08-03 21:04:43,979 [INFO] webcam_perception.pipeline: best detection 선택: confidence=0.95
2026-08-03 21:04:43,979 [INFO] webcam_perception.pipeline: 정지 판정: stopped=True
2026-08-03 21:04:43,979 [INFO] webcam_perception.pipeline: 이번 정지 구간에서 이미 publish함 -> 스킵
2026-08-03 21:04:44,076 [INFO] webcam_perception: YOLO 추론 성공: detection 2건
2026-08-03 21:04:44,077 [INFO] webcam_perception.pipeline: ROI 필터링: 전체 2건 -> ROI 내 1건
2026-08-03 21:04:44,077 [INFO] webcam_perception.pipeline: best detection 선택: confidence=0.95
2026-08-03 21:04:44,077 [INFO] webcam_perception.pipeline: 정지 판정: stopped=True
2026-08-03 21:04:44,077 [INFO] webcam_perception.pipeline: 이번 정지 구간에서 이미 publish함 -> 스킵
2026-08-03 21:04:44,177 [INFO] webcam_perception: YOLO 추론 성공: detection 2건
2026-08-03 21:04:44,177 [INFO] webcam_perception.pipeline: ROI 필터링: 전체 2건 -> ROI 내 1건
2026-08-03 21:04:44,177 [INFO] webcam_perception.pipeline: best detection 선택: confidence=0.96
2026-08-03 21:04:44,177 [INFO] webcam_perception.pipeline: 정지 판정: stopped=True
2026-08-03 21:04:44,177 [INFO] webcam_perception.pipeline: 이번 정지 구간에서 이미 publish함 -> 스킵
2026-08-03 21:04:44,278 [INFO] webcam_perception: YOLO 추론 성공: detection 2건
2026-08-03 21:04:44,278 [INFO] webcam_perception.pipeline: ROI 필터링: 전체 2건 -> ROI 내 1건
2026-08-03 21:04:44,279 [INFO] webcam_perception.pipeline: best detection 선택: confidence=0.95
2026-08-03 21:04:44,279 [INFO] webcam_perception.pipeline: 정지 판정: stopped=True
2026-08-03 21:04:44,279 [INFO] webcam_perception.pipeline: 이번 정지 구간에서 이미 publish함 -> 스킵
2026-08-03 21:04:44,376 [INFO] webcam_perception: YOLO 추론 성공: detection 2건
2026-08-03 21:04:44,376 [INFO] webcam_perception.pipeline: ROI 필터링: 전체 2건 -> ROI 내 1건
2026-08-03 21:04:44,376 [INFO] webcam_perception.pipeline: best detection 선택: confidence=0.95
2026-08-03 21:04:44,376 [INFO] webcam_perception.pipeline: 정지 판정: stopped=True
2026-08-03 21:04:44,377 [INFO] webcam_perception.pipeline: 이번 정지 구간에서 이미 publish함 -> 스킵
2026-08-03 21:04:44,476 [INFO] webcam_perception: YOLO 추론 성공: detection 2건
2026-08-03 21:04:44,476 [INFO] webcam_perception.pipeline: ROI 필터링: 전체 2건 -> ROI 내 1건
2026-08-03 21:04:44,476 [INFO] webcam_perception.pipeline: best detection 선택: confidence=0.95
2026-08-03 21:04:44,477 [INFO] webcam_perception.pipeline: 정지 판정: stopped=True
2026-08-03 21:04:44,477 [INFO] webcam_perception.pipeline: 이번 정지 구간에서 이미 publish함 -> 스킵
2026-08-03 21:04:44,576 [INFO] webcam_perception: YOLO 추론 성공: detection 2건
2026-08-03 21:04:44,576 [INFO] webcam_perception.pipeline: ROI 필터링: 전체 2건 -> ROI 내 1건
2026-08-03 21:04:44,577 [INFO] webcam_perception.pipeline: best detection 선택: confidence=0.95
2026-08-03 21:04:44,577 [INFO] webcam_perception.pipeline: 정지 판정: stopped=True
2026-08-03 21:04:44,577 [INFO] webcam_perception.pipeline: 이번 정지 구간에서 이미 publish함 -> 스킵
2026-08-03 21:04:44,677 [INFO] webcam_perception: YOLO 추론 성공: detection 2건
2026-08-03 21:04:44,678 [INFO] webcam_perception.pipeline: ROI 필터링: 전체 2건 -> ROI 내 1건
2026-08-03 21:04:44,678 [INFO] webcam_perception.pipeline: best detection 선택: confidence=0.95
2026-08-03 21:04:44,678 [INFO] webcam_perception.pipeline: 정지 판정: stopped=True
2026-08-03 21:04:44,678 [INFO] webcam_perception.pipeline: 이번 정지 구간에서 이미 publish함 -> 스킵
2026-08-03 21:04:44,777 [INFO] webcam_perception: YOLO 추론 성공: detection 2건
2026-08-03 21:04:44,778 [INFO] webcam_perception.pipeline: ROI 필터링: 전체 2건 -> ROI 내 1건
2026-08-03 21:04:44,778 [INFO] webcam_perception.pipeline: best detection 선택: confidence=0.94
2026-08-03 21:04:44,778 [INFO] webcam_perception.pipeline: 정지 판정: stopped=True
2026-08-03 21:04:44,778 [INFO] webcam_perception.pipeline: 이번 정지 구간에서 이미 publish함 -> 스킵
2026-08-03 21:04:44,878 [INFO] webcam_perception: YOLO 추론 성공: detection 2건
2026-08-03 21:04:44,878 [INFO] webcam_perception.pipeline: ROI 필터링: 전체 2건 -> ROI 내 1건
2026-08-03 21:04:44,878 [INFO] webcam_perception.pipeline: best detection 선택: confidence=0.95
2026-08-03 21:04:44,878 [INFO] webcam_perception.pipeline: 정지 판정: stopped=True
2026-08-03 21:04:44,878 [INFO] webcam_perception.pipeline: 이번 정지 구간에서 이미 publish함 -> 스킵
2026-08-03 21:04:44,980 [INFO] webcam_perception: YOLO 추론 성공: detection 2건
2026-08-03 21:04:44,980 [INFO] webcam_perception.pipeline: ROI 필터링: 전체 2건 -> ROI 내 1건
2026-08-03 21:04:44,980 [INFO] webcam_perception.pipeline: best detection 선택: confidence=0.94
2026-08-03 21:04:44,980 [INFO] webcam_perception.pipeline: 정지 판정: stopped=True
2026-08-03 21:04:44,980 [INFO] webcam_perception.pipeline: 이번 정지 구간에서 이미 publish함 -> 스킵
2026-08-03 21:04:45,076 [INFO] webcam_perception: YOLO 추론 성공: detection 2건
2026-08-03 21:04:45,077 [INFO] webcam_perception.pipeline: ROI 필터링: 전체 2건 -> ROI 내 1건
2026-08-03 21:04:45,077 [INFO] webcam_perception.pipeline: best detection 선택: confidence=0.95
2026-08-03 21:04:45,077 [INFO] webcam_perception.pipeline: 정지 판정: stopped=True
2026-08-03 21:04:45,077 [INFO] webcam_perception.pipeline: 이번 정지 구간에서 이미 publish함 -> 스킵
2026-08-03 21:04:45,178 [INFO] webcam_perception: YOLO 추론 성공: detection 2건
2026-08-03 21:04:45,178 [INFO] webcam_perception.pipeline: ROI 필터링: 전체 2건 -> ROI 내 1건
2026-08-03 21:04:45,178 [INFO] webcam_perception.pipeline: best detection 선택: confidence=0.95
2026-08-03 21:04:45,178 [INFO] webcam_perception.pipeline: 정지 판정: stopped=True
2026-08-03 21:04:45,178 [INFO] webcam_perception.pipeline: 이번 정지 구간에서 이미 publish함 -> 스킵
2026-08-03 21:04:45,277 [INFO] webcam_perception: YOLO 추론 성공: detection 2건
2026-08-03 21:04:45,277 [INFO] webcam_perception.pipeline: ROI 필터링: 전체 2건 -> ROI 내 1건
2026-08-03 21:04:45,277 [INFO] webcam_perception.pipeline: best detection 선택: confidence=0.95
2026-08-03 21:04:45,277 [INFO] webcam_perception.pipeline: 정지 판정: stopped=True
2026-08-03 21:04:45,277 [INFO] webcam_perception.pipeline: 이번 정지 구간에서 이미 publish함 -> 스킵
2026-08-03 21:04:45,378 [INFO] webcam_perception: YOLO 추론 성공: detection 2건
2026-08-03 21:04:45,378 [INFO] webcam_perception.pipeline: ROI 필터링: 전체 2건 -> ROI 내 1건
2026-08-03 21:04:45,378 [INFO] webcam_perception.pipeline: best detection 선택: confidence=0.94
2026-08-03 21:04:45,378 [INFO] webcam_perception.pipeline: 정지 판정: stopped=True
2026-08-03 21:04:45,379 [INFO] webcam_perception.pipeline: 이번 정지 구간에서 이미 publish함 -> 스킵
2026-08-03 21:04:45,478 [INFO] webcam_perception: YOLO 추론 성공: detection 2건
2026-08-03 21:04:45,478 [INFO] webcam_perception.pipeline: ROI 필터링: 전체 2건 -> ROI 내 1건
2026-08-03 21:04:45,478 [INFO] webcam_perception.pipeline: best detection 선택: confidence=0.95
2026-08-03 21:04:45,478 [INFO] webcam_perception.pipeline: 정지 판정: stopped=True
2026-08-03 21:04:45,478 [INFO] webcam_perception.pipeline: 이번 정지 구간에서 이미 publish함 -> 스킵
2026-08-03 21:04:45,577 [INFO] webcam_perception: YOLO 추론 성공: detection 3건
2026-08-03 21:04:45,577 [INFO] webcam_perception.pipeline: ROI 필터링: 전체 3건 -> ROI 내 1건
2026-08-03 21:04:45,577 [INFO] webcam_perception.pipeline: best detection 선택: confidence=0.95
2026-08-03 21:04:45,577 [INFO] webcam_perception.pipeline: 정지 판정: stopped=True
2026-08-03 21:04:45,578 [INFO] webcam_perception.pipeline: 이번 정지 구간에서 이미 publish함 -> 스킵
2026-08-03 21:04:45,679 [INFO] webcam_perception: YOLO 추론 성공: detection 2건
2026-08-03 21:04:45,679 [INFO] webcam_perception.pipeline: ROI 필터링: 전체 2건 -> ROI 내 1건
2026-08-03 21:04:45,679 [INFO] webcam_perception.pipeline: best detection 선택: confidence=0.95
2026-08-03 21:04:45,679 [INFO] webcam_perception.pipeline: 정지 판정: stopped=True
2026-08-03 21:04:45,679 [INFO] webcam_perception.pipeline: 이번 정지 구간에서 이미 publish함 -> 스킵
2026-08-03 21:04:45,778 [INFO] webcam_perception: YOLO 추론 성공: detection 2건
2026-08-03 21:04:45,778 [INFO] webcam_perception.pipeline: ROI 필터링: 전체 2건 -> ROI 내 1건
2026-08-03 21:04:45,778 [INFO] webcam_perception.pipeline: best detection 선택: confidence=0.94
2026-08-03 21:04:45,778 [INFO] webcam_perception.pipeline: 정지 판정: stopped=True
2026-08-03 21:04:45,778 [INFO] webcam_perception.pipeline: 이번 정지 구간에서 이미 publish함 -> 스킵
2026-08-03 21:04:45,877 [INFO] webcam_perception: YOLO 추론 성공: detection 2건
2026-08-03 21:04:45,877 [INFO] webcam_perception.pipeline: ROI 필터링: 전체 2건 -> ROI 내 1건
2026-08-03 21:04:45,878 [INFO] webcam_perception.pipeline: best detection 선택: confidence=0.95
2026-08-03 21:04:45,878 [INFO] webcam_perception.pipeline: 정지 판정: stopped=True
2026-08-03 21:04:45,878 [INFO] webcam_perception.pipeline: 이번 정지 구간에서 이미 publish함 -> 스킵
2026-08-03 21:04:45,976 [INFO] webcam_perception: YOLO 추론 성공: detection 3건
2026-08-03 21:04:45,976 [INFO] webcam_perception.pipeline: ROI 필터링: 전체 3건 -> ROI 내 1건
2026-08-03 21:04:45,976 [INFO] webcam_perception.pipeline: best detection 선택: confidence=0.95
2026-08-03 21:04:45,977 [INFO] webcam_perception.pipeline: 정지 판정: stopped=True
2026-08-03 21:04:45,977 [INFO] webcam_perception.pipeline: 이번 정지 구간에서 이미 publish함 -> 스킵
2026-08-03 21:04:46,079 [INFO] webcam_perception: YOLO 추론 성공: detection 2건
2026-08-03 21:04:46,079 [INFO] webcam_perception.pipeline: ROI 필터링: 전체 2건 -> ROI 내 1건
2026-08-03 21:04:46,079 [INFO] webcam_perception.pipeline: best detection 선택: confidence=0.94
2026-08-03 21:04:46,079 [INFO] webcam_perception.pipeline: 정지 판정: stopped=True
2026-08-03 21:04:46,079 [INFO] webcam_perception.pipeline: 이번 정지 구간에서 이미 publish함 -> 스킵
2026-08-03 21:04:46,177 [INFO] webcam_perception: YOLO 추론 성공: detection 2건
2026-08-03 21:04:46,177 [INFO] webcam_perception.pipeline: ROI 필터링: 전체 2건 -> ROI 내 1건
2026-08-03 21:04:46,177 [INFO] webcam_perception.pipeline: best detection 선택: confidence=0.95
2026-08-03 21:04:46,177 [INFO] webcam_perception.pipeline: 정지 판정: stopped=True
2026-08-03 21:04:46,177 [INFO] webcam_perception.pipeline: 이번 정지 구간에서 이미 publish함 -> 스킵
2026-08-03 21:04:46,277 [INFO] webcam_perception: YOLO 추론 성공: detection 2건
2026-08-03 21:04:46,278 [INFO] webcam_perception.pipeline: ROI 필터링: 전체 2건 -> ROI 내 1건
2026-08-03 21:04:46,278 [INFO] webcam_perception.pipeline: best detection 선택: confidence=0.94
2026-08-03 21:04:46,278 [INFO] webcam_perception.pipeline: 정지 판정: stopped=True
2026-08-03 21:04:46,278 [INFO] webcam_perception.pipeline: 이번 정지 구간에서 이미 publish함 -> 스킵
2026-08-03 21:04:46,377 [INFO] webcam_perception: YOLO 추론 성공: detection 2건
2026-08-03 21:04:46,377 [INFO] webcam_perception.pipeline: ROI 필터링: 전체 2건 -> ROI 내 1건
2026-08-03 21:04:46,377 [INFO] webcam_perception.pipeline: best detection 선택: confidence=0.95
2026-08-03 21:04:46,377 [INFO] webcam_perception.pipeline: 정지 판정: stopped=True
2026-08-03 21:04:46,377 [INFO] webcam_perception.pipeline: 이번 정지 구간에서 이미 publish함 -> 스킵
2026-08-03 21:04:46,476 [INFO] webcam_perception: YOLO 추론 성공: detection 3건
2026-08-03 21:04:46,476 [INFO] webcam_perception.pipeline: ROI 필터링: 전체 3건 -> ROI 내 1건
2026-08-03 21:04:46,476 [INFO] webcam_perception.pipeline: best detection 선택: confidence=0.95
2026-08-03 21:04:46,476 [INFO] webcam_perception.pipeline: 정지 판정: stopped=True
2026-08-03 21:04:46,477 [INFO] webcam_perception.pipeline: 이번 정지 구간에서 이미 publish함 -> 스킵
2026-08-03 21:04:46,576 [INFO] webcam_perception: YOLO 추론 성공: detection 2건
2026-08-03 21:04:46,576 [INFO] webcam_perception.pipeline: ROI 필터링: 전체 2건 -> ROI 내 1건
2026-08-03 21:04:46,576 [INFO] webcam_perception.pipeline: best detection 선택: confidence=0.95
2026-08-03 21:04:46,577 [INFO] webcam_perception.pipeline: 정지 판정: stopped=True
2026-08-03 21:04:46,577 [INFO] webcam_perception.pipeline: 이번 정지 구간에서 이미 publish함 -> 스킵
2026-08-03 21:04:46,677 [INFO] webcam_perception: YOLO 추론 성공: detection 3건
2026-08-03 21:04:46,677 [INFO] webcam_perception.pipeline: ROI 필터링: 전체 3건 -> ROI 내 1건
2026-08-03 21:04:46,677 [INFO] webcam_perception.pipeline: best detection 선택: confidence=0.95
2026-08-03 21:04:46,677 [INFO] webcam_perception.pipeline: 정지 판정: stopped=True
2026-08-03 21:04:46,677 [INFO] webcam_perception.pipeline: 이번 정지 구간에서 이미 publish함 -> 스킵
2026-08-03 21:04:46,776 [INFO] webcam_perception: YOLO 추론 성공: detection 2건
2026-08-03 21:04:46,776 [INFO] webcam_perception.pipeline: ROI 필터링: 전체 2건 -> ROI 내 1건
2026-08-03 21:04:46,776 [INFO] webcam_perception.pipeline: best detection 선택: confidence=0.95
2026-08-03 21:04:46,776 [INFO] webcam_perception.pipeline: 정지 판정: stopped=True
2026-08-03 21:04:46,776 [INFO] webcam_perception.pipeline: 이번 정지 구간에서 이미 publish함 -> 스킵
2026-08-03 21:04:46,878 [INFO] webcam_perception: YOLO 추론 성공: detection 2건
2026-08-03 21:04:46,878 [INFO] webcam_perception.pipeline: ROI 필터링: 전체 2건 -> ROI 내 1건
2026-08-03 21:04:46,878 [INFO] webcam_perception.pipeline: best detection 선택: confidence=0.95
2026-08-03 21:04:46,878 [INFO] webcam_perception.pipeline: 정지 판정: stopped=True
2026-08-03 21:04:46,878 [INFO] webcam_perception.pipeline: 이번 정지 구간에서 이미 publish함 -> 스킵
2026-08-03 21:04:46,976 [INFO] webcam_perception: YOLO 추론 성공: detection 2건
2026-08-03 21:04:46,977 [INFO] webcam_perception.pipeline: ROI 필터링: 전체 2건 -> ROI 내 1건
2026-08-03 21:04:46,977 [INFO] webcam_perception.pipeline: best detection 선택: confidence=0.95
2026-08-03 21:04:46,977 [INFO] webcam_perception.pipeline: 정지 판정: stopped=True
2026-08-03 21:04:46,977 [INFO] webcam_perception.pipeline: 이번 정지 구간에서 이미 publish함 -> 스킵
2026-08-03 21:04:47,077 [INFO] webcam_perception: YOLO 추론 성공: detection 2건
2026-08-03 21:04:47,078 [INFO] webcam_perception.pipeline: ROI 필터링: 전체 2건 -> ROI 내 1건
2026-08-03 21:04:47,078 [INFO] webcam_perception.pipeline: best detection 선택: confidence=0.95
2026-08-03 21:04:47,078 [INFO] webcam_perception.pipeline: 정지 판정: stopped=True
2026-08-03 21:04:47,078 [INFO] webcam_perception.pipeline: 이번 정지 구간에서 이미 publish함 -> 스킵
2026-08-03 21:04:47,178 [INFO] webcam_perception: YOLO 추론 성공: detection 2건
2026-08-03 21:04:47,178 [INFO] webcam_perception.pipeline: ROI 필터링: 전체 2건 -> ROI 내 1건
2026-08-03 21:04:47,178 [INFO] webcam_perception.pipeline: best detection 선택: confidence=0.95
2026-08-03 21:04:47,178 [INFO] webcam_perception.pipeline: 정지 판정: stopped=True
2026-08-03 21:04:47,178 [INFO] webcam_perception.pipeline: 이번 정지 구간에서 이미 publish함 -> 스킵
2026-08-03 21:04:47,279 [INFO] webcam_perception: YOLO 추론 성공: detection 2건
2026-08-03 21:04:47,279 [INFO] webcam_perception.pipeline: ROI 필터링: 전체 2건 -> ROI 내 1건
2026-08-03 21:04:47,279 [INFO] webcam_perception.pipeline: best detection 선택: confidence=0.95
2026-08-03 21:04:47,279 [INFO] webcam_perception.pipeline: 정지 판정: stopped=True
2026-08-03 21:04:47,279 [INFO] webcam_perception.pipeline: 이번 정지 구간에서 이미 publish함 -> 스킵
2026-08-03 21:04:47,377 [INFO] webcam_perception: YOLO 추론 성공: detection 2건
2026-08-03 21:04:47,378 [INFO] webcam_perception.pipeline: ROI 필터링: 전체 2건 -> ROI 내 1건
2026-08-03 21:04:47,378 [INFO] webcam_perception.pipeline: best detection 선택: confidence=0.94
2026-08-03 21:04:47,378 [INFO] webcam_perception.pipeline: 정지 판정: stopped=True
2026-08-03 21:04:47,378 [INFO] webcam_perception.pipeline: 이번 정지 구간에서 이미 publish함 -> 스킵
2026-08-03 21:04:47,477 [INFO] webcam_perception: YOLO 추론 성공: detection 2건
2026-08-03 21:04:47,477 [INFO] webcam_perception.pipeline: ROI 필터링: 전체 2건 -> ROI 내 1건
2026-08-03 21:04:47,477 [INFO] webcam_perception.pipeline: best detection 선택: confidence=0.95
2026-08-03 21:04:47,477 [INFO] webcam_perception.pipeline: 정지 판정: stopped=True
2026-08-03 21:04:47,477 [INFO] webcam_perception.pipeline: 이번 정지 구간에서 이미 publish함 -> 스킵
2026-08-03 21:04:47,576 [INFO] webcam_perception: YOLO 추론 성공: detection 2건
2026-08-03 21:04:47,576 [INFO] webcam_perception.pipeline: ROI 필터링: 전체 2건 -> ROI 내 1건
2026-08-03 21:04:47,576 [INFO] webcam_perception.pipeline: best detection 선택: confidence=0.94
2026-08-03 21:04:47,576 [INFO] webcam_perception.pipeline: 정지 판정: stopped=True
2026-08-03 21:04:47,577 [INFO] webcam_perception.pipeline: 이번 정지 구간에서 이미 publish함 -> 스킵
2026-08-03 21:04:47,678 [INFO] webcam_perception: YOLO 추론 성공: detection 2건
2026-08-03 21:04:47,678 [INFO] webcam_perception.pipeline: ROI 필터링: 전체 2건 -> ROI 내 1건
2026-08-03 21:04:47,678 [INFO] webcam_perception.pipeline: best detection 선택: confidence=0.95
2026-08-03 21:04:47,678 [INFO] webcam_perception.pipeline: 정지 판정: stopped=True
2026-08-03 21:04:47,678 [INFO] webcam_perception.pipeline: 이번 정지 구간에서 이미 publish함 -> 스킵
2026-08-03 21:04:47,776 [INFO] webcam_perception: YOLO 추론 성공: detection 2건
2026-08-03 21:04:47,776 [INFO] webcam_perception.pipeline: ROI 필터링: 전체 2건 -> ROI 내 1건
2026-08-03 21:04:47,776 [INFO] webcam_perception.pipeline: best detection 선택: confidence=0.95
2026-08-03 21:04:47,777 [INFO] webcam_perception.pipeline: 정지 판정: stopped=True
2026-08-03 21:04:47,777 [INFO] webcam_perception.pipeline: 이번 정지 구간에서 이미 publish함 -> 스킵
2026-08-03 21:04:47,878 [INFO] webcam_perception: YOLO 추론 성공: detection 2건
2026-08-03 21:04:47,878 [INFO] webcam_perception.pipeline: ROI 필터링: 전체 2건 -> ROI 내 1건
2026-08-03 21:04:47,878 [INFO] webcam_perception.pipeline: best detection 선택: confidence=0.95
2026-08-03 21:04:47,878 [INFO] webcam_perception.pipeline: 정지 판정: stopped=True
2026-08-03 21:04:47,878 [INFO] webcam_perception.pipeline: 이번 정지 구간에서 이미 publish함 -> 스킵
2026-08-03 21:04:47,977 [INFO] webcam_perception: YOLO 추론 성공: detection 2건
2026-08-03 21:04:47,977 [INFO] webcam_perception.pipeline: ROI 필터링: 전체 2건 -> ROI 내 1건
2026-08-03 21:04:47,977 [INFO] webcam_perception.pipeline: best detection 선택: confidence=0.95
2026-08-03 21:04:47,977 [INFO] webcam_perception.pipeline: 정지 판정: stopped=True
2026-08-03 21:04:47,977 [INFO] webcam_perception.pipeline: 이번 정지 구간에서 이미 publish함 -> 스킵
2026-08-03 21:04:48,077 [INFO] webcam_perception: YOLO 추론 성공: detection 2건
2026-08-03 21:04:48,077 [INFO] webcam_perception.pipeline: ROI 필터링: 전체 2건 -> ROI 내 1건
2026-08-03 21:04:48,077 [INFO] webcam_perception.pipeline: best detection 선택: confidence=0.95
2026-08-03 21:04:48,078 [INFO] webcam_perception.pipeline: 정지 판정: stopped=True
2026-08-03 21:04:48,078 [INFO] webcam_perception.pipeline: 이번 정지 구간에서 이미 publish함 -> 스킵
2026-08-03 21:04:48,178 [INFO] webcam_perception: YOLO 추론 성공: detection 2건
2026-08-03 21:04:48,179 [INFO] webcam_perception.pipeline: ROI 필터링: 전체 2건 -> ROI 내 1건
2026-08-03 21:04:48,179 [INFO] webcam_perception.pipeline: best detection 선택: confidence=0.95
2026-08-03 21:04:48,179 [INFO] webcam_perception.pipeline: 정지 판정: stopped=True
2026-08-03 21:04:48,179 [INFO] webcam_perception.pipeline: 이번 정지 구간에서 이미 publish함 -> 스킵
2026-08-03 21:04:48,276 [INFO] webcam_perception: YOLO 추론 성공: detection 2건
2026-08-03 21:04:48,277 [INFO] webcam_perception.pipeline: ROI 필터링: 전체 2건 -> ROI 내 1건
2026-08-03 21:04:48,277 [INFO] webcam_perception.pipeline: best detection 선택: confidence=0.94
2026-08-03 21:04:48,277 [INFO] webcam_perception.pipeline: 정지 판정: stopped=True
2026-08-03 21:04:48,277 [INFO] webcam_perception.pipeline: 이번 정지 구간에서 이미 publish함 -> 스킵
2026-08-03 21:04:48,378 [INFO] webcam_perception: YOLO 추론 성공: detection 2건
2026-08-03 21:04:48,379 [INFO] webcam_perception.pipeline: ROI 필터링: 전체 2건 -> ROI 내 1건
2026-08-03 21:04:48,379 [INFO] webcam_perception.pipeline: best detection 선택: confidence=0.94
2026-08-03 21:04:48,379 [INFO] webcam_perception.pipeline: 정지 판정: stopped=True
2026-08-03 21:04:48,379 [INFO] webcam_perception.pipeline: 이번 정지 구간에서 이미 publish함 -> 스킵
2026-08-03 21:04:48,477 [INFO] webcam_perception: YOLO 추론 성공: detection 3건
2026-08-03 21:04:48,477 [INFO] webcam_perception.pipeline: ROI 필터링: 전체 3건 -> ROI 내 1건
2026-08-03 21:04:48,477 [INFO] webcam_perception.pipeline: best detection 선택: confidence=0.94
2026-08-03 21:04:48,477 [INFO] webcam_perception.pipeline: 정지 판정: stopped=True
2026-08-03 21:04:48,477 [INFO] webcam_perception.pipeline: 이번 정지 구간에서 이미 publish함 -> 스킵
2026-08-03 21:04:48,578 [INFO] webcam_perception: YOLO 추론 성공: detection 3건
2026-08-03 21:04:48,578 [INFO] webcam_perception.pipeline: ROI 필터링: 전체 3건 -> ROI 내 1건
2026-08-03 21:04:48,578 [INFO] webcam_perception.pipeline: best detection 선택: confidence=0.95
2026-08-03 21:04:48,578 [INFO] webcam_perception.pipeline: 정지 판정: stopped=True
2026-08-03 21:04:48,578 [INFO] webcam_perception.pipeline: 이번 정지 구간에서 이미 publish함 -> 스킵
2026-08-03 21:04:48,677 [INFO] webcam_perception: YOLO 추론 성공: detection 2건
2026-08-03 21:04:48,677 [INFO] webcam_perception.pipeline: ROI 필터링: 전체 2건 -> ROI 내 1건
2026-08-03 21:04:48,677 [INFO] webcam_perception.pipeline: best detection 선택: confidence=0.95
2026-08-03 21:04:48,677 [INFO] webcam_perception.pipeline: 정지 판정: stopped=True
2026-08-03 21:04:48,677 [INFO] webcam_perception.pipeline: 이번 정지 구간에서 이미 publish함 -> 스킵
2026-08-03 21:04:48,776 [INFO] webcam_perception: YOLO 추론 성공: detection 2건
2026-08-03 21:04:48,777 [INFO] webcam_perception.pipeline: ROI 필터링: 전체 2건 -> ROI 내 1건
2026-08-03 21:04:48,777 [INFO] webcam_perception.pipeline: best detection 선택: confidence=0.94
2026-08-03 21:04:48,777 [INFO] webcam_perception.pipeline: 정지 판정: stopped=True
2026-08-03 21:04:48,777 [INFO] webcam_perception.pipeline: 이번 정지 구간에서 이미 publish함 -> 스킵
2026-08-03 21:04:48,878 [INFO] webcam_perception: YOLO 추론 성공: detection 2건
2026-08-03 21:04:48,878 [INFO] webcam_perception.pipeline: ROI 필터링: 전체 2건 -> ROI 내 1건
2026-08-03 21:04:48,878 [INFO] webcam_perception.pipeline: best detection 선택: confidence=0.95
2026-08-03 21:04:48,878 [INFO] webcam_perception.pipeline: 정지 판정: stopped=True
2026-08-03 21:04:48,878 [INFO] webcam_perception.pipeline: 이번 정지 구간에서 이미 publish함 -> 스킵
2026-08-03 21:04:48,977 [INFO] webcam_perception: YOLO 추론 성공: detection 2건
2026-08-03 21:04:48,977 [INFO] webcam_perception.pipeline: ROI 필터링: 전체 2건 -> ROI 내 1건
2026-08-03 21:04:48,977 [INFO] webcam_perception.pipeline: best detection 선택: confidence=0.95
2026-08-03 21:04:48,977 [INFO] webcam_perception.pipeline: 정지 판정: stopped=True
2026-08-03 21:04:48,977 [INFO] webcam_perception.pipeline: 이번 정지 구간에서 이미 publish함 -> 스킵
2026-08-03 21:04:49,077 [INFO] webcam_perception: YOLO 추론 성공: detection 2건
2026-08-03 21:04:49,078 [INFO] webcam_perception.pipeline: ROI 필터링: 전체 2건 -> ROI 내 1건
2026-08-03 21:04:49,078 [INFO] webcam_perception.pipeline: best detection 선택: confidence=0.95
2026-08-03 21:04:49,078 [INFO] webcam_perception.pipeline: 정지 판정: stopped=True
2026-08-03 21:04:49,078 [INFO] webcam_perception.pipeline: 이번 정지 구간에서 이미 publish함 -> 스킵
2026-08-03 21:04:49,178 [INFO] webcam_perception: YOLO 추론 성공: detection 2건
2026-08-03 21:04:49,178 [INFO] webcam_perception.pipeline: ROI 필터링: 전체 2건 -> ROI 내 1건
2026-08-03 21:04:49,178 [INFO] webcam_perception.pipeline: best detection 선택: confidence=0.94
2026-08-03 21:04:49,178 [INFO] webcam_perception.pipeline: 정지 판정: stopped=True
2026-08-03 21:04:49,178 [INFO] webcam_perception.pipeline: 이번 정지 구간에서 이미 publish함 -> 스킵
2026-08-03 21:04:49,276 [INFO] webcam_perception: YOLO 추론 성공: detection 2건
2026-08-03 21:04:49,276 [INFO] webcam_perception.pipeline: ROI 필터링: 전체 2건 -> ROI 내 1건
2026-08-03 21:04:49,276 [INFO] webcam_perception.pipeline: best detection 선택: confidence=0.95
2026-08-03 21:04:49,276 [INFO] webcam_perception.pipeline: 정지 판정: stopped=True
2026-08-03 21:04:49,276 [INFO] webcam_perception.pipeline: 이번 정지 구간에서 이미 publish함 -> 스킵
2026-08-03 21:04:49,378 [INFO] webcam_perception: YOLO 추론 성공: detection 2건
2026-08-03 21:04:49,378 [INFO] webcam_perception.pipeline: ROI 필터링: 전체 2건 -> ROI 내 1건
2026-08-03 21:04:49,379 [INFO] webcam_perception.pipeline: best detection 선택: confidence=0.95
2026-08-03 21:04:49,379 [INFO] webcam_perception.pipeline: 정지 판정: stopped=True
2026-08-03 21:04:49,379 [INFO] webcam_perception.pipeline: 이번 정지 구간에서 이미 publish함 -> 스킵
2026-08-03 21:04:49,477 [INFO] webcam_perception: YOLO 추론 성공: detection 2건
2026-08-03 21:04:49,477 [INFO] webcam_perception.pipeline: ROI 필터링: 전체 2건 -> ROI 내 1건
2026-08-03 21:04:49,477 [INFO] webcam_perception.pipeline: best detection 선택: confidence=0.94
2026-08-03 21:04:49,478 [INFO] webcam_perception.pipeline: 정지 판정: stopped=True
2026-08-03 21:04:49,478 [INFO] webcam_perception.pipeline: 이번 정지 구간에서 이미 publish함 -> 스킵
2026-08-03 21:04:49,577 [INFO] webcam_perception: YOLO 추론 성공: detection 2건
2026-08-03 21:04:49,578 [INFO] webcam_perception.pipeline: ROI 필터링: 전체 2건 -> ROI 내 1건
2026-08-03 21:04:49,578 [INFO] webcam_perception.pipeline: best detection 선택: confidence=0.94
2026-08-03 21:04:49,578 [INFO] webcam_perception.pipeline: 정지 판정: stopped=True
2026-08-03 21:04:49,578 [INFO] webcam_perception.pipeline: 이번 정지 구간에서 이미 publish함 -> 스킵
2026-08-03 21:04:49,678 [INFO] webcam_perception: YOLO 추론 성공: detection 2건
2026-08-03 21:04:49,679 [INFO] webcam_perception.pipeline: ROI 필터링: 전체 2건 -> ROI 내 1건
2026-08-03 21:04:49,679 [INFO] webcam_perception.pipeline: best detection 선택: confidence=0.94
2026-08-03 21:04:49,679 [INFO] webcam_perception.pipeline: 정지 판정: stopped=True
2026-08-03 21:04:49,679 [INFO] webcam_perception.pipeline: 이번 정지 구간에서 이미 publish함 -> 스킵
2026-08-03 21:04:49,778 [INFO] webcam_perception: YOLO 추론 성공: detection 2건
2026-08-03 21:04:49,778 [INFO] webcam_perception.pipeline: ROI 필터링: 전체 2건 -> ROI 내 1건
2026-08-03 21:04:49,778 [INFO] webcam_perception.pipeline: best detection 선택: confidence=0.95
2026-08-03 21:04:49,778 [INFO] webcam_perception.pipeline: 정지 판정: stopped=True
2026-08-03 21:04:49,778 [INFO] webcam_perception.pipeline: 이번 정지 구간에서 이미 publish함 -> 스킵
2026-08-03 21:04:49,877 [INFO] webcam_perception: YOLO 추론 성공: detection 2건
2026-08-03 21:04:49,877 [INFO] webcam_perception.pipeline: ROI 필터링: 전체 2건 -> ROI 내 1건
2026-08-03 21:04:49,877 [INFO] webcam_perception.pipeline: best detection 선택: confidence=0.95
2026-08-03 21:04:49,877 [INFO] webcam_perception.pipeline: 정지 판정: stopped=True
2026-08-03 21:04:49,877 [INFO] webcam_perception.pipeline: 이번 정지 구간에서 이미 publish함 -> 스킵
2026-08-03 21:04:49,978 [INFO] webcam_perception: YOLO 추론 성공: detection 2건
2026-08-03 21:04:49,978 [INFO] webcam_perception.pipeline: ROI 필터링: 전체 2건 -> ROI 내 1건
2026-08-03 21:04:49,978 [INFO] webcam_perception.pipeline: best detection 선택: confidence=0.95
2026-08-03 21:04:49,978 [INFO] webcam_perception.pipeline: 정지 판정: stopped=True
2026-08-03 21:04:49,978 [INFO] webcam_perception.pipeline: 이번 정지 구간에서 이미 publish함 -> 스킵
2026-08-03 21:04:50,076 [INFO] webcam_perception: YOLO 추론 성공: detection 2건
2026-08-03 21:04:50,077 [INFO] webcam_perception.pipeline: ROI 필터링: 전체 2건 -> ROI 내 1건
2026-08-03 21:04:50,077 [INFO] webcam_perception.pipeline: best detection 선택: confidence=0.94
2026-08-03 21:04:50,077 [INFO] webcam_perception.pipeline: 정지 판정: stopped=True
2026-08-03 21:04:50,077 [INFO] webcam_perception.pipeline: 이번 정지 구간에서 이미 publish함 -> 스킵
2026-08-03 21:04:50,177 [INFO] webcam_perception: YOLO 추론 성공: detection 3건
2026-08-03 21:04:50,177 [INFO] webcam_perception.pipeline: ROI 필터링: 전체 3건 -> ROI 내 1건
2026-08-03 21:04:50,177 [INFO] webcam_perception.pipeline: best detection 선택: confidence=0.95
2026-08-03 21:04:50,177 [INFO] webcam_perception.pipeline: 정지 판정: stopped=True
2026-08-03 21:04:50,177 [INFO] webcam_perception.pipeline: 이번 정지 구간에서 이미 publish함 -> 스킵
2026-08-03 21:04:50,277 [INFO] webcam_perception: YOLO 추론 성공: detection 2건
2026-08-03 21:04:50,277 [INFO] webcam_perception.pipeline: ROI 필터링: 전체 2건 -> ROI 내 1건
2026-08-03 21:04:50,278 [INFO] webcam_perception.pipeline: best detection 선택: confidence=0.95
2026-08-03 21:04:50,278 [INFO] webcam_perception.pipeline: 정지 판정: stopped=True
2026-08-03 21:04:50,278 [INFO] webcam_perception.pipeline: 이번 정지 구간에서 이미 publish함 -> 스킵
2026-08-03 21:04:50,376 [INFO] webcam_perception: YOLO 추론 성공: detection 2건
2026-08-03 21:04:50,377 [INFO] webcam_perception.pipeline: ROI 필터링: 전체 2건 -> ROI 내 1건
2026-08-03 21:04:50,377 [INFO] webcam_perception.pipeline: best detection 선택: confidence=0.95
2026-08-03 21:04:50,377 [INFO] webcam_perception.pipeline: 정지 판정: stopped=True
2026-08-03 21:04:50,377 [INFO] webcam_perception.pipeline: 이번 정지 구간에서 이미 publish함 -> 스킵
2026-08-03 21:04:50,478 [INFO] webcam_perception: YOLO 추론 성공: detection 2건
2026-08-03 21:04:50,479 [INFO] webcam_perception.pipeline: ROI 필터링: 전체 2건 -> ROI 내 1건
2026-08-03 21:04:50,479 [INFO] webcam_perception.pipeline: best detection 선택: confidence=0.95
2026-08-03 21:04:50,479 [INFO] webcam_perception.pipeline: 정지 판정: stopped=True
2026-08-03 21:04:50,479 [INFO] webcam_perception.pipeline: 이번 정지 구간에서 이미 publish함 -> 스킵
2026-08-03 21:04:50,578 [INFO] webcam_perception: YOLO 추론 성공: detection 2건
2026-08-03 21:04:50,579 [INFO] webcam_perception.pipeline: ROI 필터링: 전체 2건 -> ROI 내 1건
2026-08-03 21:04:50,579 [INFO] webcam_perception.pipeline: best detection 선택: confidence=0.95
2026-08-03 21:04:50,579 [INFO] webcam_perception.pipeline: 정지 판정: stopped=True
2026-08-03 21:04:50,579 [INFO] webcam_perception.pipeline: 이번 정지 구간에서 이미 publish함 -> 스킵
2026-08-03 21:04:50,677 [INFO] webcam_perception: YOLO 추론 성공: detection 2건
2026-08-03 21:04:50,677 [INFO] webcam_perception.pipeline: ROI 필터링: 전체 2건 -> ROI 내 1건
2026-08-03 21:04:50,677 [INFO] webcam_perception.pipeline: best detection 선택: confidence=0.95
2026-08-03 21:04:50,677 [INFO] webcam_perception.pipeline: 정지 판정: stopped=True
2026-08-03 21:04:50,677 [INFO] webcam_perception.pipeline: 이번 정지 구간에서 이미 publish함 -> 스킵
2026-08-03 21:04:50,777 [INFO] webcam_perception: YOLO 추론 성공: detection 2건
2026-08-03 21:04:50,778 [INFO] webcam_perception.pipeline: ROI 필터링: 전체 2건 -> ROI 내 1건
2026-08-03 21:04:50,778 [INFO] webcam_perception.pipeline: best detection 선택: confidence=0.95
2026-08-03 21:04:50,778 [INFO] webcam_perception.pipeline: 정지 판정: stopped=True
2026-08-03 21:04:50,778 [INFO] webcam_perception.pipeline: 이번 정지 구간에서 이미 publish함 -> 스킵
2026-08-03 21:04:50,878 [INFO] webcam_perception: YOLO 추론 성공: detection 2건
2026-08-03 21:04:50,879 [INFO] webcam_perception.pipeline: ROI 필터링: 전체 2건 -> ROI 내 1건
2026-08-03 21:04:50,879 [INFO] webcam_perception.pipeline: best detection 선택: confidence=0.94
2026-08-03 21:04:50,879 [INFO] webcam_perception.pipeline: 정지 판정: stopped=True
2026-08-03 21:04:50,879 [INFO] webcam_perception.pipeline: 이번 정지 구간에서 이미 publish함 -> 스킵
2026-08-03 21:04:50,976 [INFO] webcam_perception: YOLO 추론 성공: detection 3건
2026-08-03 21:04:50,977 [INFO] webcam_perception.pipeline: ROI 필터링: 전체 3건 -> ROI 내 1건
2026-08-03 21:04:50,977 [INFO] webcam_perception.pipeline: best detection 선택: confidence=0.95
2026-08-03 21:04:50,977 [INFO] webcam_perception.pipeline: 정지 판정: stopped=True
2026-08-03 21:04:50,977 [INFO] webcam_perception.pipeline: 이번 정지 구간에서 이미 publish함 -> 스킵
2026-08-03 21:04:51,077 [INFO] webcam_perception: YOLO 추론 성공: detection 3건
2026-08-03 21:04:51,077 [INFO] webcam_perception.pipeline: ROI 필터링: 전체 3건 -> ROI 내 1건
2026-08-03 21:04:51,077 [INFO] webcam_perception.pipeline: best detection 선택: confidence=0.95
2026-08-03 21:04:51,077 [INFO] webcam_perception.pipeline: 정지 판정: stopped=True
2026-08-03 21:04:51,077 [INFO] webcam_perception.pipeline: 이번 정지 구간에서 이미 publish함 -> 스킵
2026-08-03 21:04:51,177 [INFO] webcam_perception: YOLO 추론 성공: detection 3건
2026-08-03 21:04:51,177 [INFO] webcam_perception.pipeline: ROI 필터링: 전체 3건 -> ROI 내 1건
2026-08-03 21:04:51,177 [INFO] webcam_perception.pipeline: best detection 선택: confidence=0.95
2026-08-03 21:04:51,177 [INFO] webcam_perception.pipeline: 정지 판정: stopped=True
2026-08-03 21:04:51,177 [INFO] webcam_perception.pipeline: 이번 정지 구간에서 이미 publish함 -> 스킵
2026-08-03 21:04:51,279 [INFO] webcam_perception: YOLO 추론 성공: detection 2건
2026-08-03 21:04:51,279 [INFO] webcam_perception.pipeline: ROI 필터링: 전체 2건 -> ROI 내 1건
2026-08-03 21:04:51,279 [INFO] webcam_perception.pipeline: best detection 선택: confidence=0.94
2026-08-03 21:04:51,279 [INFO] webcam_perception.pipeline: 정지 판정: stopped=True
2026-08-03 21:04:51,279 [INFO] webcam_perception.pipeline: 이번 정지 구간에서 이미 publish함 -> 스킵
2026-08-03 21:04:51,377 [INFO] webcam_perception: YOLO 추론 성공: detection 2건
2026-08-03 21:04:51,378 [INFO] webcam_perception.pipeline: ROI 필터링: 전체 2건 -> ROI 내 1건
2026-08-03 21:04:51,378 [INFO] webcam_perception.pipeline: best detection 선택: confidence=0.95
2026-08-03 21:04:51,378 [INFO] webcam_perception.pipeline: 정지 판정: stopped=True
2026-08-03 21:04:51,378 [INFO] webcam_perception.pipeline: 이번 정지 구간에서 이미 publish함 -> 스킵
2026-08-03 21:04:51,476 [INFO] webcam_perception: YOLO 추론 성공: detection 2건
2026-08-03 21:04:51,476 [INFO] webcam_perception.pipeline: ROI 필터링: 전체 2건 -> ROI 내 1건
2026-08-03 21:04:51,477 [INFO] webcam_perception.pipeline: best detection 선택: confidence=0.95
2026-08-03 21:04:51,477 [INFO] webcam_perception.pipeline: 정지 판정: stopped=True
2026-08-03 21:04:51,477 [INFO] webcam_perception.pipeline: 이번 정지 구간에서 이미 publish함 -> 스킵
2026-08-03 21:04:51,579 [INFO] webcam_perception: YOLO 추론 성공: detection 2건
2026-08-03 21:04:51,579 [INFO] webcam_perception.pipeline: ROI 필터링: 전체 2건 -> ROI 내 1건
2026-08-03 21:04:51,579 [INFO] webcam_perception.pipeline: best detection 선택: confidence=0.95
2026-08-03 21:04:51,579 [INFO] webcam_perception.pipeline: 정지 판정: stopped=True
2026-08-03 21:04:51,579 [INFO] webcam_perception.pipeline: 이번 정지 구간에서 이미 publish함 -> 스킵
2026-08-03 21:04:51,676 [INFO] webcam_perception: YOLO 추론 성공: detection 3건
2026-08-03 21:04:51,676 [INFO] webcam_perception.pipeline: ROI 필터링: 전체 3건 -> ROI 내 1건
2026-08-03 21:04:51,676 [INFO] webcam_perception.pipeline: best detection 선택: confidence=0.95
2026-08-03 21:04:51,676 [INFO] webcam_perception.pipeline: 정지 판정: stopped=True
2026-08-03 21:04:51,676 [INFO] webcam_perception.pipeline: 이번 정지 구간에서 이미 publish함 -> 스킵
2026-08-03 21:04:51,777 [INFO] webcam_perception: YOLO 추론 성공: detection 2건
2026-08-03 21:04:51,777 [INFO] webcam_perception.pipeline: ROI 필터링: 전체 2건 -> ROI 내 1건
2026-08-03 21:04:51,778 [INFO] webcam_perception.pipeline: best detection 선택: confidence=0.95
2026-08-03 21:04:51,778 [INFO] webcam_perception.pipeline: 정지 판정: stopped=True
2026-08-03 21:04:51,778 [INFO] webcam_perception.pipeline: 이번 정지 구간에서 이미 publish함 -> 스킵
2026-08-03 21:04:51,877 [INFO] webcam_perception: YOLO 추론 성공: detection 2건
2026-08-03 21:04:51,877 [INFO] webcam_perception.pipeline: ROI 필터링: 전체 2건 -> ROI 내 1건
2026-08-03 21:04:51,877 [INFO] webcam_perception.pipeline: best detection 선택: confidence=0.94
2026-08-03 21:04:51,878 [INFO] webcam_perception.pipeline: 정지 판정: stopped=True
2026-08-03 21:04:51,878 [INFO] webcam_perception.pipeline: 이번 정지 구간에서 이미 publish함 -> 스킵
2026-08-03 21:04:51,976 [INFO] webcam_perception: YOLO 추론 성공: detection 2건
2026-08-03 21:04:51,977 [INFO] webcam_perception.pipeline: ROI 필터링: 전체 2건 -> ROI 내 1건
2026-08-03 21:04:51,977 [INFO] webcam_perception.pipeline: best detection 선택: confidence=0.95
2026-08-03 21:04:51,977 [INFO] webcam_perception.pipeline: 정지 판정: stopped=True
2026-08-03 21:04:51,977 [INFO] webcam_perception.pipeline: 이번 정지 구간에서 이미 publish함 -> 스킵
2026-08-03 21:04:52,078 [INFO] webcam_perception: YOLO 추론 성공: detection 2건
2026-08-03 21:04:52,078 [INFO] webcam_perception.pipeline: ROI 필터링: 전체 2건 -> ROI 내 1건
2026-08-03 21:04:52,078 [INFO] webcam_perception.pipeline: best detection 선택: confidence=0.95
2026-08-03 21:04:52,078 [INFO] webcam_perception.pipeline: 정지 판정: stopped=True
2026-08-03 21:04:52,078 [INFO] webcam_perception.pipeline: 이번 정지 구간에서 이미 publish함 -> 스킵
2026-08-03 21:04:52,178 [INFO] webcam_perception: YOLO 추론 성공: detection 2건
2026-08-03 21:04:52,178 [INFO] webcam_perception.pipeline: ROI 필터링: 전체 2건 -> ROI 내 1건
2026-08-03 21:04:52,178 [INFO] webcam_perception.pipeline: best detection 선택: confidence=0.94
2026-08-03 21:04:52,178 [INFO] webcam_perception.pipeline: 정지 판정: stopped=True
2026-08-03 21:04:52,178 [INFO] webcam_perception.pipeline: 이번 정지 구간에서 이미 publish함 -> 스킵
2026-08-03 21:04:52,277 [INFO] webcam_perception: YOLO 추론 성공: detection 2건
2026-08-03 21:04:52,277 [INFO] webcam_perception.pipeline: ROI 필터링: 전체 2건 -> ROI 내 1건
2026-08-03 21:04:52,277 [INFO] webcam_perception.pipeline: best detection 선택: confidence=0.95
2026-08-03 21:04:52,277 [INFO] webcam_perception.pipeline: 정지 판정: stopped=True
2026-08-03 21:04:52,277 [INFO] webcam_perception.pipeline: 이번 정지 구간에서 이미 publish함 -> 스킵
2026-08-03 21:04:52,377 [INFO] webcam_perception: YOLO 추론 성공: detection 2건
2026-08-03 21:04:52,378 [INFO] webcam_perception.pipeline: ROI 필터링: 전체 2건 -> ROI 내 1건
2026-08-03 21:04:52,378 [INFO] webcam_perception.pipeline: best detection 선택: confidence=0.94
2026-08-03 21:04:52,378 [INFO] webcam_perception.pipeline: 정지 판정: stopped=True
2026-08-03 21:04:52,378 [INFO] webcam_perception.pipeline: 이번 정지 구간에서 이미 publish함 -> 스킵
2026-08-03 21:04:52,477 [INFO] webcam_perception: YOLO 추론 성공: detection 3건
2026-08-03 21:04:52,477 [INFO] webcam_perception.pipeline: ROI 필터링: 전체 3건 -> ROI 내 1건
2026-08-03 21:04:52,477 [INFO] webcam_perception.pipeline: best detection 선택: confidence=0.95
2026-08-03 21:04:52,477 [INFO] webcam_perception.pipeline: 정지 판정: stopped=True
2026-08-03 21:04:52,477 [INFO] webcam_perception.pipeline: 이번 정지 구간에서 이미 publish함 -> 스킵
2026-08-03 21:04:52,576 [INFO] webcam_perception: YOLO 추론 성공: detection 2건
2026-08-03 21:04:52,577 [INFO] webcam_perception.pipeline: ROI 필터링: 전체 2건 -> ROI 내 1건
2026-08-03 21:04:52,577 [INFO] webcam_perception.pipeline: best detection 선택: confidence=0.95
2026-08-03 21:04:52,577 [INFO] webcam_perception.pipeline: 정지 판정: stopped=True
2026-08-03 21:04:52,577 [INFO] webcam_perception.pipeline: 이번 정지 구간에서 이미 publish함 -> 스킵
2026-08-03 21:04:52,678 [INFO] webcam_perception: YOLO 추론 성공: detection 3건
2026-08-03 21:04:52,678 [INFO] webcam_perception.pipeline: ROI 필터링: 전체 3건 -> ROI 내 1건
2026-08-03 21:04:52,678 [INFO] webcam_perception.pipeline: best detection 선택: confidence=0.94
2026-08-03 21:04:52,678 [INFO] webcam_perception.pipeline: 정지 판정: stopped=True
2026-08-03 21:04:52,678 [INFO] webcam_perception.pipeline: 이번 정지 구간에서 이미 publish함 -> 스킵
2026-08-03 21:04:52,777 [INFO] webcam_perception: YOLO 추론 성공: detection 3건
2026-08-03 21:04:52,777 [INFO] webcam_perception.pipeline: ROI 필터링: 전체 3건 -> ROI 내 1건
2026-08-03 21:04:52,777 [INFO] webcam_perception.pipeline: best detection 선택: confidence=0.95
2026-08-03 21:04:52,777 [INFO] webcam_perception.pipeline: 정지 판정: stopped=True
2026-08-03 21:04:52,777 [INFO] webcam_perception.pipeline: 이번 정지 구간에서 이미 publish함 -> 스킵
2026-08-03 21:04:52,876 [INFO] webcam_perception: YOLO 추론 성공: detection 2건
2026-08-03 21:04:52,877 [INFO] webcam_perception.pipeline: ROI 필터링: 전체 2건 -> ROI 내 1건
2026-08-03 21:04:52,877 [INFO] webcam_perception.pipeline: best detection 선택: confidence=0.96
2026-08-03 21:04:52,877 [INFO] webcam_perception.pipeline: 정지 판정: stopped=True
2026-08-03 21:04:52,877 [INFO] webcam_perception.pipeline: 이번 정지 구간에서 이미 publish함 -> 스킵
2026-08-03 21:04:52,977 [INFO] webcam_perception: YOLO 추론 성공: detection 2건
2026-08-03 21:04:52,978 [INFO] webcam_perception.pipeline: ROI 필터링: 전체 2건 -> ROI 내 1건
2026-08-03 21:04:52,978 [INFO] webcam_perception.pipeline: best detection 선택: confidence=0.94
2026-08-03 21:04:52,978 [INFO] webcam_perception.pipeline: 정지 판정: stopped=True
2026-08-03 21:04:52,978 [INFO] webcam_perception.pipeline: 이번 정지 구간에서 이미 publish함 -> 스킵
2026-08-03 21:04:53,079 [INFO] webcam_perception: YOLO 추론 성공: detection 2건
2026-08-03 21:04:53,079 [INFO] webcam_perception.pipeline: ROI 필터링: 전체 2건 -> ROI 내 1건
2026-08-03 21:04:53,079 [INFO] webcam_perception.pipeline: best detection 선택: confidence=0.95
2026-08-03 21:04:53,079 [INFO] webcam_perception.pipeline: 정지 판정: stopped=True
2026-08-03 21:04:53,079 [INFO] webcam_perception.pipeline: 이번 정지 구간에서 이미 publish함 -> 스킵
2026-08-03 21:04:53,178 [INFO] webcam_perception: YOLO 추론 성공: detection 2건
2026-08-03 21:04:53,178 [INFO] webcam_perception.pipeline: ROI 필터링: 전체 2건 -> ROI 내 1건
2026-08-03 21:04:53,179 [INFO] webcam_perception.pipeline: best detection 선택: confidence=0.95
2026-08-03 21:04:53,179 [INFO] webcam_perception.pipeline: 정지 판정: stopped=True
2026-08-03 21:04:53,179 [INFO] webcam_perception.pipeline: 이번 정지 구간에서 이미 publish함 -> 스킵
2026-08-03 21:04:53,278 [INFO] webcam_perception: YOLO 추론 성공: detection 2건
2026-08-03 21:04:53,278 [INFO] webcam_perception.pipeline: ROI 필터링: 전체 2건 -> ROI 내 1건
2026-08-03 21:04:53,278 [INFO] webcam_perception.pipeline: best detection 선택: confidence=0.94
2026-08-03 21:04:53,278 [INFO] webcam_perception.pipeline: 정지 판정: stopped=True
2026-08-03 21:04:53,278 [INFO] webcam_perception.pipeline: 이번 정지 구간에서 이미 publish함 -> 스킵
2026-08-03 21:04:53,376 [INFO] webcam_perception: YOLO 추론 성공: detection 2건
2026-08-03 21:04:53,377 [INFO] webcam_perception.pipeline: ROI 필터링: 전체 2건 -> ROI 내 1건
2026-08-03 21:04:53,377 [INFO] webcam_perception.pipeline: best detection 선택: confidence=0.95
2026-08-03 21:04:53,377 [INFO] webcam_perception.pipeline: 정지 판정: stopped=True
2026-08-03 21:04:53,377 [INFO] webcam_perception.pipeline: 이번 정지 구간에서 이미 publish함 -> 스킵
2026-08-03 21:04:53,477 [INFO] webcam_perception: YOLO 추론 성공: detection 2건
2026-08-03 21:04:53,477 [INFO] webcam_perception.pipeline: ROI 필터링: 전체 2건 -> ROI 내 1건
2026-08-03 21:04:53,477 [INFO] webcam_perception.pipeline: best detection 선택: confidence=0.94
2026-08-03 21:04:53,477 [INFO] webcam_perception.pipeline: 정지 판정: stopped=True
2026-08-03 21:04:53,477 [INFO] webcam_perception.pipeline: 이번 정지 구간에서 이미 publish함 -> 스킵
2026-08-03 21:04:53,576 [INFO] webcam_perception: YOLO 추론 성공: detection 2건
2026-08-03 21:04:53,577 [INFO] webcam_perception.pipeline: ROI 필터링: 전체 2건 -> ROI 내 1건
2026-08-03 21:04:53,577 [INFO] webcam_perception.pipeline: best detection 선택: confidence=0.95
2026-08-03 21:04:53,577 [INFO] webcam_perception.pipeline: 정지 판정: stopped=True
2026-08-03 21:04:53,577 [INFO] webcam_perception.pipeline: 이번 정지 구간에서 이미 publish함 -> 스킵
2026-08-03 21:04:53,677 [INFO] webcam_perception: YOLO 추론 성공: detection 2건
2026-08-03 21:04:53,678 [INFO] webcam_perception.pipeline: ROI 필터링: 전체 2건 -> ROI 내 1건
2026-08-03 21:04:53,678 [INFO] webcam_perception.pipeline: best detection 선택: confidence=0.94
2026-08-03 21:04:53,678 [INFO] webcam_perception.pipeline: 정지 판정: stopped=True
2026-08-03 21:04:53,678 [INFO] webcam_perception.pipeline: 이번 정지 구간에서 이미 publish함 -> 스킵
2026-08-03 21:04:53,777 [INFO] webcam_perception: YOLO 추론 성공: detection 2건
2026-08-03 21:04:53,777 [INFO] webcam_perception.pipeline: ROI 필터링: 전체 2건 -> ROI 내 1건
2026-08-03 21:04:53,777 [INFO] webcam_perception.pipeline: best detection 선택: confidence=0.94
2026-08-03 21:04:53,778 [INFO] webcam_perception.pipeline: 정지 판정: stopped=True
2026-08-03 21:04:53,778 [INFO] webcam_perception.pipeline: 이번 정지 구간에서 이미 publish함 -> 스킵
2026-08-03 21:04:53,877 [INFO] webcam_perception: YOLO 추론 성공: detection 2건
2026-08-03 21:04:53,877 [INFO] webcam_perception.pipeline: ROI 필터링: 전체 2건 -> ROI 내 1건
2026-08-03 21:04:53,877 [INFO] webcam_perception.pipeline: best detection 선택: confidence=0.95
2026-08-03 21:04:53,877 [INFO] webcam_perception.pipeline: 정지 판정: stopped=True
2026-08-03 21:04:53,877 [INFO] webcam_perception.pipeline: 이번 정지 구간에서 이미 publish함 -> 스킵
2026-08-03 21:04:53,976 [INFO] webcam_perception: YOLO 추론 성공: detection 2건
2026-08-03 21:04:53,977 [INFO] webcam_perception.pipeline: ROI 필터링: 전체 2건 -> ROI 내 1건
2026-08-03 21:04:53,977 [INFO] webcam_perception.pipeline: best detection 선택: confidence=0.96
2026-08-03 21:04:53,977 [INFO] webcam_perception.pipeline: 정지 판정: stopped=True
2026-08-03 21:04:53,977 [INFO] webcam_perception.pipeline: 이번 정지 구간에서 이미 publish함 -> 스킵
2026-08-03 21:04:54,076 [INFO] webcam_perception: YOLO 추론 성공: detection 2건
2026-08-03 21:04:54,076 [INFO] webcam_perception.pipeline: ROI 필터링: 전체 2건 -> ROI 내 1건
2026-08-03 21:04:54,076 [INFO] webcam_perception.pipeline: best detection 선택: confidence=0.95
2026-08-03 21:04:54,077 [INFO] webcam_perception.pipeline: 정지 판정: stopped=True
2026-08-03 21:04:54,077 [INFO] webcam_perception.pipeline: 이번 정지 구간에서 이미 publish함 -> 스킵
2026-08-03 21:04:54,177 [INFO] webcam_perception: YOLO 추론 성공: detection 2건
2026-08-03 21:04:54,178 [INFO] webcam_perception.pipeline: ROI 필터링: 전체 2건 -> ROI 내 1건
2026-08-03 21:04:54,178 [INFO] webcam_perception.pipeline: best detection 선택: confidence=0.94
2026-08-03 21:04:54,178 [INFO] webcam_perception.pipeline: 정지 판정: stopped=True
2026-08-03 21:04:54,178 [INFO] webcam_perception.pipeline: 이번 정지 구간에서 이미 publish함 -> 스킵
2026-08-03 21:04:54,277 [INFO] webcam_perception: YOLO 추론 성공: detection 2건
2026-08-03 21:04:54,277 [INFO] webcam_perception.pipeline: ROI 필터링: 전체 2건 -> ROI 내 1건
2026-08-03 21:04:54,277 [INFO] webcam_perception.pipeline: best detection 선택: confidence=0.95
2026-08-03 21:04:54,277 [INFO] webcam_perception.pipeline: 정지 판정: stopped=True
2026-08-03 21:04:54,277 [INFO] webcam_perception.pipeline: 이번 정지 구간에서 이미 publish함 -> 스킵
2026-08-03 21:04:54,378 [INFO] webcam_perception: YOLO 추론 성공: detection 2건
2026-08-03 21:04:54,378 [INFO] webcam_perception.pipeline: ROI 필터링: 전체 2건 -> ROI 내 1건
2026-08-03 21:04:54,378 [INFO] webcam_perception.pipeline: best detection 선택: confidence=0.95
2026-08-03 21:04:54,378 [INFO] webcam_perception.pipeline: 정지 판정: stopped=True
2026-08-03 21:04:54,378 [INFO] webcam_perception.pipeline: 이번 정지 구간에서 이미 publish함 -> 스킵
2026-08-03 21:04:54,478 [INFO] webcam_perception: YOLO 추론 성공: detection 2건
2026-08-03 21:04:54,478 [INFO] webcam_perception.pipeline: ROI 필터링: 전체 2건 -> ROI 내 1건
2026-08-03 21:04:54,478 [INFO] webcam_perception.pipeline: best detection 선택: confidence=0.95
2026-08-03 21:04:54,478 [INFO] webcam_perception.pipeline: 정지 판정: stopped=True
2026-08-03 21:04:54,478 [INFO] webcam_perception.pipeline: 이번 정지 구간에서 이미 publish함 -> 스킵
2026-08-03 21:04:54,577 [INFO] webcam_perception: YOLO 추론 성공: detection 2건
2026-08-03 21:04:54,577 [INFO] webcam_perception.pipeline: ROI 필터링: 전체 2건 -> ROI 내 1건
2026-08-03 21:04:54,578 [INFO] webcam_perception.pipeline: best detection 선택: confidence=0.95
2026-08-03 21:04:54,578 [INFO] webcam_perception.pipeline: 정지 판정: stopped=True
2026-08-03 21:04:54,578 [INFO] webcam_perception.pipeline: 이번 정지 구간에서 이미 publish함 -> 스킵
2026-08-03 21:04:54,677 [INFO] webcam_perception: YOLO 추론 성공: detection 2건
2026-08-03 21:04:54,678 [INFO] webcam_perception.pipeline: ROI 필터링: 전체 2건 -> ROI 내 1건
2026-08-03 21:04:54,678 [INFO] webcam_perception.pipeline: best detection 선택: confidence=0.95
2026-08-03 21:04:54,678 [INFO] webcam_perception.pipeline: 정지 판정: stopped=True
2026-08-03 21:04:54,678 [INFO] webcam_perception.pipeline: 이번 정지 구간에서 이미 publish함 -> 스킵
2026-08-03 21:04:54,777 [INFO] webcam_perception: YOLO 추론 성공: detection 2건
2026-08-03 21:04:54,778 [INFO] webcam_perception.pipeline: ROI 필터링: 전체 2건 -> ROI 내 1건
2026-08-03 21:04:54,778 [INFO] webcam_perception.pipeline: best detection 선택: confidence=0.95
2026-08-03 21:04:54,778 [INFO] webcam_perception.pipeline: 정지 판정: stopped=True
2026-08-03 21:04:54,778 [INFO] webcam_perception.pipeline: 이번 정지 구간에서 이미 publish함 -> 스킵
2026-08-03 21:04:54,877 [INFO] webcam_perception: YOLO 추론 성공: detection 2건
2026-08-03 21:04:54,877 [INFO] webcam_perception.pipeline: ROI 필터링: 전체 2건 -> ROI 내 1건
2026-08-03 21:04:54,878 [INFO] webcam_perception.pipeline: best detection 선택: confidence=0.95
2026-08-03 21:04:54,878 [INFO] webcam_perception.pipeline: 정지 판정: stopped=True
2026-08-03 21:04:54,878 [INFO] webcam_perception.pipeline: 이번 정지 구간에서 이미 publish함 -> 스킵
2026-08-03 21:04:54,978 [INFO] webcam_perception: YOLO 추론 성공: detection 2건
2026-08-03 21:04:54,979 [INFO] webcam_perception.pipeline: ROI 필터링: 전체 2건 -> ROI 내 1건
2026-08-03 21:04:54,979 [INFO] webcam_perception.pipeline: best detection 선택: confidence=0.94
2026-08-03 21:04:54,979 [INFO] webcam_perception.pipeline: 정지 판정: stopped=True
2026-08-03 21:04:54,979 [INFO] webcam_perception.pipeline: 이번 정지 구간에서 이미 publish함 -> 스킵
2026-08-03 21:04:55,077 [INFO] webcam_perception: YOLO 추론 성공: detection 2건
2026-08-03 21:04:55,077 [INFO] webcam_perception.pipeline: ROI 필터링: 전체 2건 -> ROI 내 1건
2026-08-03 21:04:55,078 [INFO] webcam_perception.pipeline: best detection 선택: confidence=0.95
2026-08-03 21:04:55,078 [INFO] webcam_perception.pipeline: 정지 판정: stopped=True
2026-08-03 21:04:55,078 [INFO] webcam_perception.pipeline: 이번 정지 구간에서 이미 publish함 -> 스킵
2026-08-03 21:04:55,176 [INFO] webcam_perception: YOLO 추론 성공: detection 2건
2026-08-03 21:04:55,176 [INFO] webcam_perception.pipeline: ROI 필터링: 전체 2건 -> ROI 내 1건
2026-08-03 21:04:55,177 [INFO] webcam_perception.pipeline: best detection 선택: confidence=0.94
2026-08-03 21:04:55,177 [INFO] webcam_perception.pipeline: 정지 판정: stopped=True
2026-08-03 21:04:55,177 [INFO] webcam_perception.pipeline: 이번 정지 구간에서 이미 publish함 -> 스킵
2026-08-03 21:04:55,279 [INFO] webcam_perception: YOLO 추론 성공: detection 2건
2026-08-03 21:04:55,279 [INFO] webcam_perception.pipeline: ROI 필터링: 전체 2건 -> ROI 내 1건
2026-08-03 21:04:55,280 [INFO] webcam_perception.pipeline: best detection 선택: confidence=0.95
2026-08-03 21:04:55,280 [INFO] webcam_perception.pipeline: 정지 판정: stopped=True
2026-08-03 21:04:55,280 [INFO] webcam_perception.pipeline: 이번 정지 구간에서 이미 publish함 -> 스킵
2026-08-03 21:04:55,379 [INFO] webcam_perception: YOLO 추론 성공: detection 3건
2026-08-03 21:04:55,379 [INFO] webcam_perception.pipeline: ROI 필터링: 전체 3건 -> ROI 내 1건
2026-08-03 21:04:55,379 [INFO] webcam_perception.pipeline: best detection 선택: confidence=0.95
2026-08-03 21:04:55,379 [INFO] webcam_perception.pipeline: 정지 판정: stopped=True
2026-08-03 21:04:55,379 [INFO] webcam_perception.pipeline: 이번 정지 구간에서 이미 publish함 -> 스킵
2026-08-03 21:04:55,477 [INFO] webcam_perception: YOLO 추론 성공: detection 2건
2026-08-03 21:04:55,477 [INFO] webcam_perception.pipeline: ROI 필터링: 전체 2건 -> ROI 내 1건
2026-08-03 21:04:55,477 [INFO] webcam_perception.pipeline: best detection 선택: confidence=0.94
2026-08-03 21:04:55,478 [INFO] webcam_perception.pipeline: 정지 판정: stopped=True
2026-08-03 21:04:55,478 [INFO] webcam_perception.pipeline: 이번 정지 구간에서 이미 publish함 -> 스킵
2026-08-03 21:04:55,576 [INFO] webcam_perception: YOLO 추론 성공: detection 2건
2026-08-03 21:04:55,577 [INFO] webcam_perception.pipeline: ROI 필터링: 전체 2건 -> ROI 내 1건
2026-08-03 21:04:55,577 [INFO] webcam_perception.pipeline: best detection 선택: confidence=0.95
2026-08-03 21:04:55,577 [INFO] webcam_perception.pipeline: 정지 판정: stopped=True
2026-08-03 21:04:55,577 [INFO] webcam_perception.pipeline: 이번 정지 구간에서 이미 publish함 -> 스킵
2026-08-03 21:04:55,677 [INFO] webcam_perception: YOLO 추론 성공: detection 2건
2026-08-03 21:04:55,677 [INFO] webcam_perception.pipeline: ROI 필터링: 전체 2건 -> ROI 내 1건
2026-08-03 21:04:55,677 [INFO] webcam_perception.pipeline: best detection 선택: confidence=0.95
2026-08-03 21:04:55,677 [INFO] webcam_perception.pipeline: 정지 판정: stopped=True
2026-08-03 21:04:55,677 [INFO] webcam_perception.pipeline: 이번 정지 구간에서 이미 publish함 -> 스킵
2026-08-03 21:04:55,777 [INFO] webcam_perception: YOLO 추론 성공: detection 2건
2026-08-03 21:04:55,778 [INFO] webcam_perception.pipeline: ROI 필터링: 전체 2건 -> ROI 내 1건
2026-08-03 21:04:55,778 [INFO] webcam_perception.pipeline: best detection 선택: confidence=0.95
2026-08-03 21:04:55,778 [INFO] webcam_perception.pipeline: 정지 판정: stopped=True
2026-08-03 21:04:55,778 [INFO] webcam_perception.pipeline: 이번 정지 구간에서 이미 publish함 -> 스킵
2026-08-03 21:04:55,877 [INFO] webcam_perception: YOLO 추론 성공: detection 2건
2026-08-03 21:04:55,878 [INFO] webcam_perception.pipeline: ROI 필터링: 전체 2건 -> ROI 내 1건
2026-08-03 21:04:55,878 [INFO] webcam_perception.pipeline: best detection 선택: confidence=0.95
2026-08-03 21:04:55,878 [INFO] webcam_perception.pipeline: 정지 판정: stopped=True
2026-08-03 21:04:55,878 [INFO] webcam_perception.pipeline: 이번 정지 구간에서 이미 publish함 -> 스킵
2026-08-03 21:04:55,976 [INFO] webcam_perception: YOLO 추론 성공: detection 2건
2026-08-03 21:04:55,977 [INFO] webcam_perception.pipeline: ROI 필터링: 전체 2건 -> ROI 내 1건
2026-08-03 21:04:55,977 [INFO] webcam_perception.pipeline: best detection 선택: confidence=0.95
2026-08-03 21:04:55,977 [INFO] webcam_perception.pipeline: 정지 판정: stopped=True
2026-08-03 21:04:55,977 [INFO] webcam_perception.pipeline: 이번 정지 구간에서 이미 publish함 -> 스킵
2026-08-03 21:04:56,078 [INFO] webcam_perception: YOLO 추론 성공: detection 2건
2026-08-03 21:04:56,079 [INFO] webcam_perception.pipeline: ROI 필터링: 전체 2건 -> ROI 내 1건
2026-08-03 21:04:56,079 [INFO] webcam_perception.pipeline: best detection 선택: confidence=0.95
2026-08-03 21:04:56,079 [INFO] webcam_perception.pipeline: 정지 판정: stopped=True
2026-08-03 21:04:56,079 [INFO] webcam_perception.pipeline: 이번 정지 구간에서 이미 publish함 -> 스킵
2026-08-03 21:04:56,177 [INFO] webcam_perception: YOLO 추론 성공: detection 2건
2026-08-03 21:04:56,177 [INFO] webcam_perception.pipeline: ROI 필터링: 전체 2건 -> ROI 내 1건
2026-08-03 21:04:56,177 [INFO] webcam_perception.pipeline: best detection 선택: confidence=0.94
2026-08-03 21:04:56,177 [INFO] webcam_perception.pipeline: 정지 판정: stopped=True
2026-08-03 21:04:56,177 [INFO] webcam_perception.pipeline: 이번 정지 구간에서 이미 publish함 -> 스킵
2026-08-03 21:04:56,276 [INFO] webcam_perception: YOLO 추론 성공: detection 2건
2026-08-03 21:04:56,276 [INFO] webcam_perception.pipeline: ROI 필터링: 전체 2건 -> ROI 내 1건
2026-08-03 21:04:56,276 [INFO] webcam_perception.pipeline: best detection 선택: confidence=0.95
2026-08-03 21:04:56,276 [INFO] webcam_perception.pipeline: 정지 판정: stopped=True
2026-08-03 21:04:56,276 [INFO] webcam_perception.pipeline: 이번 정지 구간에서 이미 publish함 -> 스킵
2026-08-03 21:04:56,376 [INFO] webcam_perception: YOLO 추론 성공: detection 2건
2026-08-03 21:04:56,376 [INFO] webcam_perception.pipeline: ROI 필터링: 전체 2건 -> ROI 내 1건
2026-08-03 21:04:56,376 [INFO] webcam_perception.pipeline: best detection 선택: confidence=0.94
2026-08-03 21:04:56,376 [INFO] webcam_perception.pipeline: 정지 판정: stopped=True
2026-08-03 21:04:56,376 [INFO] webcam_perception.pipeline: 이번 정지 구간에서 이미 publish함 -> 스킵
2026-08-03 21:04:56,477 [INFO] webcam_perception: YOLO 추론 성공: detection 2건
2026-08-03 21:04:56,477 [INFO] webcam_perception.pipeline: ROI 필터링: 전체 2건 -> ROI 내 1건
2026-08-03 21:04:56,477 [INFO] webcam_perception.pipeline: best detection 선택: confidence=0.95
2026-08-03 21:04:56,477 [INFO] webcam_perception.pipeline: 정지 판정: stopped=True
2026-08-03 21:04:56,477 [INFO] webcam_perception.pipeline: 이번 정지 구간에서 이미 publish함 -> 스킵
2026-08-03 21:04:56,577 [INFO] webcam_perception: YOLO 추론 성공: detection 2건
2026-08-03 21:04:56,578 [INFO] webcam_perception.pipeline: ROI 필터링: 전체 2건 -> ROI 내 1건
2026-08-03 21:04:56,578 [INFO] webcam_perception.pipeline: best detection 선택: confidence=0.95
2026-08-03 21:04:56,578 [INFO] webcam_perception.pipeline: 정지 판정: stopped=True
2026-08-03 21:04:56,578 [INFO] webcam_perception.pipeline: 이번 정지 구간에서 이미 publish함 -> 스킵
2026-08-03 21:04:56,677 [INFO] webcam_perception: YOLO 추론 성공: detection 2건
2026-08-03 21:04:56,677 [INFO] webcam_perception.pipeline: ROI 필터링: 전체 2건 -> ROI 내 1건
2026-08-03 21:04:56,677 [INFO] webcam_perception.pipeline: best detection 선택: confidence=0.95
2026-08-03 21:04:56,677 [INFO] webcam_perception.pipeline: 정지 판정: stopped=True
2026-08-03 21:04:56,677 [INFO] webcam_perception.pipeline: 이번 정지 구간에서 이미 publish함 -> 스킵
2026-08-03 21:04:56,777 [INFO] webcam_perception: YOLO 추론 성공: detection 2건
2026-08-03 21:04:56,777 [INFO] webcam_perception.pipeline: ROI 필터링: 전체 2건 -> ROI 내 1건
2026-08-03 21:04:56,777 [INFO] webcam_perception.pipeline: best detection 선택: confidence=0.95
2026-08-03 21:04:56,777 [INFO] webcam_perception.pipeline: 정지 판정: stopped=True
2026-08-03 21:04:56,777 [INFO] webcam_perception.pipeline: 이번 정지 구간에서 이미 publish함 -> 스킵
2026-08-03 21:04:56,879 [INFO] webcam_perception: YOLO 추론 성공: detection 2건
2026-08-03 21:04:56,879 [INFO] webcam_perception.pipeline: ROI 필터링: 전체 2건 -> ROI 내 1건
2026-08-03 21:04:56,879 [INFO] webcam_perception.pipeline: best detection 선택: confidence=0.95
2026-08-03 21:04:56,879 [INFO] webcam_perception.pipeline: 정지 판정: stopped=True
2026-08-03 21:04:56,879 [INFO] webcam_perception.pipeline: 이번 정지 구간에서 이미 publish함 -> 스킵
2026-08-03 21:04:56,977 [INFO] webcam_perception: YOLO 추론 성공: detection 2건
2026-08-03 21:04:56,977 [INFO] webcam_perception.pipeline: ROI 필터링: 전체 2건 -> ROI 내 1건
2026-08-03 21:04:56,977 [INFO] webcam_perception.pipeline: best detection 선택: confidence=0.95
2026-08-03 21:04:56,977 [INFO] webcam_perception.pipeline: 정지 판정: stopped=True
2026-08-03 21:04:56,977 [INFO] webcam_perception.pipeline: 이번 정지 구간에서 이미 publish함 -> 스킵
2026-08-03 21:04:57,077 [INFO] webcam_perception: YOLO 추론 성공: detection 2건
2026-08-03 21:04:57,077 [INFO] webcam_perception.pipeline: ROI 필터링: 전체 2건 -> ROI 내 1건
2026-08-03 21:04:57,077 [INFO] webcam_perception.pipeline: best detection 선택: confidence=0.95
2026-08-03 21:04:57,077 [INFO] webcam_perception.pipeline: 정지 판정: stopped=True
2026-08-03 21:04:57,077 [INFO] webcam_perception.pipeline: 이번 정지 구간에서 이미 publish함 -> 스킵
2026-08-03 21:04:57,178 [INFO] webcam_perception: YOLO 추론 성공: detection 2건
2026-08-03 21:04:57,178 [INFO] webcam_perception.pipeline: ROI 필터링: 전체 2건 -> ROI 내 1건
2026-08-03 21:04:57,178 [INFO] webcam_perception.pipeline: best detection 선택: confidence=0.95
2026-08-03 21:04:57,178 [INFO] webcam_perception.pipeline: 정지 판정: stopped=True
2026-08-03 21:04:57,178 [INFO] webcam_perception.pipeline: 이번 정지 구간에서 이미 publish함 -> 스킵
2026-08-03 21:04:57,277 [INFO] webcam_perception: YOLO 추론 성공: detection 2건
2026-08-03 21:04:57,277 [INFO] webcam_perception.pipeline: ROI 필터링: 전체 2건 -> ROI 내 1건
2026-08-03 21:04:57,277 [INFO] webcam_perception.pipeline: best detection 선택: confidence=0.95
2026-08-03 21:04:57,277 [INFO] webcam_perception.pipeline: 정지 판정: stopped=True
2026-08-03 21:04:57,277 [INFO] webcam_perception.pipeline: 이번 정지 구간에서 이미 publish함 -> 스킵
2026-08-03 21:04:57,376 [INFO] webcam_perception: YOLO 추론 성공: detection 2건
2026-08-03 21:04:57,377 [INFO] webcam_perception.pipeline: ROI 필터링: 전체 2건 -> ROI 내 1건
2026-08-03 21:04:57,377 [INFO] webcam_perception.pipeline: best detection 선택: confidence=0.95
2026-08-03 21:04:57,377 [INFO] webcam_perception.pipeline: 정지 판정: stopped=True
2026-08-03 21:04:57,377 [INFO] webcam_perception.pipeline: 이번 정지 구간에서 이미 publish함 -> 스킵
2026-08-03 21:04:57,477 [INFO] webcam_perception: YOLO 추론 성공: detection 2건
2026-08-03 21:04:57,477 [INFO] webcam_perception.pipeline: ROI 필터링: 전체 2건 -> ROI 내 1건
2026-08-03 21:04:57,477 [INFO] webcam_perception.pipeline: best detection 선택: confidence=0.95
2026-08-03 21:04:57,477 [INFO] webcam_perception.pipeline: 정지 판정: stopped=True
2026-08-03 21:04:57,477 [INFO] webcam_perception.pipeline: 이번 정지 구간에서 이미 publish함 -> 스킵
2026-08-03 21:04:57,580 [INFO] webcam_perception: YOLO 추론 성공: detection 2건
2026-08-03 21:04:57,580 [INFO] webcam_perception.pipeline: ROI 필터링: 전체 2건 -> ROI 내 1건
2026-08-03 21:04:57,580 [INFO] webcam_perception.pipeline: best detection 선택: confidence=0.94
2026-08-03 21:04:57,581 [INFO] webcam_perception.pipeline: 정지 판정: stopped=True
2026-08-03 21:04:57,581 [INFO] webcam_perception.pipeline: 이번 정지 구간에서 이미 publish함 -> 스킵
2026-08-03 21:04:57,677 [INFO] webcam_perception: YOLO 추론 성공: detection 2건
2026-08-03 21:04:57,678 [INFO] webcam_perception.pipeline: ROI 필터링: 전체 2건 -> ROI 내 1건
2026-08-03 21:04:57,678 [INFO] webcam_perception.pipeline: best detection 선택: confidence=0.95
2026-08-03 21:04:57,678 [INFO] webcam_perception.pipeline: 정지 판정: stopped=True
2026-08-03 21:04:57,678 [INFO] webcam_perception.pipeline: 이번 정지 구간에서 이미 publish함 -> 스킵
2026-08-03 21:04:57,777 [INFO] webcam_perception: YOLO 추론 성공: detection 3건
2026-08-03 21:04:57,777 [INFO] webcam_perception.pipeline: ROI 필터링: 전체 3건 -> ROI 내 1건
2026-08-03 21:04:57,777 [INFO] webcam_perception.pipeline: best detection 선택: confidence=0.95
2026-08-03 21:04:57,777 [INFO] webcam_perception.pipeline: 정지 판정: stopped=True
2026-08-03 21:04:57,777 [INFO] webcam_perception.pipeline: 이번 정지 구간에서 이미 publish함 -> 스킵
2026-08-03 21:04:57,878 [INFO] webcam_perception: YOLO 추론 성공: detection 3건
2026-08-03 21:04:57,878 [INFO] webcam_perception.pipeline: ROI 필터링: 전체 3건 -> ROI 내 1건
2026-08-03 21:04:57,878 [INFO] webcam_perception.pipeline: best detection 선택: confidence=0.95
2026-08-03 21:04:57,878 [INFO] webcam_perception.pipeline: 정지 판정: stopped=True
2026-08-03 21:04:57,878 [INFO] webcam_perception.pipeline: 이번 정지 구간에서 이미 publish함 -> 스킵
2026-08-03 21:04:57,977 [INFO] webcam_perception: YOLO 추론 성공: detection 2건
2026-08-03 21:04:57,977 [INFO] webcam_perception.pipeline: ROI 필터링: 전체 2건 -> ROI 내 1건
2026-08-03 21:04:57,977 [INFO] webcam_perception.pipeline: best detection 선택: confidence=0.95
2026-08-03 21:04:57,977 [INFO] webcam_perception.pipeline: 정지 판정: stopped=True
2026-08-03 21:04:57,977 [INFO] webcam_perception.pipeline: 이번 정지 구간에서 이미 publish함 -> 스킵
2026-08-03 21:04:58,076 [INFO] webcam_perception: YOLO 추론 성공: detection 2건
2026-08-03 21:04:58,077 [INFO] webcam_perception.pipeline: ROI 필터링: 전체 2건 -> ROI 내 1건
2026-08-03 21:04:58,077 [INFO] webcam_perception.pipeline: best detection 선택: confidence=0.95
2026-08-03 21:04:58,077 [INFO] webcam_perception.pipeline: 정지 판정: stopped=True
2026-08-03 21:04:58,077 [INFO] webcam_perception.pipeline: 이번 정지 구간에서 이미 publish함 -> 스킵
2026-08-03 21:04:58,178 [INFO] webcam_perception: YOLO 추론 성공: detection 2건
2026-08-03 21:04:58,179 [INFO] webcam_perception.pipeline: ROI 필터링: 전체 2건 -> ROI 내 1건
2026-08-03 21:04:58,179 [INFO] webcam_perception.pipeline: best detection 선택: confidence=0.95
2026-08-03 21:04:58,179 [INFO] webcam_perception.pipeline: 정지 판정: stopped=True
2026-08-03 21:04:58,179 [INFO] webcam_perception.pipeline: 이번 정지 구간에서 이미 publish함 -> 스킵
2026-08-03 21:04:58,278 [INFO] webcam_perception: YOLO 추론 성공: detection 2건
2026-08-03 21:04:58,278 [INFO] webcam_perception.pipeline: ROI 필터링: 전체 2건 -> ROI 내 1건
2026-08-03 21:04:58,278 [INFO] webcam_perception.pipeline: best detection 선택: confidence=0.95
2026-08-03 21:04:58,278 [INFO] webcam_perception.pipeline: 정지 판정: stopped=True
2026-08-03 21:04:58,278 [INFO] webcam_perception.pipeline: 이번 정지 구간에서 이미 publish함 -> 스킵
2026-08-03 21:04:58,377 [INFO] webcam_perception: YOLO 추론 성공: detection 2건
2026-08-03 21:04:58,378 [INFO] webcam_perception.pipeline: ROI 필터링: 전체 2건 -> ROI 내 1건
2026-08-03 21:04:58,378 [INFO] webcam_perception.pipeline: best detection 선택: confidence=0.94
2026-08-03 21:04:58,378 [INFO] webcam_perception.pipeline: 정지 판정: stopped=True
2026-08-03 21:04:58,378 [INFO] webcam_perception.pipeline: 이번 정지 구간에서 이미 publish함 -> 스킵
2026-08-03 21:04:58,479 [INFO] webcam_perception: YOLO 추론 성공: detection 2건
2026-08-03 21:04:58,479 [INFO] webcam_perception.pipeline: ROI 필터링: 전체 2건 -> ROI 내 1건
2026-08-03 21:04:58,479 [INFO] webcam_perception.pipeline: best detection 선택: confidence=0.94
2026-08-03 21:04:58,479 [INFO] webcam_perception.pipeline: 정지 판정: stopped=True
2026-08-03 21:04:58,479 [INFO] webcam_perception.pipeline: 이번 정지 구간에서 이미 publish함 -> 스킵
2026-08-03 21:04:58,578 [INFO] webcam_perception: YOLO 추론 성공: detection 2건
2026-08-03 21:04:58,578 [INFO] webcam_perception.pipeline: ROI 필터링: 전체 2건 -> ROI 내 1건
2026-08-03 21:04:58,578 [INFO] webcam_perception.pipeline: best detection 선택: confidence=0.95
2026-08-03 21:04:58,578 [INFO] webcam_perception.pipeline: 정지 판정: stopped=True
2026-08-03 21:04:58,578 [INFO] webcam_perception.pipeline: 이번 정지 구간에서 이미 publish함 -> 스킵
2026-08-03 21:04:58,677 [INFO] webcam_perception: YOLO 추론 성공: detection 2건
2026-08-03 21:04:58,677 [INFO] webcam_perception.pipeline: ROI 필터링: 전체 2건 -> ROI 내 1건
2026-08-03 21:04:58,677 [INFO] webcam_perception.pipeline: best detection 선택: confidence=0.95
2026-08-03 21:04:58,677 [INFO] webcam_perception.pipeline: 정지 판정: stopped=True
2026-08-03 21:04:58,677 [INFO] webcam_perception.pipeline: 이번 정지 구간에서 이미 publish함 -> 스킵
2026-08-03 21:04:58,776 [INFO] webcam_perception: YOLO 추론 성공: detection 3건
2026-08-03 21:04:58,776 [INFO] webcam_perception.pipeline: ROI 필터링: 전체 3건 -> ROI 내 1건
2026-08-03 21:04:58,776 [INFO] webcam_perception.pipeline: best detection 선택: confidence=0.95
2026-08-03 21:04:58,777 [INFO] webcam_perception.pipeline: 정지 판정: stopped=True
2026-08-03 21:04:58,777 [INFO] webcam_perception.pipeline: 이번 정지 구간에서 이미 publish함 -> 스킵
2026-08-03 21:04:58,877 [INFO] webcam_perception: YOLO 추론 성공: detection 2건
2026-08-03 21:04:58,877 [INFO] webcam_perception.pipeline: ROI 필터링: 전체 2건 -> ROI 내 1건
2026-08-03 21:04:58,878 [INFO] webcam_perception.pipeline: best detection 선택: confidence=0.95
2026-08-03 21:04:58,878 [INFO] webcam_perception.pipeline: 정지 판정: stopped=True
2026-08-03 21:04:58,878 [INFO] webcam_perception.pipeline: 이번 정지 구간에서 이미 publish함 -> 스킵
2026-08-03 21:04:58,976 [INFO] webcam_perception: YOLO 추론 성공: detection 2건
2026-08-03 21:04:58,976 [INFO] webcam_perception.pipeline: ROI 필터링: 전체 2건 -> ROI 내 1건
2026-08-03 21:04:58,976 [INFO] webcam_perception.pipeline: best detection 선택: confidence=0.94
2026-08-03 21:04:58,976 [INFO] webcam_perception.pipeline: 정지 판정: stopped=True
2026-08-03 21:04:58,977 [INFO] webcam_perception.pipeline: 이번 정지 구간에서 이미 publish함 -> 스킵
2026-08-03 21:04:59,078 [INFO] webcam_perception: YOLO 추론 성공: detection 2건
2026-08-03 21:04:59,078 [INFO] webcam_perception.pipeline: ROI 필터링: 전체 2건 -> ROI 내 1건
2026-08-03 21:04:59,078 [INFO] webcam_perception.pipeline: best detection 선택: confidence=0.94
2026-08-03 21:04:59,078 [INFO] webcam_perception.pipeline: 정지 판정: stopped=True
2026-08-03 21:04:59,078 [INFO] webcam_perception.pipeline: 이번 정지 구간에서 이미 publish함 -> 스킵
2026-08-03 21:04:59,176 [INFO] webcam_perception: YOLO 추론 성공: detection 2건
2026-08-03 21:04:59,176 [INFO] webcam_perception.pipeline: ROI 필터링: 전체 2건 -> ROI 내 1건
2026-08-03 21:04:59,176 [INFO] webcam_perception.pipeline: best detection 선택: confidence=0.94
2026-08-03 21:04:59,176 [INFO] webcam_perception.pipeline: 정지 판정: stopped=True
2026-08-03 21:04:59,176 [INFO] webcam_perception.pipeline: 이번 정지 구간에서 이미 publish함 -> 스킵
2026-08-03 21:04:59,278 [INFO] webcam_perception: YOLO 추론 성공: detection 2건
2026-08-03 21:04:59,279 [INFO] webcam_perception.pipeline: ROI 필터링: 전체 2건 -> ROI 내 1건
2026-08-03 21:04:59,279 [INFO] webcam_perception.pipeline: best detection 선택: confidence=0.94
2026-08-03 21:04:59,279 [INFO] webcam_perception.pipeline: 정지 판정: stopped=True
2026-08-03 21:04:59,279 [INFO] webcam_perception.pipeline: 이번 정지 구간에서 이미 publish함 -> 스킵
2026-08-03 21:04:59,378 [INFO] webcam_perception: YOLO 추론 성공: detection 3건
2026-08-03 21:04:59,378 [INFO] webcam_perception.pipeline: ROI 필터링: 전체 3건 -> ROI 내 1건
2026-08-03 21:04:59,379 [INFO] webcam_perception.pipeline: best detection 선택: confidence=0.94
2026-08-03 21:04:59,379 [INFO] webcam_perception.pipeline: 정지 판정: stopped=True
2026-08-03 21:04:59,379 [INFO] webcam_perception.pipeline: 이번 정지 구간에서 이미 publish함 -> 스킵
2026-08-03 21:04:59,477 [INFO] webcam_perception: YOLO 추론 성공: detection 2건
2026-08-03 21:04:59,477 [INFO] webcam_perception.pipeline: ROI 필터링: 전체 2건 -> ROI 내 1건
2026-08-03 21:04:59,477 [INFO] webcam_perception.pipeline: best detection 선택: confidence=0.95
2026-08-03 21:04:59,477 [INFO] webcam_perception.pipeline: 정지 판정: stopped=True
2026-08-03 21:04:59,477 [INFO] webcam_perception.pipeline: 이번 정지 구간에서 이미 publish함 -> 스킵
2026-08-03 21:04:59,577 [INFO] webcam_perception: YOLO 추론 성공: detection 2건
2026-08-03 21:04:59,577 [INFO] webcam_perception.pipeline: ROI 필터링: 전체 2건 -> ROI 내 1건
2026-08-03 21:04:59,577 [INFO] webcam_perception.pipeline: best detection 선택: confidence=0.94
2026-08-03 21:04:59,577 [INFO] webcam_perception.pipeline: 정지 판정: stopped=True
2026-08-03 21:04:59,577 [INFO] webcam_perception.pipeline: 이번 정지 구간에서 이미 publish함 -> 스킵
2026-08-03 21:04:59,677 [INFO] webcam_perception: YOLO 추론 성공: detection 2건
2026-08-03 21:04:59,678 [INFO] webcam_perception.pipeline: ROI 필터링: 전체 2건 -> ROI 내 1건
2026-08-03 21:04:59,678 [INFO] webcam_perception.pipeline: best detection 선택: confidence=0.95
2026-08-03 21:04:59,678 [INFO] webcam_perception.pipeline: 정지 판정: stopped=True
2026-08-03 21:04:59,678 [INFO] webcam_perception.pipeline: 이번 정지 구간에서 이미 publish함 -> 스킵
2026-08-03 21:04:59,777 [INFO] webcam_perception: YOLO 추론 성공: detection 2건
2026-08-03 21:04:59,777 [INFO] webcam_perception.pipeline: ROI 필터링: 전체 2건 -> ROI 내 1건
2026-08-03 21:04:59,777 [INFO] webcam_perception.pipeline: best detection 선택: confidence=0.96
2026-08-03 21:04:59,777 [INFO] webcam_perception.pipeline: 정지 판정: stopped=True
2026-08-03 21:04:59,777 [INFO] webcam_perception.pipeline: 이번 정지 구간에서 이미 publish함 -> 스킵
2026-08-03 21:04:59,877 [INFO] webcam_perception: YOLO 추론 성공: detection 2건
2026-08-03 21:04:59,877 [INFO] webcam_perception.pipeline: ROI 필터링: 전체 2건 -> ROI 내 1건
2026-08-03 21:04:59,877 [INFO] webcam_perception.pipeline: best detection 선택: confidence=0.95
2026-08-03 21:04:59,877 [INFO] webcam_perception.pipeline: 정지 판정: stopped=True
2026-08-03 21:04:59,877 [INFO] webcam_perception.pipeline: 이번 정지 구간에서 이미 publish함 -> 스킵
2026-08-03 21:04:59,978 [INFO] webcam_perception: YOLO 추론 성공: detection 2건
2026-08-03 21:04:59,978 [INFO] webcam_perception.pipeline: ROI 필터링: 전체 2건 -> ROI 내 1건
2026-08-03 21:04:59,978 [INFO] webcam_perception.pipeline: best detection 선택: confidence=0.95
2026-08-03 21:04:59,978 [INFO] webcam_perception.pipeline: 정지 판정: stopped=True
2026-08-03 21:04:59,978 [INFO] webcam_perception.pipeline: 이번 정지 구간에서 이미 publish함 -> 스킵
2026-08-03 21:05:00,077 [INFO] webcam_perception: YOLO 추론 성공: detection 2건
2026-08-03 21:05:00,077 [INFO] webcam_perception.pipeline: ROI 필터링: 전체 2건 -> ROI 내 1건
2026-08-03 21:05:00,078 [INFO] webcam_perception.pipeline: best detection 선택: confidence=0.96
2026-08-03 21:05:00,078 [INFO] webcam_perception.pipeline: 정지 판정: stopped=True
2026-08-03 21:05:00,078 [INFO] webcam_perception.pipeline: 이번 정지 구간에서 이미 publish함 -> 스킵
2026-08-03 21:05:00,178 [INFO] webcam_perception: YOLO 추론 성공: detection 2건
2026-08-03 21:05:00,178 [INFO] webcam_perception.pipeline: ROI 필터링: 전체 2건 -> ROI 내 1건
2026-08-03 21:05:00,178 [INFO] webcam_perception.pipeline: best detection 선택: confidence=0.94
2026-08-03 21:05:00,178 [INFO] webcam_perception.pipeline: 정지 판정: stopped=True
2026-08-03 21:05:00,178 [INFO] webcam_perception.pipeline: 이번 정지 구간에서 이미 publish함 -> 스킵
2026-08-03 21:05:00,277 [INFO] webcam_perception: YOLO 추론 성공: detection 2건
2026-08-03 21:05:00,277 [INFO] webcam_perception.pipeline: ROI 필터링: 전체 2건 -> ROI 내 1건
2026-08-03 21:05:00,277 [INFO] webcam_perception.pipeline: best detection 선택: confidence=0.95
2026-08-03 21:05:00,277 [INFO] webcam_perception.pipeline: 정지 판정: stopped=True
2026-08-03 21:05:00,277 [INFO] webcam_perception.pipeline: 이번 정지 구간에서 이미 publish함 -> 스킵
2026-08-03 21:05:00,376 [INFO] webcam_perception: YOLO 추론 성공: detection 2건
2026-08-03 21:05:00,377 [INFO] webcam_perception.pipeline: ROI 필터링: 전체 2건 -> ROI 내 1건
2026-08-03 21:05:00,377 [INFO] webcam_perception.pipeline: best detection 선택: confidence=0.95
2026-08-03 21:05:00,377 [INFO] webcam_perception.pipeline: 정지 판정: stopped=True
2026-08-03 21:05:00,377 [INFO] webcam_perception.pipeline: 이번 정지 구간에서 이미 publish함 -> 스킵
2026-08-03 21:05:00,476 [INFO] webcam_perception: YOLO 추론 성공: detection 2건
2026-08-03 21:05:00,476 [INFO] webcam_perception.pipeline: ROI 필터링: 전체 2건 -> ROI 내 1건
2026-08-03 21:05:00,477 [INFO] webcam_perception.pipeline: best detection 선택: confidence=0.96
2026-08-03 21:05:00,477 [INFO] webcam_perception.pipeline: 정지 판정: stopped=True
2026-08-03 21:05:00,477 [INFO] webcam_perception.pipeline: 이번 정지 구간에서 이미 publish함 -> 스킵
2026-08-03 21:05:00,576 [INFO] webcam_perception: YOLO 추론 성공: detection 2건
2026-08-03 21:05:00,577 [INFO] webcam_perception.pipeline: ROI 필터링: 전체 2건 -> ROI 내 1건
2026-08-03 21:05:00,577 [INFO] webcam_perception.pipeline: best detection 선택: confidence=0.96
2026-08-03 21:05:00,577 [INFO] webcam_perception.pipeline: 정지 판정: stopped=True
2026-08-03 21:05:00,577 [INFO] webcam_perception.pipeline: 이번 정지 구간에서 이미 publish함 -> 스킵
2026-08-03 21:05:00,676 [INFO] webcam_perception: YOLO 추론 성공: detection 2건
2026-08-03 21:05:00,676 [INFO] webcam_perception.pipeline: ROI 필터링: 전체 2건 -> ROI 내 1건
2026-08-03 21:05:00,676 [INFO] webcam_perception.pipeline: best detection 선택: confidence=0.96
2026-08-03 21:05:00,676 [INFO] webcam_perception.pipeline: 정지 판정: stopped=True
2026-08-03 21:05:00,676 [INFO] webcam_perception.pipeline: 이번 정지 구간에서 이미 publish함 -> 스킵
2026-08-03 21:05:00,777 [INFO] webcam_perception: YOLO 추론 성공: detection 2건
2026-08-03 21:05:00,777 [INFO] webcam_perception.pipeline: ROI 필터링: 전체 2건 -> ROI 내 1건
2026-08-03 21:05:00,777 [INFO] webcam_perception.pipeline: best detection 선택: confidence=0.96
2026-08-03 21:05:00,777 [INFO] webcam_perception.pipeline: 정지 판정: stopped=True
2026-08-03 21:05:00,777 [INFO] webcam_perception.pipeline: 이번 정지 구간에서 이미 publish함 -> 스킵
2026-08-03 21:05:00,878 [INFO] webcam_perception: YOLO 추론 성공: detection 3건
2026-08-03 21:05:00,879 [INFO] webcam_perception.pipeline: ROI 필터링: 전체 3건 -> ROI 내 1건
2026-08-03 21:05:00,879 [INFO] webcam_perception.pipeline: best detection 선택: confidence=0.95
2026-08-03 21:05:00,879 [INFO] webcam_perception.pipeline: 정지 판정: stopped=True
2026-08-03 21:05:00,879 [INFO] webcam_perception.pipeline: 이번 정지 구간에서 이미 publish함 -> 스킵
2026-08-03 21:05:00,977 [INFO] webcam_perception: YOLO 추론 성공: detection 2건
2026-08-03 21:05:00,977 [INFO] webcam_perception.pipeline: ROI 필터링: 전체 2건 -> ROI 내 1건
2026-08-03 21:05:00,977 [INFO] webcam_perception.pipeline: best detection 선택: confidence=0.96
2026-08-03 21:05:00,977 [INFO] webcam_perception.pipeline: 정지 판정: stopped=True
2026-08-03 21:05:00,977 [INFO] webcam_perception.pipeline: 이번 정지 구간에서 이미 publish함 -> 스킵
2026-08-03 21:05:01,076 [INFO] webcam_perception: YOLO 추론 성공: detection 1건
2026-08-03 21:05:01,077 [INFO] webcam_perception.pipeline: ROI 필터링: 전체 1건 -> ROI 내 1건
2026-08-03 21:05:01,077 [INFO] webcam_perception.pipeline: best detection 선택: confidence=0.95
2026-08-03 21:05:01,077 [INFO] webcam_perception.pipeline: 정지 판정: stopped=True
2026-08-03 21:05:01,077 [INFO] webcam_perception.pipeline: 이번 정지 구간에서 이미 publish함 -> 스킵
2026-08-03 21:05:01,178 [INFO] webcam_perception: YOLO 추론 성공: detection 1건
2026-08-03 21:05:01,178 [INFO] webcam_perception.pipeline: ROI 필터링: 전체 1건 -> ROI 내 1건
2026-08-03 21:05:01,178 [INFO] webcam_perception.pipeline: best detection 선택: confidence=0.94
2026-08-03 21:05:01,178 [INFO] webcam_perception.pipeline: 정지 판정: stopped=True
2026-08-03 21:05:01,178 [INFO] webcam_perception.pipeline: 이번 정지 구간에서 이미 publish함 -> 스킵
2026-08-03 21:05:01,277 [INFO] webcam_perception: YOLO 추론 성공: detection 1건
2026-08-03 21:05:01,277 [INFO] webcam_perception.pipeline: ROI 필터링: 전체 1건 -> ROI 내 1건
2026-08-03 21:05:01,277 [INFO] webcam_perception.pipeline: best detection 선택: confidence=0.95
2026-08-03 21:05:01,277 [INFO] webcam_perception.pipeline: 정지 판정: stopped=True
2026-08-03 21:05:01,277 [INFO] webcam_perception.pipeline: 이번 정지 구간에서 이미 publish함 -> 스킵
2026-08-03 21:05:01,376 [INFO] webcam_perception: YOLO 추론 성공: detection 1건
2026-08-03 21:05:01,377 [INFO] webcam_perception.pipeline: ROI 필터링: 전체 1건 -> ROI 내 1건
2026-08-03 21:05:01,377 [INFO] webcam_perception.pipeline: best detection 선택: confidence=0.95
2026-08-03 21:05:01,377 [INFO] webcam_perception.pipeline: 정지 판정: stopped=True
2026-08-03 21:05:01,377 [INFO] webcam_perception.pipeline: 이번 정지 구간에서 이미 publish함 -> 스킵
2026-08-03 21:05:01,476 [INFO] webcam_perception: YOLO 추론 성공: detection 1건
2026-08-03 21:05:01,476 [INFO] webcam_perception.pipeline: ROI 필터링: 전체 1건 -> ROI 내 1건
2026-08-03 21:05:01,476 [INFO] webcam_perception.pipeline: best detection 선택: confidence=0.96
2026-08-03 21:05:01,476 [INFO] webcam_perception.pipeline: 정지 판정: stopped=True
2026-08-03 21:05:01,476 [INFO] webcam_perception.pipeline: 이번 정지 구간에서 이미 publish함 -> 스킵
2026-08-03 21:05:01,578 [INFO] webcam_perception: YOLO 추론 성공: detection 1건
2026-08-03 21:05:01,578 [INFO] webcam_perception.pipeline: ROI 필터링: 전체 1건 -> ROI 내 1건
2026-08-03 21:05:01,578 [INFO] webcam_perception.pipeline: best detection 선택: confidence=0.94
2026-08-03 21:05:01,578 [INFO] webcam_perception.pipeline: 정지 판정: stopped=True
2026-08-03 21:05:01,578 [INFO] webcam_perception.pipeline: 이번 정지 구간에서 이미 publish함 -> 스킵
2026-08-03 21:05:01,677 [INFO] webcam_perception: YOLO 추론 성공: detection 1건
2026-08-03 21:05:01,678 [INFO] webcam_perception.pipeline: ROI 필터링: 전체 1건 -> ROI 내 1건
2026-08-03 21:05:01,678 [INFO] webcam_perception.pipeline: best detection 선택: confidence=0.95
2026-08-03 21:05:01,678 [INFO] webcam_perception.pipeline: 정지 판정: stopped=True
2026-08-03 21:05:01,678 [INFO] webcam_perception.pipeline: 이번 정지 구간에서 이미 publish함 -> 스킵
2026-08-03 21:05:01,777 [INFO] webcam_perception: YOLO 추론 성공: detection 1건
2026-08-03 21:05:01,778 [INFO] webcam_perception.pipeline: ROI 필터링: 전체 1건 -> ROI 내 1건
2026-08-03 21:05:01,778 [INFO] webcam_perception.pipeline: best detection 선택: confidence=0.95
2026-08-03 21:05:01,778 [INFO] webcam_perception.pipeline: 정지 판정: stopped=True
2026-08-03 21:05:01,778 [INFO] webcam_perception.pipeline: 이번 정지 구간에서 이미 publish함 -> 스킵
2026-08-03 21:05:01,878 [INFO] webcam_perception: YOLO 추론 성공: detection 1건
2026-08-03 21:05:01,878 [INFO] webcam_perception.pipeline: ROI 필터링: 전체 1건 -> ROI 내 1건
2026-08-03 21:05:01,878 [INFO] webcam_perception.pipeline: best detection 선택: confidence=0.95
2026-08-03 21:05:01,878 [INFO] webcam_perception.pipeline: 정지 판정: stopped=True
2026-08-03 21:05:01,879 [INFO] webcam_perception.pipeline: 이번 정지 구간에서 이미 publish함 -> 스킵
2026-08-03 21:05:01,979 [INFO] webcam_perception: YOLO 추론 성공: detection 1건
2026-08-03 21:05:01,979 [INFO] webcam_perception.pipeline: ROI 필터링: 전체 1건 -> ROI 내 1건
2026-08-03 21:05:01,979 [INFO] webcam_perception.pipeline: best detection 선택: confidence=0.95
2026-08-03 21:05:01,979 [INFO] webcam_perception.pipeline: 정지 판정: stopped=True
2026-08-03 21:05:01,979 [INFO] webcam_perception.pipeline: 이번 정지 구간에서 이미 publish함 -> 스킵
2026-08-03 21:05:02,076 [INFO] webcam_perception: YOLO 추론 성공: detection 1건
2026-08-03 21:05:02,077 [INFO] webcam_perception.pipeline: ROI 필터링: 전체 1건 -> ROI 내 1건
2026-08-03 21:05:02,077 [INFO] webcam_perception.pipeline: best detection 선택: confidence=0.96
2026-08-03 21:05:02,077 [INFO] webcam_perception.pipeline: 정지 판정: stopped=True
2026-08-03 21:05:02,077 [INFO] webcam_perception.pipeline: 이번 정지 구간에서 이미 publish함 -> 스킵
2026-08-03 21:05:02,176 [INFO] webcam_perception: YOLO 추론 성공: detection 1건
2026-08-03 21:05:02,176 [INFO] webcam_perception.pipeline: ROI 필터링: 전체 1건 -> ROI 내 1건
2026-08-03 21:05:02,176 [INFO] webcam_perception.pipeline: best detection 선택: confidence=0.95
2026-08-03 21:05:02,177 [INFO] webcam_perception.pipeline: 정지 판정: stopped=True
2026-08-03 21:05:02,177 [INFO] webcam_perception.pipeline: 이번 정지 구간에서 이미 publish함 -> 스킵
2026-08-03 21:05:02,277 [INFO] webcam_perception: YOLO 추론 성공: detection 1건
2026-08-03 21:05:02,278 [INFO] webcam_perception.pipeline: ROI 필터링: 전체 1건 -> ROI 내 1건
2026-08-03 21:05:02,278 [INFO] webcam_perception.pipeline: best detection 선택: confidence=0.95
2026-08-03 21:05:02,278 [INFO] webcam_perception.pipeline: 정지 판정: stopped=True
2026-08-03 21:05:02,278 [INFO] webcam_perception.pipeline: 이번 정지 구간에서 이미 publish함 -> 스킵
2026-08-03 21:05:02,378 [INFO] webcam_perception: YOLO 추론 성공: detection 1건
2026-08-03 21:05:02,378 [INFO] webcam_perception.pipeline: ROI 필터링: 전체 1건 -> ROI 내 1건
2026-08-03 21:05:02,378 [INFO] webcam_perception.pipeline: best detection 선택: confidence=0.95
2026-08-03 21:05:02,378 [INFO] webcam_perception.pipeline: 정지 판정: stopped=True
2026-08-03 21:05:02,378 [INFO] webcam_perception.pipeline: 이번 정지 구간에서 이미 publish함 -> 스킵
2026-08-03 21:05:02,480 [INFO] webcam_perception: YOLO 추론 성공: detection 1건
2026-08-03 21:05:02,480 [INFO] webcam_perception.pipeline: ROI 필터링: 전체 1건 -> ROI 내 1건
2026-08-03 21:05:02,480 [INFO] webcam_perception.pipeline: best detection 선택: confidence=0.95
2026-08-03 21:05:02,480 [INFO] webcam_perception.pipeline: 정지 판정: stopped=True
2026-08-03 21:05:02,480 [INFO] webcam_perception.pipeline: 이번 정지 구간에서 이미 publish함 -> 스킵
2026-08-03 21:05:02,578 [INFO] webcam_perception: YOLO 추론 성공: detection 1건
2026-08-03 21:05:02,578 [INFO] webcam_perception.pipeline: ROI 필터링: 전체 1건 -> ROI 내 1건
2026-08-03 21:05:02,578 [INFO] webcam_perception.pipeline: best detection 선택: confidence=0.95
2026-08-03 21:05:02,578 [INFO] webcam_perception.pipeline: 정지 판정: stopped=True
2026-08-03 21:05:02,578 [INFO] webcam_perception.pipeline: 이번 정지 구간에서 이미 publish함 -> 스킵
2026-08-03 21:05:02,677 [INFO] webcam_perception: YOLO 추론 성공: detection 1건
2026-08-03 21:05:02,677 [INFO] webcam_perception.pipeline: ROI 필터링: 전체 1건 -> ROI 내 1건
2026-08-03 21:05:02,678 [INFO] webcam_perception.pipeline: best detection 선택: confidence=0.96
2026-08-03 21:05:02,678 [INFO] webcam_perception.pipeline: 정지 판정: stopped=True
2026-08-03 21:05:02,678 [INFO] webcam_perception.pipeline: 이번 정지 구간에서 이미 publish함 -> 스킵
2026-08-03 21:05:02,778 [INFO] webcam_perception: YOLO 추론 성공: detection 1건
2026-08-03 21:05:02,779 [INFO] webcam_perception.pipeline: ROI 필터링: 전체 1건 -> ROI 내 1건
2026-08-03 21:05:02,779 [INFO] webcam_perception.pipeline: best detection 선택: confidence=0.96
2026-08-03 21:05:02,779 [INFO] webcam_perception.pipeline: 정지 판정: stopped=True
2026-08-03 21:05:02,779 [INFO] webcam_perception.pipeline: 이번 정지 구간에서 이미 publish함 -> 스킵
2026-08-03 21:05:02,878 [INFO] webcam_perception: YOLO 추론 성공: detection 1건
2026-08-03 21:05:02,878 [INFO] webcam_perception.pipeline: ROI 필터링: 전체 1건 -> ROI 내 1건
2026-08-03 21:05:02,878 [INFO] webcam_perception.pipeline: best detection 선택: confidence=0.95
2026-08-03 21:05:02,878 [INFO] webcam_perception.pipeline: 정지 판정: stopped=True
2026-08-03 21:05:02,878 [INFO] webcam_perception.pipeline: 이번 정지 구간에서 이미 publish함 -> 스킵
2026-08-03 21:05:02,977 [INFO] webcam_perception: YOLO 추론 성공: detection 1건
2026-08-03 21:05:02,977 [INFO] webcam_perception.pipeline: ROI 필터링: 전체 1건 -> ROI 내 1건
2026-08-03 21:05:02,977 [INFO] webcam_perception.pipeline: best detection 선택: confidence=0.95
2026-08-03 21:05:02,977 [INFO] webcam_perception.pipeline: 정지 판정: stopped=True
2026-08-03 21:05:02,977 [INFO] webcam_perception.pipeline: 이번 정지 구간에서 이미 publish함 -> 스킵
2026-08-03 21:05:03,077 [INFO] webcam_perception: YOLO 추론 성공: detection 1건
2026-08-03 21:05:03,077 [INFO] webcam_perception.pipeline: ROI 필터링: 전체 1건 -> ROI 내 1건
2026-08-03 21:05:03,077 [INFO] webcam_perception.pipeline: best detection 선택: confidence=0.95
2026-08-03 21:05:03,077 [INFO] webcam_perception.pipeline: 정지 판정: stopped=True
2026-08-03 21:05:03,077 [INFO] webcam_perception.pipeline: 이번 정지 구간에서 이미 publish함 -> 스킵
2026-08-03 21:05:03,177 [INFO] webcam_perception: YOLO 추론 성공: detection 1건
2026-08-03 21:05:03,177 [INFO] webcam_perception.pipeline: ROI 필터링: 전체 1건 -> ROI 내 1건
2026-08-03 21:05:03,178 [INFO] webcam_perception.pipeline: best detection 선택: confidence=0.95
2026-08-03 21:05:03,178 [INFO] webcam_perception.pipeline: 정지 판정: stopped=True
2026-08-03 21:05:03,178 [INFO] webcam_perception.pipeline: 이번 정지 구간에서 이미 publish함 -> 스킵
2026-08-03 21:05:03,279 [INFO] webcam_perception: YOLO 추론 성공: detection 1건
2026-08-03 21:05:03,279 [INFO] webcam_perception.pipeline: ROI 필터링: 전체 1건 -> ROI 내 1건
2026-08-03 21:05:03,279 [INFO] webcam_perception.pipeline: best detection 선택: confidence=0.95
2026-08-03 21:05:03,279 [INFO] webcam_perception.pipeline: 정지 판정: stopped=True
2026-08-03 21:05:03,279 [INFO] webcam_perception.pipeline: 이번 정지 구간에서 이미 publish함 -> 스킵
2026-08-03 21:05:03,380 [INFO] webcam_perception: YOLO 추론 성공: detection 1건
2026-08-03 21:05:03,380 [INFO] webcam_perception.pipeline: ROI 필터링: 전체 1건 -> ROI 내 1건
2026-08-03 21:05:03,380 [INFO] webcam_perception.pipeline: best detection 선택: confidence=0.96
2026-08-03 21:05:03,380 [INFO] webcam_perception.pipeline: 정지 판정: stopped=True
2026-08-03 21:05:03,380 [INFO] webcam_perception.pipeline: 이번 정지 구간에서 이미 publish함 -> 스킵
2026-08-03 21:05:03,476 [INFO] webcam_perception: YOLO 추론 성공: detection 1건
2026-08-03 21:05:03,476 [INFO] webcam_perception.pipeline: ROI 필터링: 전체 1건 -> ROI 내 1건
2026-08-03 21:05:03,477 [INFO] webcam_perception.pipeline: best detection 선택: confidence=0.96
2026-08-03 21:05:03,477 [INFO] webcam_perception.pipeline: 정지 판정: stopped=True
2026-08-03 21:05:03,477 [INFO] webcam_perception.pipeline: 이번 정지 구간에서 이미 publish함 -> 스킵
2026-08-03 21:05:03,577 [INFO] webcam_perception: YOLO 추론 성공: detection 1건
2026-08-03 21:05:03,578 [INFO] webcam_perception.pipeline: ROI 필터링: 전체 1건 -> ROI 내 1건
2026-08-03 21:05:03,578 [INFO] webcam_perception.pipeline: best detection 선택: confidence=0.95
2026-08-03 21:05:03,578 [INFO] webcam_perception.pipeline: 정지 판정: stopped=True
2026-08-03 21:05:03,578 [INFO] webcam_perception.pipeline: 이번 정지 구간에서 이미 publish함 -> 스킵
2026-08-03 21:05:03,677 [INFO] webcam_perception: YOLO 추론 성공: detection 1건
2026-08-03 21:05:03,678 [INFO] webcam_perception.pipeline: ROI 필터링: 전체 1건 -> ROI 내 1건
2026-08-03 21:05:03,678 [INFO] webcam_perception.pipeline: best detection 선택: confidence=0.95
2026-08-03 21:05:03,678 [INFO] webcam_perception.pipeline: 정지 판정: stopped=True
2026-08-03 21:05:03,678 [INFO] webcam_perception.pipeline: 이번 정지 구간에서 이미 publish함 -> 스킵
2026-08-03 21:05:03,776 [INFO] webcam_perception: YOLO 추론 성공: detection 1건
2026-08-03 21:05:03,776 [INFO] webcam_perception.pipeline: ROI 필터링: 전체 1건 -> ROI 내 1건
2026-08-03 21:05:03,776 [INFO] webcam_perception.pipeline: best detection 선택: confidence=0.95
2026-08-03 21:05:03,776 [INFO] webcam_perception.pipeline: 정지 판정: stopped=True
2026-08-03 21:05:03,776 [INFO] webcam_perception.pipeline: 이번 정지 구간에서 이미 publish함 -> 스킵
2026-08-03 21:05:03,876 [INFO] webcam_perception: YOLO 추론 성공: detection 1건
2026-08-03 21:05:03,877 [INFO] webcam_perception.pipeline: ROI 필터링: 전체 1건 -> ROI 내 1건
2026-08-03 21:05:03,877 [INFO] webcam_perception.pipeline: best detection 선택: confidence=0.95
2026-08-03 21:05:03,877 [INFO] webcam_perception.pipeline: 정지 판정: stopped=True
2026-08-03 21:05:03,877 [INFO] webcam_perception.pipeline: 이번 정지 구간에서 이미 publish함 -> 스킵
2026-08-03 21:05:03,978 [INFO] webcam_perception: YOLO 추론 성공: detection 1건
2026-08-03 21:05:03,978 [INFO] webcam_perception.pipeline: ROI 필터링: 전체 1건 -> ROI 내 1건
2026-08-03 21:05:03,978 [INFO] webcam_perception.pipeline: best detection 선택: confidence=0.95
2026-08-03 21:05:03,978 [INFO] webcam_perception.pipeline: 정지 판정: stopped=True
2026-08-03 21:05:03,978 [INFO] webcam_perception.pipeline: 이번 정지 구간에서 이미 publish함 -> 스킵
2026-08-03 21:05:04,077 [INFO] webcam_perception: YOLO 추론 성공: detection 1건
2026-08-03 21:05:04,077 [INFO] webcam_perception.pipeline: ROI 필터링: 전체 1건 -> ROI 내 1건
2026-08-03 21:05:04,078 [INFO] webcam_perception.pipeline: best detection 선택: confidence=0.94
2026-08-03 21:05:04,078 [INFO] webcam_perception.pipeline: 정지 판정: stopped=True
2026-08-03 21:05:04,078 [INFO] webcam_perception.pipeline: 이번 정지 구간에서 이미 publish함 -> 스킵
2026-08-03 21:05:04,177 [INFO] webcam_perception: YOLO 추론 성공: detection 1건
2026-08-03 21:05:04,178 [INFO] webcam_perception.pipeline: ROI 필터링: 전체 1건 -> ROI 내 1건
2026-08-03 21:05:04,178 [INFO] webcam_perception.pipeline: best detection 선택: confidence=0.95
2026-08-03 21:05:04,178 [INFO] webcam_perception.pipeline: 정지 판정: stopped=True
2026-08-03 21:05:04,178 [INFO] webcam_perception.pipeline: 이번 정지 구간에서 이미 publish함 -> 스킵
2026-08-03 21:05:04,276 [INFO] webcam_perception: YOLO 추론 성공: detection 1건
2026-08-03 21:05:04,276 [INFO] webcam_perception.pipeline: ROI 필터링: 전체 1건 -> ROI 내 1건
2026-08-03 21:05:04,276 [INFO] webcam_perception.pipeline: best detection 선택: confidence=0.95
2026-08-03 21:05:04,277 [INFO] webcam_perception.pipeline: 정지 판정: stopped=True
2026-08-03 21:05:04,277 [INFO] webcam_perception.pipeline: 이번 정지 구간에서 이미 publish함 -> 스킵
2026-08-03 21:05:04,378 [INFO] webcam_perception: YOLO 추론 성공: detection 1건
2026-08-03 21:05:04,378 [INFO] webcam_perception.pipeline: ROI 필터링: 전체 1건 -> ROI 내 1건
2026-08-03 21:05:04,378 [INFO] webcam_perception.pipeline: best detection 선택: confidence=0.95
2026-08-03 21:05:04,379 [INFO] webcam_perception.pipeline: 정지 판정: stopped=True
2026-08-03 21:05:04,379 [INFO] webcam_perception.pipeline: 이번 정지 구간에서 이미 publish함 -> 스킵
2026-08-03 21:05:04,476 [INFO] webcam_perception: YOLO 추론 성공: detection 1건
2026-08-03 21:05:04,476 [INFO] webcam_perception.pipeline: ROI 필터링: 전체 1건 -> ROI 내 1건
2026-08-03 21:05:04,476 [INFO] webcam_perception.pipeline: best detection 선택: confidence=0.95
2026-08-03 21:05:04,476 [INFO] webcam_perception.pipeline: 정지 판정: stopped=True
2026-08-03 21:05:04,476 [INFO] webcam_perception.pipeline: 이번 정지 구간에서 이미 publish함 -> 스킵
2026-08-03 21:05:04,577 [INFO] webcam_perception: YOLO 추론 성공: detection 1건
2026-08-03 21:05:04,577 [INFO] webcam_perception.pipeline: ROI 필터링: 전체 1건 -> ROI 내 1건
2026-08-03 21:05:04,577 [INFO] webcam_perception.pipeline: best detection 선택: confidence=0.95
2026-08-03 21:05:04,577 [INFO] webcam_perception.pipeline: 정지 판정: stopped=True
2026-08-03 21:05:04,577 [INFO] webcam_perception.pipeline: 이번 정지 구간에서 이미 publish함 -> 스킵
2026-08-03 21:05:04,676 [INFO] webcam_perception: YOLO 추론 성공: detection 1건
2026-08-03 21:05:04,677 [INFO] webcam_perception.pipeline: ROI 필터링: 전체 1건 -> ROI 내 1건
2026-08-03 21:05:04,677 [INFO] webcam_perception.pipeline: best detection 선택: confidence=0.95
2026-08-03 21:05:04,677 [INFO] webcam_perception.pipeline: 정지 판정: stopped=True
2026-08-03 21:05:04,677 [INFO] webcam_perception.pipeline: 이번 정지 구간에서 이미 publish함 -> 스킵
2026-08-03 21:05:04,776 [INFO] webcam_perception: YOLO 추론 성공: detection 1건
2026-08-03 21:05:04,777 [INFO] webcam_perception.pipeline: ROI 필터링: 전체 1건 -> ROI 내 1건
2026-08-03 21:05:04,777 [INFO] webcam_perception.pipeline: best detection 선택: confidence=0.95
2026-08-03 21:05:04,777 [INFO] webcam_perception.pipeline: 정지 판정: stopped=True
2026-08-03 21:05:04,777 [INFO] webcam_perception.pipeline: 이번 정지 구간에서 이미 publish함 -> 스킵
2026-08-03 21:05:04,878 [INFO] webcam_perception: YOLO 추론 성공: detection 1건
2026-08-03 21:05:04,878 [INFO] webcam_perception.pipeline: ROI 필터링: 전체 1건 -> ROI 내 1건
2026-08-03 21:05:04,878 [INFO] webcam_perception.pipeline: best detection 선택: confidence=0.96
2026-08-03 21:05:04,878 [INFO] webcam_perception.pipeline: 정지 판정: stopped=True
2026-08-03 21:05:04,878 [INFO] webcam_perception.pipeline: 이번 정지 구간에서 이미 publish함 -> 스킵
2026-08-03 21:05:04,976 [INFO] webcam_perception: YOLO 추론 성공: detection 1건
2026-08-03 21:05:04,977 [INFO] webcam_perception.pipeline: ROI 필터링: 전체 1건 -> ROI 내 1건
2026-08-03 21:05:04,977 [INFO] webcam_perception.pipeline: best detection 선택: confidence=0.96
2026-08-03 21:05:04,977 [INFO] webcam_perception.pipeline: 정지 판정: stopped=True
2026-08-03 21:05:04,977 [INFO] webcam_perception.pipeline: 이번 정지 구간에서 이미 publish함 -> 스킵
2026-08-03 21:05:05,077 [INFO] webcam_perception: YOLO 추론 성공: detection 1건
2026-08-03 21:05:05,077 [INFO] webcam_perception.pipeline: ROI 필터링: 전체 1건 -> ROI 내 1건
2026-08-03 21:05:05,077 [INFO] webcam_perception.pipeline: best detection 선택: confidence=0.96
2026-08-03 21:05:05,077 [INFO] webcam_perception.pipeline: 정지 판정: stopped=True
2026-08-03 21:05:05,077 [INFO] webcam_perception.pipeline: 이번 정지 구간에서 이미 publish함 -> 스킵
2026-08-03 21:05:05,178 [INFO] webcam_perception: YOLO 추론 성공: detection 1건
2026-08-03 21:05:05,178 [INFO] webcam_perception.pipeline: ROI 필터링: 전체 1건 -> ROI 내 1건
2026-08-03 21:05:05,178 [INFO] webcam_perception.pipeline: best detection 선택: confidence=0.94
2026-08-03 21:05:05,178 [INFO] webcam_perception.pipeline: 정지 판정: stopped=True
2026-08-03 21:05:05,178 [INFO] webcam_perception.pipeline: 이번 정지 구간에서 이미 publish함 -> 스킵
2026-08-03 21:05:05,276 [INFO] webcam_perception: YOLO 추론 성공: detection 1건
2026-08-03 21:05:05,277 [INFO] webcam_perception.pipeline: ROI 필터링: 전체 1건 -> ROI 내 1건
2026-08-03 21:05:05,277 [INFO] webcam_perception.pipeline: best detection 선택: confidence=0.95
2026-08-03 21:05:05,277 [INFO] webcam_perception.pipeline: 정지 판정: stopped=True
2026-08-03 21:05:05,277 [INFO] webcam_perception.pipeline: 이번 정지 구간에서 이미 publish함 -> 스킵
2026-08-03 21:05:05,377 [INFO] webcam_perception: YOLO 추론 성공: detection 1건
2026-08-03 21:05:05,377 [INFO] webcam_perception.pipeline: ROI 필터링: 전체 1건 -> ROI 내 1건
2026-08-03 21:05:05,378 [INFO] webcam_perception.pipeline: best detection 선택: confidence=0.96
2026-08-03 21:05:05,378 [INFO] webcam_perception.pipeline: 정지 판정: stopped=True
2026-08-03 21:05:05,378 [INFO] webcam_perception.pipeline: 이번 정지 구간에서 이미 publish함 -> 스킵
2026-08-03 21:05:05,478 [INFO] webcam_perception: YOLO 추론 성공: detection 1건
2026-08-03 21:05:05,479 [INFO] webcam_perception.pipeline: ROI 필터링: 전체 1건 -> ROI 내 1건
2026-08-03 21:05:05,479 [INFO] webcam_perception.pipeline: best detection 선택: confidence=0.94
2026-08-03 21:05:05,479 [INFO] webcam_perception.pipeline: 정지 판정: stopped=True
2026-08-03 21:05:05,479 [INFO] webcam_perception.pipeline: 이번 정지 구간에서 이미 publish함 -> 스킵
2026-08-03 21:05:05,578 [INFO] webcam_perception: YOLO 추론 성공: detection 1건
2026-08-03 21:05:05,578 [INFO] webcam_perception.pipeline: ROI 필터링: 전체 1건 -> ROI 내 1건
2026-08-03 21:05:05,585 [INFO] webcam_perception.pipeline: best detection 선택: confidence=0.95
2026-08-03 21:05:05,586 [INFO] webcam_perception.pipeline: 정지 판정: stopped=True
2026-08-03 21:05:05,586 [INFO] webcam_perception.pipeline: 이번 정지 구간에서 이미 publish함 -> 스킵
2026-08-03 21:05:05,679 [INFO] webcam_perception: YOLO 추론 성공: detection 1건
2026-08-03 21:05:05,679 [INFO] webcam_perception.pipeline: ROI 필터링: 전체 1건 -> ROI 내 1건
2026-08-03 21:05:05,680 [INFO] webcam_perception.pipeline: best detection 선택: confidence=0.96
2026-08-03 21:05:05,680 [INFO] webcam_perception.pipeline: 정지 판정: stopped=True
2026-08-03 21:05:05,680 [INFO] webcam_perception.pipeline: 이번 정지 구간에서 이미 publish함 -> 스킵
2026-08-03 21:05:05,777 [INFO] webcam_perception: YOLO 추론 성공: detection 1건
2026-08-03 21:05:05,777 [INFO] webcam_perception.pipeline: ROI 필터링: 전체 1건 -> ROI 내 1건
2026-08-03 21:05:05,777 [INFO] webcam_perception.pipeline: best detection 선택: confidence=0.96
2026-08-03 21:05:05,777 [INFO] webcam_perception.pipeline: 정지 판정: stopped=True
2026-08-03 21:05:05,777 [INFO] webcam_perception.pipeline: 이번 정지 구간에서 이미 publish함 -> 스킵
2026-08-03 21:05:05,877 [INFO] webcam_perception: YOLO 추론 성공: detection 1건
2026-08-03 21:05:05,877 [INFO] webcam_perception.pipeline: ROI 필터링: 전체 1건 -> ROI 내 1건
2026-08-03 21:05:05,877 [INFO] webcam_perception.pipeline: best detection 선택: confidence=0.95
2026-08-03 21:05:05,877 [INFO] webcam_perception.pipeline: 정지 판정: stopped=True
2026-08-03 21:05:05,877 [INFO] webcam_perception.pipeline: 이번 정지 구간에서 이미 publish함 -> 스킵
2026-08-03 21:05:05,977 [INFO] webcam_perception: YOLO 추론 성공: detection 1건
2026-08-03 21:05:05,978 [INFO] webcam_perception.pipeline: ROI 필터링: 전체 1건 -> ROI 내 1건
2026-08-03 21:05:05,978 [INFO] webcam_perception.pipeline: best detection 선택: confidence=0.95
2026-08-03 21:05:05,978 [INFO] webcam_perception.pipeline: 정지 판정: stopped=True
2026-08-03 21:05:05,978 [INFO] webcam_perception.pipeline: 이번 정지 구간에서 이미 publish함 -> 스킵
2026-08-03 21:05:06,077 [INFO] webcam_perception: YOLO 추론 성공: detection 1건
2026-08-03 21:05:06,078 [INFO] webcam_perception.pipeline: ROI 필터링: 전체 1건 -> ROI 내 1건
2026-08-03 21:05:06,078 [INFO] webcam_perception.pipeline: best detection 선택: confidence=0.95
2026-08-03 21:05:06,078 [INFO] webcam_perception.pipeline: 정지 판정: stopped=True
2026-08-03 21:05:06,078 [INFO] webcam_perception.pipeline: 이번 정지 구간에서 이미 publish함 -> 스킵
2026-08-03 21:05:06,178 [INFO] webcam_perception: YOLO 추론 성공: detection 1건
2026-08-03 21:05:06,178 [INFO] webcam_perception.pipeline: ROI 필터링: 전체 1건 -> ROI 내 1건
2026-08-03 21:05:06,178 [INFO] webcam_perception.pipeline: best detection 선택: confidence=0.95
2026-08-03 21:05:06,178 [INFO] webcam_perception.pipeline: 정지 판정: stopped=True
2026-08-03 21:05:06,178 [INFO] webcam_perception.pipeline: 이번 정지 구간에서 이미 publish함 -> 스킵
2026-08-03 21:05:06,277 [INFO] webcam_perception: YOLO 추론 성공: detection 1건
2026-08-03 21:05:06,277 [INFO] webcam_perception.pipeline: ROI 필터링: 전체 1건 -> ROI 내 1건
2026-08-03 21:05:06,277 [INFO] webcam_perception.pipeline: best detection 선택: confidence=0.95
2026-08-03 21:05:06,277 [INFO] webcam_perception.pipeline: 정지 판정: stopped=True
2026-08-03 21:05:06,277 [INFO] webcam_perception.pipeline: 이번 정지 구간에서 이미 publish함 -> 스킵
2026-08-03 21:05:06,377 [INFO] webcam_perception: YOLO 추론 성공: detection 1건
2026-08-03 21:05:06,377 [INFO] webcam_perception.pipeline: ROI 필터링: 전체 1건 -> ROI 내 1건
2026-08-03 21:05:06,377 [INFO] webcam_perception.pipeline: best detection 선택: confidence=0.96
2026-08-03 21:05:06,377 [INFO] webcam_perception.pipeline: 정지 판정: stopped=True
2026-08-03 21:05:06,378 [INFO] webcam_perception.pipeline: 이번 정지 구간에서 이미 publish함 -> 스킵
2026-08-03 21:05:06,476 [INFO] webcam_perception: YOLO 추론 성공: detection 1건
2026-08-03 21:05:06,476 [INFO] webcam_perception.pipeline: ROI 필터링: 전체 1건 -> ROI 내 1건
2026-08-03 21:05:06,476 [INFO] webcam_perception.pipeline: best detection 선택: confidence=0.95
2026-08-03 21:05:06,476 [INFO] webcam_perception.pipeline: 정지 판정: stopped=True
2026-08-03 21:05:06,477 [INFO] webcam_perception.pipeline: 이번 정지 구간에서 이미 publish함 -> 스킵
2026-08-03 21:05:06,577 [INFO] webcam_perception: YOLO 추론 성공: detection 1건
2026-08-03 21:05:06,578 [INFO] webcam_perception.pipeline: ROI 필터링: 전체 1건 -> ROI 내 1건
2026-08-03 21:05:06,578 [INFO] webcam_perception.pipeline: best detection 선택: confidence=0.95
2026-08-03 21:05:06,578 [INFO] webcam_perception.pipeline: 정지 판정: stopped=True
2026-08-03 21:05:06,578 [INFO] webcam_perception.pipeline: 이번 정지 구간에서 이미 publish함 -> 스킵
2026-08-03 21:05:06,676 [INFO] webcam_perception: YOLO 추론 성공: detection 1건
2026-08-03 21:05:06,676 [INFO] webcam_perception.pipeline: ROI 필터링: 전체 1건 -> ROI 내 1건
2026-08-03 21:05:06,676 [INFO] webcam_perception.pipeline: best detection 선택: confidence=0.95
2026-08-03 21:05:06,676 [INFO] webcam_perception.pipeline: 정지 판정: stopped=True
2026-08-03 21:05:06,677 [INFO] webcam_perception.pipeline: 이번 정지 구간에서 이미 publish함 -> 스킵
2026-08-03 21:05:06,779 [INFO] webcam_perception: YOLO 추론 성공: detection 1건
2026-08-03 21:05:06,779 [INFO] webcam_perception.pipeline: ROI 필터링: 전체 1건 -> ROI 내 1건
2026-08-03 21:05:06,779 [INFO] webcam_perception.pipeline: best detection 선택: confidence=0.94
2026-08-03 21:05:06,780 [INFO] webcam_perception.pipeline: 정지 판정: stopped=True
2026-08-03 21:05:06,780 [INFO] webcam_perception.pipeline: 이번 정지 구간에서 이미 publish함 -> 스킵
2026-08-03 21:05:06,878 [INFO] webcam_perception: YOLO 추론 성공: detection 1건
2026-08-03 21:05:06,878 [INFO] webcam_perception.pipeline: ROI 필터링: 전체 1건 -> ROI 내 1건
2026-08-03 21:05:06,878 [INFO] webcam_perception.pipeline: best detection 선택: confidence=0.95
2026-08-03 21:05:06,878 [INFO] webcam_perception.pipeline: 정지 판정: stopped=True
2026-08-03 21:05:06,878 [INFO] webcam_perception.pipeline: 이번 정지 구간에서 이미 publish함 -> 스킵
2026-08-03 21:05:06,976 [INFO] webcam_perception: YOLO 추론 성공: detection 1건
2026-08-03 21:05:06,976 [INFO] webcam_perception.pipeline: ROI 필터링: 전체 1건 -> ROI 내 1건
2026-08-03 21:05:06,976 [INFO] webcam_perception.pipeline: best detection 선택: confidence=0.96
2026-08-03 21:05:06,977 [INFO] webcam_perception.pipeline: 정지 판정: stopped=True
2026-08-03 21:05:06,977 [INFO] webcam_perception.pipeline: 이번 정지 구간에서 이미 publish함 -> 스킵
2026-08-03 21:05:07,078 [INFO] webcam_perception: YOLO 추론 성공: detection 1건
2026-08-03 21:05:07,078 [INFO] webcam_perception.pipeline: ROI 필터링: 전체 1건 -> ROI 내 1건
2026-08-03 21:05:07,078 [INFO] webcam_perception.pipeline: best detection 선택: confidence=0.95
2026-08-03 21:05:07,078 [INFO] webcam_perception.pipeline: 정지 판정: stopped=True
2026-08-03 21:05:07,078 [INFO] webcam_perception.pipeline: 이번 정지 구간에서 이미 publish함 -> 스킵
2026-08-03 21:05:07,180 [INFO] webcam_perception: YOLO 추론 성공: detection 1건
2026-08-03 21:05:07,180 [INFO] webcam_perception.pipeline: ROI 필터링: 전체 1건 -> ROI 내 1건
2026-08-03 21:05:07,180 [INFO] webcam_perception.pipeline: best detection 선택: confidence=0.95
2026-08-03 21:05:07,180 [INFO] webcam_perception.pipeline: 정지 판정: stopped=True
2026-08-03 21:05:07,180 [INFO] webcam_perception.pipeline: 이번 정지 구간에서 이미 publish함 -> 스킵
2026-08-03 21:05:07,279 [INFO] webcam_perception: YOLO 추론 성공: detection 1건
2026-08-03 21:05:07,280 [INFO] webcam_perception.pipeline: ROI 필터링: 전체 1건 -> ROI 내 1건
2026-08-03 21:05:07,280 [INFO] webcam_perception.pipeline: best detection 선택: confidence=0.95
2026-08-03 21:05:07,280 [INFO] webcam_perception.pipeline: 정지 판정: stopped=True
2026-08-03 21:05:07,280 [INFO] webcam_perception.pipeline: 이번 정지 구간에서 이미 publish함 -> 스킵
2026-08-03 21:05:07,377 [INFO] webcam_perception: YOLO 추론 성공: detection 1건
2026-08-03 21:05:07,378 [INFO] webcam_perception.pipeline: ROI 필터링: 전체 1건 -> ROI 내 1건
2026-08-03 21:05:07,378 [INFO] webcam_perception.pipeline: best detection 선택: confidence=0.95
2026-08-03 21:05:07,378 [INFO] webcam_perception.pipeline: 정지 판정: stopped=True
2026-08-03 21:05:07,378 [INFO] webcam_perception.pipeline: 이번 정지 구간에서 이미 publish함 -> 스킵
2026-08-03 21:05:07,477 [INFO] webcam_perception: YOLO 추론 성공: detection 1건
2026-08-03 21:05:07,478 [INFO] webcam_perception.pipeline: ROI 필터링: 전체 1건 -> ROI 내 1건
2026-08-03 21:05:07,478 [INFO] webcam_perception.pipeline: best detection 선택: confidence=0.95
2026-08-03 21:05:07,478 [INFO] webcam_perception.pipeline: 정지 판정: stopped=True
2026-08-03 21:05:07,478 [INFO] webcam_perception.pipeline: 이번 정지 구간에서 이미 publish함 -> 스킵
2026-08-03 21:05:07,576 [INFO] webcam_perception: YOLO 추론 성공: detection 1건
2026-08-03 21:05:07,576 [INFO] webcam_perception.pipeline: ROI 필터링: 전체 1건 -> ROI 내 1건
2026-08-03 21:05:07,576 [INFO] webcam_perception.pipeline: best detection 선택: confidence=0.95
2026-08-03 21:05:07,577 [INFO] webcam_perception.pipeline: 정지 판정: stopped=True
2026-08-03 21:05:07,577 [INFO] webcam_perception.pipeline: 이번 정지 구간에서 이미 publish함 -> 스킵
2026-08-03 21:05:07,676 [INFO] webcam_perception: YOLO 추론 성공: detection 1건
2026-08-03 21:05:07,676 [INFO] webcam_perception.pipeline: ROI 필터링: 전체 1건 -> ROI 내 1건
2026-08-03 21:05:07,677 [INFO] webcam_perception.pipeline: best detection 선택: confidence=0.95
2026-08-03 21:05:07,677 [INFO] webcam_perception.pipeline: 정지 판정: stopped=True
2026-08-03 21:05:07,677 [INFO] webcam_perception.pipeline: 이번 정지 구간에서 이미 publish함 -> 스킵
2026-08-03 21:05:07,778 [INFO] webcam_perception: YOLO 추론 성공: detection 1건
2026-08-03 21:05:07,778 [INFO] webcam_perception.pipeline: ROI 필터링: 전체 1건 -> ROI 내 1건
2026-08-03 21:05:07,779 [INFO] webcam_perception.pipeline: best detection 선택: confidence=0.95
2026-08-03 21:05:07,779 [INFO] webcam_perception.pipeline: 정지 판정: stopped=True
2026-08-03 21:05:07,779 [INFO] webcam_perception.pipeline: 이번 정지 구간에서 이미 publish함 -> 스킵
2026-08-03 21:05:07,878 [INFO] webcam_perception: YOLO 추론 성공: detection 1건
2026-08-03 21:05:07,878 [INFO] webcam_perception.pipeline: ROI 필터링: 전체 1건 -> ROI 내 1건
2026-08-03 21:05:07,878 [INFO] webcam_perception.pipeline: best detection 선택: confidence=0.95
2026-08-03 21:05:07,878 [INFO] webcam_perception.pipeline: 정지 판정: stopped=True
2026-08-03 21:05:07,878 [INFO] webcam_perception.pipeline: 이번 정지 구간에서 이미 publish함 -> 스킵
2026-08-03 21:05:07,977 [INFO] webcam_perception: YOLO 추론 성공: detection 1건
2026-08-03 21:05:07,977 [INFO] webcam_perception.pipeline: ROI 필터링: 전체 1건 -> ROI 내 1건
2026-08-03 21:05:07,977 [INFO] webcam_perception.pipeline: best detection 선택: confidence=0.95
2026-08-03 21:05:07,977 [INFO] webcam_perception.pipeline: 정지 판정: stopped=True
2026-08-03 21:05:07,977 [INFO] webcam_perception.pipeline: 이번 정지 구간에서 이미 publish함 -> 스킵
2026-08-03 21:05:08,080 [INFO] webcam_perception: YOLO 추론 성공: detection 1건
2026-08-03 21:05:08,080 [INFO] webcam_perception.pipeline: ROI 필터링: 전체 1건 -> ROI 내 1건
2026-08-03 21:05:08,081 [INFO] webcam_perception.pipeline: best detection 선택: confidence=0.95
2026-08-03 21:05:08,081 [INFO] webcam_perception.pipeline: 정지 판정: stopped=True
2026-08-03 21:05:08,081 [INFO] webcam_perception.pipeline: 이번 정지 구간에서 이미 publish함 -> 스킵
2026-08-03 21:05:08,178 [INFO] webcam_perception: YOLO 추론 성공: detection 1건
2026-08-03 21:05:08,178 [INFO] webcam_perception.pipeline: ROI 필터링: 전체 1건 -> ROI 내 1건
2026-08-03 21:05:08,178 [INFO] webcam_perception.pipeline: best detection 선택: confidence=0.95
2026-08-03 21:05:08,178 [INFO] webcam_perception.pipeline: 정지 판정: stopped=True
2026-08-03 21:05:08,179 [INFO] webcam_perception.pipeline: 이번 정지 구간에서 이미 publish함 -> 스킵
2026-08-03 21:05:08,276 [INFO] webcam_perception: YOLO 추론 성공: detection 1건
2026-08-03 21:05:08,276 [INFO] webcam_perception.pipeline: ROI 필터링: 전체 1건 -> ROI 내 1건
2026-08-03 21:05:08,276 [INFO] webcam_perception.pipeline: best detection 선택: confidence=0.95
2026-08-03 21:05:08,276 [INFO] webcam_perception.pipeline: 정지 판정: stopped=True
2026-08-03 21:05:08,276 [INFO] webcam_perception.pipeline: 이번 정지 구간에서 이미 publish함 -> 스킵
2026-08-03 21:05:08,377 [INFO] webcam_perception: YOLO 추론 성공: detection 1건
2026-08-03 21:05:08,377 [INFO] webcam_perception.pipeline: ROI 필터링: 전체 1건 -> ROI 내 1건
2026-08-03 21:05:08,377 [INFO] webcam_perception.pipeline: best detection 선택: confidence=0.95
2026-08-03 21:05:08,377 [INFO] webcam_perception.pipeline: 정지 판정: stopped=True
2026-08-03 21:05:08,377 [INFO] webcam_perception.pipeline: 이번 정지 구간에서 이미 publish함 -> 스킵
2026-08-03 21:05:08,479 [INFO] webcam_perception: YOLO 추론 성공: detection 1건
2026-08-03 21:05:08,480 [INFO] webcam_perception.pipeline: ROI 필터링: 전체 1건 -> ROI 내 1건
2026-08-03 21:05:08,480 [INFO] webcam_perception.pipeline: best detection 선택: confidence=0.95
2026-08-03 21:05:08,480 [INFO] webcam_perception.pipeline: 정지 판정: stopped=True
2026-08-03 21:05:08,480 [INFO] webcam_perception.pipeline: 이번 정지 구간에서 이미 publish함 -> 스킵
2026-08-03 21:05:08,576 [INFO] webcam_perception: YOLO 추론 성공: detection 1건
2026-08-03 21:05:08,576 [INFO] webcam_perception.pipeline: ROI 필터링: 전체 1건 -> ROI 내 1건
2026-08-03 21:05:08,576 [INFO] webcam_perception.pipeline: best detection 선택: confidence=0.94
2026-08-03 21:05:08,576 [INFO] webcam_perception.pipeline: 정지 판정: stopped=True
2026-08-03 21:05:08,576 [INFO] webcam_perception.pipeline: 이번 정지 구간에서 이미 publish함 -> 스킵
2026-08-03 21:05:08,677 [INFO] webcam_perception: YOLO 추론 성공: detection 1건
2026-08-03 21:05:08,677 [INFO] webcam_perception.pipeline: ROI 필터링: 전체 1건 -> ROI 내 1건
2026-08-03 21:05:08,677 [INFO] webcam_perception.pipeline: best detection 선택: confidence=0.95
2026-08-03 21:05:08,677 [INFO] webcam_perception.pipeline: 정지 판정: stopped=True
2026-08-03 21:05:08,677 [INFO] webcam_perception.pipeline: 이번 정지 구간에서 이미 publish함 -> 스킵
2026-08-03 21:05:08,777 [INFO] webcam_perception: YOLO 추론 성공: detection 1건
2026-08-03 21:05:08,777 [INFO] webcam_perception.pipeline: ROI 필터링: 전체 1건 -> ROI 내 1건
2026-08-03 21:05:08,777 [INFO] webcam_perception.pipeline: best detection 선택: confidence=0.95
2026-08-03 21:05:08,777 [INFO] webcam_perception.pipeline: 정지 판정: stopped=True
2026-08-03 21:05:08,777 [INFO] webcam_perception.pipeline: 이번 정지 구간에서 이미 publish함 -> 스킵
2026-08-03 21:05:08,877 [INFO] webcam_perception: YOLO 추론 성공: detection 1건
2026-08-03 21:05:08,878 [INFO] webcam_perception.pipeline: ROI 필터링: 전체 1건 -> ROI 내 1건
2026-08-03 21:05:08,878 [INFO] webcam_perception.pipeline: best detection 선택: confidence=0.95
2026-08-03 21:05:08,878 [INFO] webcam_perception.pipeline: 정지 판정: stopped=True
2026-08-03 21:05:08,878 [INFO] webcam_perception.pipeline: 이번 정지 구간에서 이미 publish함 -> 스킵
2026-08-03 21:05:08,977 [INFO] webcam_perception: YOLO 추론 성공: detection 1건
2026-08-03 21:05:08,978 [INFO] webcam_perception.pipeline: ROI 필터링: 전체 1건 -> ROI 내 1건
2026-08-03 21:05:08,978 [INFO] webcam_perception.pipeline: best detection 선택: confidence=0.95
2026-08-03 21:05:08,978 [INFO] webcam_perception.pipeline: 정지 판정: stopped=True
2026-08-03 21:05:08,978 [INFO] webcam_perception.pipeline: 이번 정지 구간에서 이미 publish함 -> 스킵
2026-08-03 21:05:09,078 [INFO] webcam_perception: YOLO 추론 성공: detection 1건
2026-08-03 21:05:09,079 [INFO] webcam_perception.pipeline: ROI 필터링: 전체 1건 -> ROI 내 1건
2026-08-03 21:05:09,079 [INFO] webcam_perception.pipeline: best detection 선택: confidence=0.95
2026-08-03 21:05:09,079 [INFO] webcam_perception.pipeline: 정지 판정: stopped=True
2026-08-03 21:05:09,079 [INFO] webcam_perception.pipeline: 이번 정지 구간에서 이미 publish함 -> 스킵
2026-08-03 21:05:09,180 [INFO] webcam_perception: YOLO 추론 성공: detection 1건
2026-08-03 21:05:09,180 [INFO] webcam_perception.pipeline: ROI 필터링: 전체 1건 -> ROI 내 1건
2026-08-03 21:05:09,180 [INFO] webcam_perception.pipeline: best detection 선택: confidence=0.95
2026-08-03 21:05:09,180 [INFO] webcam_perception.pipeline: 정지 판정: stopped=True
2026-08-03 21:05:09,180 [INFO] webcam_perception.pipeline: 이번 정지 구간에서 이미 publish함 -> 스킵
2026-08-03 21:05:09,278 [INFO] webcam_perception: YOLO 추론 성공: detection 1건
2026-08-03 21:05:09,279 [INFO] webcam_perception.pipeline: ROI 필터링: 전체 1건 -> ROI 내 1건
2026-08-03 21:05:09,279 [INFO] webcam_perception.pipeline: best detection 선택: confidence=0.95
2026-08-03 21:05:09,279 [INFO] webcam_perception.pipeline: 정지 판정: stopped=True
2026-08-03 21:05:09,279 [INFO] webcam_perception.pipeline: 이번 정지 구간에서 이미 publish함 -> 스킵
2026-08-03 21:05:09,377 [INFO] webcam_perception: YOLO 추론 성공: detection 1건
2026-08-03 21:05:09,377 [INFO] webcam_perception.pipeline: ROI 필터링: 전체 1건 -> ROI 내 1건
2026-08-03 21:05:09,377 [INFO] webcam_perception.pipeline: best detection 선택: confidence=0.95
2026-08-03 21:05:09,377 [INFO] webcam_perception.pipeline: 정지 판정: stopped=True
2026-08-03 21:05:09,377 [INFO] webcam_perception.pipeline: 이번 정지 구간에서 이미 publish함 -> 스킵
2026-08-03 21:05:09,478 [INFO] webcam_perception: YOLO 추론 성공: detection 1건
2026-08-03 21:05:09,478 [INFO] webcam_perception.pipeline: ROI 필터링: 전체 1건 -> ROI 내 1건
2026-08-03 21:05:09,478 [INFO] webcam_perception.pipeline: best detection 선택: confidence=0.95
2026-08-03 21:05:09,478 [INFO] webcam_perception.pipeline: 정지 판정: stopped=True
2026-08-03 21:05:09,478 [INFO] webcam_perception.pipeline: 이번 정지 구간에서 이미 publish함 -> 스킵
2026-08-03 21:05:09,576 [INFO] webcam_perception: YOLO 추론 성공: detection 1건
2026-08-03 21:05:09,577 [INFO] webcam_perception.pipeline: ROI 필터링: 전체 1건 -> ROI 내 1건
2026-08-03 21:05:09,577 [INFO] webcam_perception.pipeline: best detection 선택: confidence=0.95
2026-08-03 21:05:09,577 [INFO] webcam_perception.pipeline: 정지 판정: stopped=True
2026-08-03 21:05:09,577 [INFO] webcam_perception.pipeline: 이번 정지 구간에서 이미 publish함 -> 스킵
2026-08-03 21:05:09,678 [INFO] webcam_perception: YOLO 추론 성공: detection 1건
2026-08-03 21:05:09,678 [INFO] webcam_perception.pipeline: ROI 필터링: 전체 1건 -> ROI 내 1건
2026-08-03 21:05:09,678 [INFO] webcam_perception.pipeline: best detection 선택: confidence=0.95
2026-08-03 21:05:09,678 [INFO] webcam_perception.pipeline: 정지 판정: stopped=True
2026-08-03 21:05:09,678 [INFO] webcam_perception.pipeline: 이번 정지 구간에서 이미 publish함 -> 스킵
2026-08-03 21:05:09,777 [INFO] webcam_perception: YOLO 추론 성공: detection 1건
2026-08-03 21:05:09,777 [INFO] webcam_perception.pipeline: ROI 필터링: 전체 1건 -> ROI 내 1건
2026-08-03 21:05:09,777 [INFO] webcam_perception.pipeline: best detection 선택: confidence=0.95
2026-08-03 21:05:09,777 [INFO] webcam_perception.pipeline: 정지 판정: stopped=True
2026-08-03 21:05:09,777 [INFO] webcam_perception.pipeline: 이번 정지 구간에서 이미 publish함 -> 스킵
2026-08-03 21:05:09,878 [INFO] webcam_perception: YOLO 추론 성공: detection 1건
2026-08-03 21:05:09,878 [INFO] webcam_perception.pipeline: ROI 필터링: 전체 1건 -> ROI 내 1건
2026-08-03 21:05:09,878 [INFO] webcam_perception.pipeline: best detection 선택: confidence=0.95
2026-08-03 21:05:09,878 [INFO] webcam_perception.pipeline: 정지 판정: stopped=True
2026-08-03 21:05:09,878 [INFO] webcam_perception.pipeline: 이번 정지 구간에서 이미 publish함 -> 스킵
2026-08-03 21:05:09,976 [INFO] webcam_perception: YOLO 추론 성공: detection 1건
2026-08-03 21:05:09,976 [INFO] webcam_perception.pipeline: ROI 필터링: 전체 1건 -> ROI 내 1건
2026-08-03 21:05:09,976 [INFO] webcam_perception.pipeline: best detection 선택: confidence=0.95
2026-08-03 21:05:09,976 [INFO] webcam_perception.pipeline: 정지 판정: stopped=True
2026-08-03 21:05:09,977 [INFO] webcam_perception.pipeline: 이번 정지 구간에서 이미 publish함 -> 스킵
2026-08-03 21:05:10,077 [INFO] webcam_perception: YOLO 추론 성공: detection 1건
2026-08-03 21:05:10,077 [INFO] webcam_perception.pipeline: ROI 필터링: 전체 1건 -> ROI 내 1건
2026-08-03 21:05:10,077 [INFO] webcam_perception.pipeline: best detection 선택: confidence=0.95
2026-08-03 21:05:10,077 [INFO] webcam_perception.pipeline: 정지 판정: stopped=True
2026-08-03 21:05:10,077 [INFO] webcam_perception.pipeline: 이번 정지 구간에서 이미 publish함 -> 스킵
2026-08-03 21:05:10,178 [INFO] webcam_perception: YOLO 추론 성공: detection 1건
2026-08-03 21:05:10,178 [INFO] webcam_perception.pipeline: ROI 필터링: 전체 1건 -> ROI 내 1건
2026-08-03 21:05:10,178 [INFO] webcam_perception.pipeline: best detection 선택: confidence=0.95
2026-08-03 21:05:10,178 [INFO] webcam_perception.pipeline: 정지 판정: stopped=True
2026-08-03 21:05:10,178 [INFO] webcam_perception.pipeline: 이번 정지 구간에서 이미 publish함 -> 스킵
2026-08-03 21:05:10,277 [INFO] webcam_perception: YOLO 추론 성공: detection 1건
2026-08-03 21:05:10,277 [INFO] webcam_perception.pipeline: ROI 필터링: 전체 1건 -> ROI 내 1건
2026-08-03 21:05:10,277 [INFO] webcam_perception.pipeline: best detection 선택: confidence=0.95
2026-08-03 21:05:10,277 [INFO] webcam_perception.pipeline: 정지 판정: stopped=True
2026-08-03 21:05:10,277 [INFO] webcam_perception.pipeline: 이번 정지 구간에서 이미 publish함 -> 스킵
2026-08-03 21:05:10,377 [INFO] webcam_perception: YOLO 추론 성공: detection 1건
2026-08-03 21:05:10,378 [INFO] webcam_perception.pipeline: ROI 필터링: 전체 1건 -> ROI 내 1건
2026-08-03 21:05:10,378 [INFO] webcam_perception.pipeline: best detection 선택: confidence=0.95
2026-08-03 21:05:10,378 [INFO] webcam_perception.pipeline: 정지 판정: stopped=True
2026-08-03 21:05:10,378 [INFO] webcam_perception.pipeline: 이번 정지 구간에서 이미 publish함 -> 스킵
2026-08-03 21:05:10,477 [INFO] webcam_perception: YOLO 추론 성공: detection 1건
2026-08-03 21:05:10,478 [INFO] webcam_perception.pipeline: ROI 필터링: 전체 1건 -> ROI 내 1건
2026-08-03 21:05:10,478 [INFO] webcam_perception.pipeline: best detection 선택: confidence=0.95
2026-08-03 21:05:10,478 [INFO] webcam_perception.pipeline: 정지 판정: stopped=True
2026-08-03 21:05:10,478 [INFO] webcam_perception.pipeline: 이번 정지 구간에서 이미 publish함 -> 스킵
2026-08-03 21:05:10,578 [INFO] webcam_perception: YOLO 추론 성공: detection 1건
2026-08-03 21:05:10,578 [INFO] webcam_perception.pipeline: ROI 필터링: 전체 1건 -> ROI 내 1건
2026-08-03 21:05:10,586 [INFO] webcam_perception.pipeline: best detection 선택: confidence=0.95
2026-08-03 21:05:10,586 [INFO] webcam_perception.pipeline: 정지 판정: stopped=True
2026-08-03 21:05:10,586 [INFO] webcam_perception.pipeline: 이번 정지 구간에서 이미 publish함 -> 스킵
2026-08-03 21:05:10,677 [INFO] webcam_perception: YOLO 추론 성공: detection 1건
2026-08-03 21:05:10,677 [INFO] webcam_perception.pipeline: ROI 필터링: 전체 1건 -> ROI 내 1건
2026-08-03 21:05:10,677 [INFO] webcam_perception.pipeline: best detection 선택: confidence=0.95
2026-08-03 21:05:10,677 [INFO] webcam_perception.pipeline: 정지 판정: stopped=True
2026-08-03 21:05:10,677 [INFO] webcam_perception.pipeline: 이번 정지 구간에서 이미 publish함 -> 스킵
2026-08-03 21:05:10,776 [INFO] webcam_perception: YOLO 추론 성공: detection 1건
2026-08-03 21:05:10,776 [INFO] webcam_perception.pipeline: ROI 필터링: 전체 1건 -> ROI 내 1건
2026-08-03 21:05:10,776 [INFO] webcam_perception.pipeline: best detection 선택: confidence=0.96
2026-08-03 21:05:10,776 [INFO] webcam_perception.pipeline: 정지 판정: stopped=True
2026-08-03 21:05:10,776 [INFO] webcam_perception.pipeline: 이번 정지 구간에서 이미 publish함 -> 스킵
2026-08-03 21:05:10,879 [INFO] webcam_perception: YOLO 추론 성공: detection 1건
2026-08-03 21:05:10,879 [INFO] webcam_perception.pipeline: ROI 필터링: 전체 1건 -> ROI 내 1건
2026-08-03 21:05:10,879 [INFO] webcam_perception.pipeline: best detection 선택: confidence=0.95
2026-08-03 21:05:10,879 [INFO] webcam_perception.pipeline: 정지 판정: stopped=True
2026-08-03 21:05:10,879 [INFO] webcam_perception.pipeline: 이번 정지 구간에서 이미 publish함 -> 스킵
2026-08-03 21:05:10,977 [INFO] webcam_perception: YOLO 추론 성공: detection 1건
2026-08-03 21:05:10,978 [INFO] webcam_perception.pipeline: ROI 필터링: 전체 1건 -> ROI 내 1건
2026-08-03 21:05:10,978 [INFO] webcam_perception.pipeline: best detection 선택: confidence=0.95
2026-08-03 21:05:10,978 [INFO] webcam_perception.pipeline: 정지 판정: stopped=True
2026-08-03 21:05:10,978 [INFO] webcam_perception.pipeline: 이번 정지 구간에서 이미 publish함 -> 스킵
2026-08-03 21:05:11,078 [INFO] webcam_perception: YOLO 추론 성공: detection 1건
2026-08-03 21:05:11,078 [INFO] webcam_perception.pipeline: ROI 필터링: 전체 1건 -> ROI 내 1건
2026-08-03 21:05:11,078 [INFO] webcam_perception.pipeline: best detection 선택: confidence=0.96
2026-08-03 21:05:11,079 [INFO] webcam_perception.pipeline: 정지 판정: stopped=True
2026-08-03 21:05:11,079 [INFO] webcam_perception.pipeline: 이번 정지 구간에서 이미 publish함 -> 스킵
2026-08-03 21:05:11,176 [INFO] webcam_perception: YOLO 추론 성공: detection 1건
2026-08-03 21:05:11,177 [INFO] webcam_perception.pipeline: ROI 필터링: 전체 1건 -> ROI 내 1건
2026-08-03 21:05:11,177 [INFO] webcam_perception.pipeline: best detection 선택: confidence=0.94
2026-08-03 21:05:11,177 [INFO] webcam_perception.pipeline: 정지 판정: stopped=True
2026-08-03 21:05:11,177 [INFO] webcam_perception.pipeline: 이번 정지 구간에서 이미 publish함 -> 스킵
2026-08-03 21:05:11,279 [INFO] webcam_perception: YOLO 추론 성공: detection 1건
2026-08-03 21:05:11,279 [INFO] webcam_perception.pipeline: ROI 필터링: 전체 1건 -> ROI 내 1건
2026-08-03 21:05:11,279 [INFO] webcam_perception.pipeline: best detection 선택: confidence=0.95
2026-08-03 21:05:11,280 [INFO] webcam_perception.pipeline: 정지 판정: stopped=True
2026-08-03 21:05:11,280 [INFO] webcam_perception.pipeline: 이번 정지 구간에서 이미 publish함 -> 스킵
2026-08-03 21:05:11,378 [INFO] webcam_perception: YOLO 추론 성공: detection 1건
2026-08-03 21:05:11,378 [INFO] webcam_perception.pipeline: ROI 필터링: 전체 1건 -> ROI 내 1건
2026-08-03 21:05:11,378 [INFO] webcam_perception.pipeline: best detection 선택: confidence=0.95
2026-08-03 21:05:11,378 [INFO] webcam_perception.pipeline: 정지 판정: stopped=True
2026-08-03 21:05:11,378 [INFO] webcam_perception.pipeline: 이번 정지 구간에서 이미 publish함 -> 스킵
2026-08-03 21:05:11,478 [INFO] webcam_perception: YOLO 추론 성공: detection 2건
2026-08-03 21:05:11,478 [INFO] webcam_perception.pipeline: ROI 필터링: 전체 2건 -> ROI 내 1건
2026-08-03 21:05:11,478 [INFO] webcam_perception.pipeline: best detection 선택: confidence=0.95
2026-08-03 21:05:11,478 [INFO] webcam_perception.pipeline: 정지 판정: stopped=True
2026-08-03 21:05:11,478 [INFO] webcam_perception.pipeline: 이번 정지 구간에서 이미 publish함 -> 스킵
2026-08-03 21:05:11,577 [INFO] webcam_perception: YOLO 추론 성공: detection 1건
2026-08-03 21:05:11,577 [INFO] webcam_perception.pipeline: ROI 필터링: 전체 1건 -> ROI 내 1건
2026-08-03 21:05:11,577 [INFO] webcam_perception.pipeline: best detection 선택: confidence=0.95
2026-08-03 21:05:11,577 [INFO] webcam_perception.pipeline: 정지 판정: stopped=True
2026-08-03 21:05:11,577 [INFO] webcam_perception.pipeline: 이번 정지 구간에서 이미 publish함 -> 스킵
2026-08-03 21:05:11,676 [INFO] webcam_perception: YOLO 추론 성공: detection 1건
2026-08-03 21:05:11,676 [INFO] webcam_perception.pipeline: ROI 필터링: 전체 1건 -> ROI 내 1건
2026-08-03 21:05:11,676 [INFO] webcam_perception.pipeline: best detection 선택: confidence=0.95
2026-08-03 21:05:11,676 [INFO] webcam_perception.pipeline: 정지 판정: stopped=True
2026-08-03 21:05:11,677 [INFO] webcam_perception.pipeline: 이번 정지 구간에서 이미 publish함 -> 스킵
2026-08-03 21:05:11,776 [INFO] webcam_perception: YOLO 추론 성공: detection 1건
2026-08-03 21:05:11,776 [INFO] webcam_perception.pipeline: ROI 필터링: 전체 1건 -> ROI 내 1건
2026-08-03 21:05:11,776 [INFO] webcam_perception.pipeline: best detection 선택: confidence=0.95
2026-08-03 21:05:11,776 [INFO] webcam_perception.pipeline: 정지 판정: stopped=True
2026-08-03 21:05:11,776 [INFO] webcam_perception.pipeline: 이번 정지 구간에서 이미 publish함 -> 스킵
2026-08-03 21:05:11,878 [INFO] webcam_perception: YOLO 추론 성공: detection 1건
2026-08-03 21:05:11,878 [INFO] webcam_perception.pipeline: ROI 필터링: 전체 1건 -> ROI 내 1건
2026-08-03 21:05:11,878 [INFO] webcam_perception.pipeline: best detection 선택: confidence=0.95
2026-08-03 21:05:11,878 [INFO] webcam_perception.pipeline: 정지 판정: stopped=True
2026-08-03 21:05:11,878 [INFO] webcam_perception.pipeline: 이번 정지 구간에서 이미 publish함 -> 스킵
2026-08-03 21:05:11,977 [INFO] webcam_perception: YOLO 추론 성공: detection 1건
2026-08-03 21:05:11,977 [INFO] webcam_perception.pipeline: ROI 필터링: 전체 1건 -> ROI 내 1건
2026-08-03 21:05:11,977 [INFO] webcam_perception.pipeline: best detection 선택: confidence=0.95
2026-08-03 21:05:11,977 [INFO] webcam_perception.pipeline: 정지 판정: stopped=True
2026-08-03 21:05:11,977 [INFO] webcam_perception.pipeline: 이번 정지 구간에서 이미 publish함 -> 스킵
2026-08-03 21:05:12,078 [INFO] webcam_perception: YOLO 추론 성공: detection 1건
2026-08-03 21:05:12,079 [INFO] webcam_perception.pipeline: ROI 필터링: 전체 1건 -> ROI 내 1건
2026-08-03 21:05:12,079 [INFO] webcam_perception.pipeline: best detection 선택: confidence=0.95
2026-08-03 21:05:12,079 [INFO] webcam_perception.pipeline: 정지 판정: stopped=True
2026-08-03 21:05:12,079 [INFO] webcam_perception.pipeline: 이번 정지 구간에서 이미 publish함 -> 스킵
2026-08-03 21:05:12,177 [INFO] webcam_perception: YOLO 추론 성공: detection 1건
2026-08-03 21:05:12,177 [INFO] webcam_perception.pipeline: ROI 필터링: 전체 1건 -> ROI 내 1건
2026-08-03 21:05:12,177 [INFO] webcam_perception.pipeline: best detection 선택: confidence=0.95
2026-08-03 21:05:12,177 [INFO] webcam_perception.pipeline: 정지 판정: stopped=True
2026-08-03 21:05:12,177 [INFO] webcam_perception.pipeline: 이번 정지 구간에서 이미 publish함 -> 스킵
2026-08-03 21:05:12,277 [INFO] webcam_perception: YOLO 추론 성공: detection 1건
2026-08-03 21:05:12,277 [INFO] webcam_perception.pipeline: ROI 필터링: 전체 1건 -> ROI 내 1건
2026-08-03 21:05:12,277 [INFO] webcam_perception.pipeline: best detection 선택: confidence=0.95
2026-08-03 21:05:12,277 [INFO] webcam_perception.pipeline: 정지 판정: stopped=True
2026-08-03 21:05:12,277 [INFO] webcam_perception.pipeline: 이번 정지 구간에서 이미 publish함 -> 스킵
2026-08-03 21:05:12,377 [INFO] webcam_perception: YOLO 추론 성공: detection 1건
2026-08-03 21:05:12,377 [INFO] webcam_perception.pipeline: ROI 필터링: 전체 1건 -> ROI 내 1건
2026-08-03 21:05:12,377 [INFO] webcam_perception.pipeline: best detection 선택: confidence=0.95
2026-08-03 21:05:12,377 [INFO] webcam_perception.pipeline: 정지 판정: stopped=True
2026-08-03 21:05:12,377 [INFO] webcam_perception.pipeline: 이번 정지 구간에서 이미 publish함 -> 스킵
2026-08-03 21:05:12,479 [INFO] webcam_perception: YOLO 추론 성공: detection 1건
2026-08-03 21:05:12,479 [INFO] webcam_perception.pipeline: ROI 필터링: 전체 1건 -> ROI 내 1건
2026-08-03 21:05:12,480 [INFO] webcam_perception.pipeline: best detection 선택: confidence=0.95
2026-08-03 21:05:12,480 [INFO] webcam_perception.pipeline: 정지 판정: stopped=True
2026-08-03 21:05:12,480 [INFO] webcam_perception.pipeline: 이번 정지 구간에서 이미 publish함 -> 스킵
2026-08-03 21:05:12,578 [INFO] webcam_perception: YOLO 추론 성공: detection 1건
2026-08-03 21:05:12,578 [INFO] webcam_perception.pipeline: ROI 필터링: 전체 1건 -> ROI 내 1건
2026-08-03 21:05:12,578 [INFO] webcam_perception.pipeline: best detection 선택: confidence=0.95
2026-08-03 21:05:12,578 [INFO] webcam_perception.pipeline: 정지 판정: stopped=True
2026-08-03 21:05:12,578 [INFO] webcam_perception.pipeline: 이번 정지 구간에서 이미 publish함 -> 스킵
2026-08-03 21:05:12,677 [INFO] webcam_perception: YOLO 추론 성공: detection 1건
2026-08-03 21:05:12,677 [INFO] webcam_perception.pipeline: ROI 필터링: 전체 1건 -> ROI 내 1건
2026-08-03 21:05:12,677 [INFO] webcam_perception.pipeline: best detection 선택: confidence=0.95
2026-08-03 21:05:12,677 [INFO] webcam_perception.pipeline: 정지 판정: stopped=True
2026-08-03 21:05:12,678 [INFO] webcam_perception.pipeline: 이번 정지 구간에서 이미 publish함 -> 스킵
2026-08-03 21:05:12,776 [INFO] webcam_perception: YOLO 추론 성공: detection 1건
2026-08-03 21:05:12,776 [INFO] webcam_perception.pipeline: ROI 필터링: 전체 1건 -> ROI 내 1건
2026-08-03 21:05:12,776 [INFO] webcam_perception.pipeline: best detection 선택: confidence=0.95
2026-08-03 21:05:12,776 [INFO] webcam_perception.pipeline: 정지 판정: stopped=True
2026-08-03 21:05:12,776 [INFO] webcam_perception.pipeline: 이번 정지 구간에서 이미 publish함 -> 스킵
2026-08-03 21:05:12,878 [INFO] webcam_perception: YOLO 추론 성공: detection 1건
2026-08-03 21:05:12,879 [INFO] webcam_perception.pipeline: ROI 필터링: 전체 1건 -> ROI 내 1건
2026-08-03 21:05:12,879 [INFO] webcam_perception.pipeline: best detection 선택: confidence=0.96
2026-08-03 21:05:12,879 [INFO] webcam_perception.pipeline: 정지 판정: stopped=True
2026-08-03 21:05:12,879 [INFO] webcam_perception.pipeline: 이번 정지 구간에서 이미 publish함 -> 스킵
2026-08-03 21:05:12,977 [INFO] webcam_perception: YOLO 추론 성공: detection 1건
2026-08-03 21:05:12,977 [INFO] webcam_perception.pipeline: ROI 필터링: 전체 1건 -> ROI 내 1건
2026-08-03 21:05:12,978 [INFO] webcam_perception.pipeline: best detection 선택: confidence=0.95
2026-08-03 21:05:12,978 [INFO] webcam_perception.pipeline: 정지 판정: stopped=True
2026-08-03 21:05:12,978 [INFO] webcam_perception.pipeline: 이번 정지 구간에서 이미 publish함 -> 스킵
2026-08-03 21:05:13,078 [INFO] webcam_perception: YOLO 추론 성공: detection 1건
2026-08-03 21:05:13,079 [INFO] webcam_perception.pipeline: ROI 필터링: 전체 1건 -> ROI 내 1건
2026-08-03 21:05:13,079 [INFO] webcam_perception.pipeline: best detection 선택: confidence=0.95
2026-08-03 21:05:13,079 [INFO] webcam_perception.pipeline: 정지 판정: stopped=True
2026-08-03 21:05:13,079 [INFO] webcam_perception.pipeline: 이번 정지 구간에서 이미 publish함 -> 스킵
2026-08-03 21:05:13,178 [INFO] webcam_perception: YOLO 추론 성공: detection 1건
2026-08-03 21:05:13,178 [INFO] webcam_perception.pipeline: ROI 필터링: 전체 1건 -> ROI 내 1건
2026-08-03 21:05:13,178 [INFO] webcam_perception.pipeline: best detection 선택: confidence=0.95
2026-08-03 21:05:13,178 [INFO] webcam_perception.pipeline: 정지 판정: stopped=True
2026-08-03 21:05:13,178 [INFO] webcam_perception.pipeline: 이번 정지 구간에서 이미 publish함 -> 스킵
2026-08-03 21:05:13,278 [INFO] webcam_perception: YOLO 추론 성공: detection 1건
2026-08-03 21:05:13,278 [INFO] webcam_perception.pipeline: ROI 필터링: 전체 1건 -> ROI 내 1건
2026-08-03 21:05:13,279 [INFO] webcam_perception.pipeline: best detection 선택: confidence=0.95
2026-08-03 21:05:13,279 [INFO] webcam_perception.pipeline: 정지 판정: stopped=True
2026-08-03 21:05:13,279 [INFO] webcam_perception.pipeline: 이번 정지 구간에서 이미 publish함 -> 스킵
2026-08-03 21:05:13,377 [INFO] webcam_perception: YOLO 추론 성공: detection 1건
2026-08-03 21:05:13,377 [INFO] webcam_perception.pipeline: ROI 필터링: 전체 1건 -> ROI 내 1건
2026-08-03 21:05:13,377 [INFO] webcam_perception.pipeline: best detection 선택: confidence=0.96
2026-08-03 21:05:13,377 [INFO] webcam_perception.pipeline: 정지 판정: stopped=True
2026-08-03 21:05:13,377 [INFO] webcam_perception.pipeline: 이번 정지 구간에서 이미 publish함 -> 스킵
2026-08-03 21:05:13,477 [INFO] webcam_perception: YOLO 추론 성공: detection 1건
2026-08-03 21:05:13,478 [INFO] webcam_perception.pipeline: ROI 필터링: 전체 1건 -> ROI 내 1건
2026-08-03 21:05:13,478 [INFO] webcam_perception.pipeline: best detection 선택: confidence=0.95
2026-08-03 21:05:13,478 [INFO] webcam_perception.pipeline: 정지 판정: stopped=True
2026-08-03 21:05:13,478 [INFO] webcam_perception.pipeline: 이번 정지 구간에서 이미 publish함 -> 스킵
2026-08-03 21:05:13,578 [INFO] webcam_perception: YOLO 추론 성공: detection 1건
2026-08-03 21:05:13,579 [INFO] webcam_perception.pipeline: ROI 필터링: 전체 1건 -> ROI 내 1건
2026-08-03 21:05:13,579 [INFO] webcam_perception.pipeline: best detection 선택: confidence=0.95
2026-08-03 21:05:13,579 [INFO] webcam_perception.pipeline: 정지 판정: stopped=True
2026-08-03 21:05:13,580 [INFO] webcam_perception.pipeline: 이번 정지 구간에서 이미 publish함 -> 스킵
2026-08-03 21:05:13,678 [INFO] webcam_perception: YOLO 추론 성공: detection 1건
2026-08-03 21:05:13,678 [INFO] webcam_perception.pipeline: ROI 필터링: 전체 1건 -> ROI 내 1건
2026-08-03 21:05:13,678 [INFO] webcam_perception.pipeline: best detection 선택: confidence=0.95
2026-08-03 21:05:13,678 [INFO] webcam_perception.pipeline: 정지 판정: stopped=True
2026-08-03 21:05:13,678 [INFO] webcam_perception.pipeline: 이번 정지 구간에서 이미 publish함 -> 스킵
2026-08-03 21:05:13,777 [INFO] webcam_perception: YOLO 추론 성공: detection 1건
2026-08-03 21:05:13,777 [INFO] webcam_perception.pipeline: ROI 필터링: 전체 1건 -> ROI 내 1건
2026-08-03 21:05:13,777 [INFO] webcam_perception.pipeline: best detection 선택: confidence=0.95
2026-08-03 21:05:13,777 [INFO] webcam_perception.pipeline: 정지 판정: stopped=True
2026-08-03 21:05:13,777 [INFO] webcam_perception.pipeline: 이번 정지 구간에서 이미 publish함 -> 스킵
2026-08-03 21:05:13,876 [INFO] webcam_perception: YOLO 추론 성공: detection 1건
2026-08-03 21:05:13,877 [INFO] webcam_perception.pipeline: ROI 필터링: 전체 1건 -> ROI 내 1건
2026-08-03 21:05:13,877 [INFO] webcam_perception.pipeline: best detection 선택: confidence=0.96
2026-08-03 21:05:13,877 [INFO] webcam_perception.pipeline: 정지 판정: stopped=True
2026-08-03 21:05:13,877 [INFO] webcam_perception.pipeline: 이번 정지 구간에서 이미 publish함 -> 스킵
2026-08-03 21:05:13,978 [INFO] webcam_perception: YOLO 추론 성공: detection 1건
2026-08-03 21:05:13,978 [INFO] webcam_perception.pipeline: ROI 필터링: 전체 1건 -> ROI 내 1건
2026-08-03 21:05:13,978 [INFO] webcam_perception.pipeline: best detection 선택: confidence=0.95
2026-08-03 21:05:13,978 [INFO] webcam_perception.pipeline: 정지 판정: stopped=True
2026-08-03 21:05:13,978 [INFO] webcam_perception.pipeline: 이번 정지 구간에서 이미 publish함 -> 스킵
2026-08-03 21:05:14,077 [INFO] webcam_perception: YOLO 추론 성공: detection 1건
2026-08-03 21:05:14,077 [INFO] webcam_perception.pipeline: ROI 필터링: 전체 1건 -> ROI 내 1건
2026-08-03 21:05:14,077 [INFO] webcam_perception.pipeline: best detection 선택: confidence=0.95
2026-08-03 21:05:14,077 [INFO] webcam_perception.pipeline: 정지 판정: stopped=True
2026-08-03 21:05:14,077 [INFO] webcam_perception.pipeline: 이번 정지 구간에서 이미 publish함 -> 스킵
2026-08-03 21:05:14,176 [INFO] webcam_perception: YOLO 추론 성공: detection 1건
2026-08-03 21:05:14,176 [INFO] webcam_perception.pipeline: ROI 필터링: 전체 1건 -> ROI 내 1건
2026-08-03 21:05:14,176 [INFO] webcam_perception.pipeline: best detection 선택: confidence=0.95
2026-08-03 21:05:14,176 [INFO] webcam_perception.pipeline: 정지 판정: stopped=True
2026-08-03 21:05:14,176 [INFO] webcam_perception.pipeline: 이번 정지 구간에서 이미 publish함 -> 스킵
2026-08-03 21:05:14,277 [INFO] webcam_perception: YOLO 추론 성공: detection 1건
2026-08-03 21:05:14,277 [INFO] webcam_perception.pipeline: ROI 필터링: 전체 1건 -> ROI 내 1건
2026-08-03 21:05:14,277 [INFO] webcam_perception.pipeline: best detection 선택: confidence=0.95
2026-08-03 21:05:14,277 [INFO] webcam_perception.pipeline: 정지 판정: stopped=True
2026-08-03 21:05:14,277 [INFO] webcam_perception.pipeline: 이번 정지 구간에서 이미 publish함 -> 스킵
2026-08-03 21:05:14,377 [INFO] webcam_perception: YOLO 추론 성공: detection 1건
2026-08-03 21:05:14,377 [INFO] webcam_perception.pipeline: ROI 필터링: 전체 1건 -> ROI 내 1건
2026-08-03 21:05:14,377 [INFO] webcam_perception.pipeline: best detection 선택: confidence=0.95
2026-08-03 21:05:14,377 [INFO] webcam_perception.pipeline: 정지 판정: stopped=True
2026-08-03 21:05:14,377 [INFO] webcam_perception.pipeline: 이번 정지 구간에서 이미 publish함 -> 스킵
2026-08-03 21:05:14,478 [INFO] webcam_perception: YOLO 추론 성공: detection 1건
2026-08-03 21:05:14,479 [INFO] webcam_perception.pipeline: ROI 필터링: 전체 1건 -> ROI 내 1건
2026-08-03 21:05:14,479 [INFO] webcam_perception.pipeline: best detection 선택: confidence=0.95
2026-08-03 21:05:14,479 [INFO] webcam_perception.pipeline: 정지 판정: stopped=True
2026-08-03 21:05:14,479 [INFO] webcam_perception.pipeline: 이번 정지 구간에서 이미 publish함 -> 스킵
2026-08-03 21:05:14,577 [INFO] webcam_perception: YOLO 추론 성공: detection 1건
2026-08-03 21:05:14,578 [INFO] webcam_perception.pipeline: ROI 필터링: 전체 1건 -> ROI 내 1건
2026-08-03 21:05:14,578 [INFO] webcam_perception.pipeline: best detection 선택: confidence=0.95
2026-08-03 21:05:14,578 [INFO] webcam_perception.pipeline: 정지 판정: stopped=True
2026-08-03 21:05:14,578 [INFO] webcam_perception.pipeline: 이번 정지 구간에서 이미 publish함 -> 스킵
2026-08-03 21:05:14,678 [INFO] webcam_perception: YOLO 추론 성공: detection 1건
2026-08-03 21:05:14,678 [INFO] webcam_perception.pipeline: ROI 필터링: 전체 1건 -> ROI 내 1건
2026-08-03 21:05:14,678 [INFO] webcam_perception.pipeline: best detection 선택: confidence=0.95
2026-08-03 21:05:14,678 [INFO] webcam_perception.pipeline: 정지 판정: stopped=True
2026-08-03 21:05:14,678 [INFO] webcam_perception.pipeline: 이번 정지 구간에서 이미 publish함 -> 스킵
2026-08-03 21:05:14,777 [INFO] webcam_perception: YOLO 추론 성공: detection 1건
2026-08-03 21:05:14,778 [INFO] webcam_perception.pipeline: ROI 필터링: 전체 1건 -> ROI 내 1건
2026-08-03 21:05:14,778 [INFO] webcam_perception.pipeline: best detection 선택: confidence=0.96
2026-08-03 21:05:14,778 [INFO] webcam_perception.pipeline: 정지 판정: stopped=True
2026-08-03 21:05:14,778 [INFO] webcam_perception.pipeline: 이번 정지 구간에서 이미 publish함 -> 스킵
2026-08-03 21:05:14,879 [INFO] webcam_perception: YOLO 추론 성공: detection 1건
2026-08-03 21:05:14,879 [INFO] webcam_perception.pipeline: ROI 필터링: 전체 1건 -> ROI 내 1건
2026-08-03 21:05:14,880 [INFO] webcam_perception.pipeline: best detection 선택: confidence=0.95
2026-08-03 21:05:14,880 [INFO] webcam_perception.pipeline: 정지 판정: stopped=True
2026-08-03 21:05:14,880 [INFO] webcam_perception.pipeline: 이번 정지 구간에서 이미 publish함 -> 스킵
2026-08-03 21:05:14,977 [INFO] webcam_perception: YOLO 추론 성공: detection 1건
2026-08-03 21:05:14,978 [INFO] webcam_perception.pipeline: ROI 필터링: 전체 1건 -> ROI 내 1건
2026-08-03 21:05:14,978 [INFO] webcam_perception.pipeline: best detection 선택: confidence=0.94
2026-08-03 21:05:14,978 [INFO] webcam_perception.pipeline: 정지 판정: stopped=True
2026-08-03 21:05:14,978 [INFO] webcam_perception.pipeline: 이번 정지 구간에서 이미 publish함 -> 스킵
2026-08-03 21:05:15,077 [INFO] webcam_perception: YOLO 추론 성공: detection 1건
2026-08-03 21:05:15,077 [INFO] webcam_perception.pipeline: ROI 필터링: 전체 1건 -> ROI 내 1건
2026-08-03 21:05:15,078 [INFO] webcam_perception.pipeline: best detection 선택: confidence=0.95
2026-08-03 21:05:15,078 [INFO] webcam_perception.pipeline: 정지 판정: stopped=True
2026-08-03 21:05:15,078 [INFO] webcam_perception.pipeline: 이번 정지 구간에서 이미 publish함 -> 스킵
2026-08-03 21:05:15,177 [INFO] webcam_perception: YOLO 추론 성공: detection 1건
2026-08-03 21:05:15,177 [INFO] webcam_perception.pipeline: ROI 필터링: 전체 1건 -> ROI 내 1건
2026-08-03 21:05:15,177 [INFO] webcam_perception.pipeline: best detection 선택: confidence=0.94
2026-08-03 21:05:15,177 [INFO] webcam_perception.pipeline: 정지 판정: stopped=True
2026-08-03 21:05:15,177 [INFO] webcam_perception.pipeline: 이번 정지 구간에서 이미 publish함 -> 스킵
2026-08-03 21:05:15,277 [INFO] webcam_perception: YOLO 추론 성공: detection 1건
2026-08-03 21:05:15,277 [INFO] webcam_perception.pipeline: ROI 필터링: 전체 1건 -> ROI 내 1건
2026-08-03 21:05:15,278 [INFO] webcam_perception.pipeline: best detection 선택: confidence=0.94
2026-08-03 21:05:15,278 [INFO] webcam_perception.pipeline: 정지 판정: stopped=True
2026-08-03 21:05:15,278 [INFO] webcam_perception.pipeline: 이번 정지 구간에서 이미 publish함 -> 스킵
2026-08-03 21:05:15,379 [INFO] webcam_perception: YOLO 추론 성공: detection 1건
2026-08-03 21:05:15,379 [INFO] webcam_perception.pipeline: ROI 필터링: 전체 1건 -> ROI 내 1건
2026-08-03 21:05:15,379 [INFO] webcam_perception.pipeline: best detection 선택: confidence=0.96
2026-08-03 21:05:15,379 [INFO] webcam_perception.pipeline: 정지 판정: stopped=True
2026-08-03 21:05:15,380 [INFO] webcam_perception.pipeline: 이번 정지 구간에서 이미 publish함 -> 스킵
2026-08-03 21:05:15,476 [INFO] webcam_perception: YOLO 추론 성공: detection 1건
2026-08-03 21:05:15,476 [INFO] webcam_perception.pipeline: ROI 필터링: 전체 1건 -> ROI 내 1건
2026-08-03 21:05:15,476 [INFO] webcam_perception.pipeline: best detection 선택: confidence=0.95
2026-08-03 21:05:15,476 [INFO] webcam_perception.pipeline: 정지 판정: stopped=True
2026-08-03 21:05:15,476 [INFO] webcam_perception.pipeline: 이번 정지 구간에서 이미 publish함 -> 스킵
2026-08-03 21:05:15,576 [INFO] webcam_perception: YOLO 추론 성공: detection 1건
2026-08-03 21:05:15,577 [INFO] webcam_perception.pipeline: ROI 필터링: 전체 1건 -> ROI 내 1건
2026-08-03 21:05:15,577 [INFO] webcam_perception.pipeline: best detection 선택: confidence=0.96
2026-08-03 21:05:15,577 [INFO] webcam_perception.pipeline: 정지 판정: stopped=True
2026-08-03 21:05:15,577 [INFO] webcam_perception.pipeline: 이번 정지 구간에서 이미 publish함 -> 스킵
2026-08-03 21:05:15,677 [INFO] webcam_perception: YOLO 추론 성공: detection 1건
2026-08-03 21:05:15,677 [INFO] webcam_perception.pipeline: ROI 필터링: 전체 1건 -> ROI 내 1건
2026-08-03 21:05:15,677 [INFO] webcam_perception.pipeline: best detection 선택: confidence=0.96
2026-08-03 21:05:15,677 [INFO] webcam_perception.pipeline: 정지 판정: stopped=True
2026-08-03 21:05:15,677 [INFO] webcam_perception.pipeline: 이번 정지 구간에서 이미 publish함 -> 스킵
2026-08-03 21:05:15,776 [INFO] webcam_perception: YOLO 추론 성공: detection 1건
2026-08-03 21:05:15,777 [INFO] webcam_perception.pipeline: ROI 필터링: 전체 1건 -> ROI 내 1건
2026-08-03 21:05:15,777 [INFO] webcam_perception.pipeline: best detection 선택: confidence=0.95
2026-08-03 21:05:15,777 [INFO] webcam_perception.pipeline: 정지 판정: stopped=True
2026-08-03 21:05:15,777 [INFO] webcam_perception.pipeline: 이번 정지 구간에서 이미 publish함 -> 스킵
2026-08-03 21:05:15,879 [INFO] webcam_perception: YOLO 추론 성공: detection 1건
2026-08-03 21:05:15,880 [INFO] webcam_perception.pipeline: ROI 필터링: 전체 1건 -> ROI 내 1건
2026-08-03 21:05:15,880 [INFO] webcam_perception.pipeline: best detection 선택: confidence=0.95
2026-08-03 21:05:15,880 [INFO] webcam_perception.pipeline: 정지 판정: stopped=True
2026-08-03 21:05:15,880 [INFO] webcam_perception.pipeline: 이번 정지 구간에서 이미 publish함 -> 스킵
2026-08-03 21:05:15,977 [INFO] webcam_perception: YOLO 추론 성공: detection 1건
2026-08-03 21:05:15,977 [INFO] webcam_perception.pipeline: ROI 필터링: 전체 1건 -> ROI 내 1건
2026-08-03 21:05:15,977 [INFO] webcam_perception.pipeline: best detection 선택: confidence=0.95
2026-08-03 21:05:15,977 [INFO] webcam_perception.pipeline: 정지 판정: stopped=True
2026-08-03 21:05:15,977 [INFO] webcam_perception.pipeline: 이번 정지 구간에서 이미 publish함 -> 스킵
2026-08-03 21:05:16,080 [INFO] webcam_perception: YOLO 추론 성공: detection 1건
2026-08-03 21:05:16,080 [INFO] webcam_perception.pipeline: ROI 필터링: 전체 1건 -> ROI 내 1건
2026-08-03 21:05:16,080 [INFO] webcam_perception.pipeline: best detection 선택: confidence=0.95
2026-08-03 21:05:16,080 [INFO] webcam_perception.pipeline: 정지 판정: stopped=True
2026-08-03 21:05:16,080 [INFO] webcam_perception.pipeline: 이번 정지 구간에서 이미 publish함 -> 스킵
2026-08-03 21:05:16,176 [INFO] webcam_perception: YOLO 추론 성공: detection 1건
2026-08-03 21:05:16,177 [INFO] webcam_perception.pipeline: ROI 필터링: 전체 1건 -> ROI 내 1건
2026-08-03 21:05:16,177 [INFO] webcam_perception.pipeline: best detection 선택: confidence=0.95
2026-08-03 21:05:16,177 [INFO] webcam_perception.pipeline: 정지 판정: stopped=True
2026-08-03 21:05:16,177 [INFO] webcam_perception.pipeline: 이번 정지 구간에서 이미 publish함 -> 스킵
2026-08-03 21:05:16,276 [INFO] webcam_perception: YOLO 추론 성공: detection 1건
2026-08-03 21:05:16,277 [INFO] webcam_perception.pipeline: ROI 필터링: 전체 1건 -> ROI 내 1건
2026-08-03 21:05:16,277 [INFO] webcam_perception.pipeline: best detection 선택: confidence=0.96
2026-08-03 21:05:16,277 [INFO] webcam_perception.pipeline: 정지 판정: stopped=True
2026-08-03 21:05:16,277 [INFO] webcam_perception.pipeline: 이번 정지 구간에서 이미 publish함 -> 스킵
2026-08-03 21:05:16,379 [INFO] webcam_perception: YOLO 추론 성공: detection 1건
2026-08-03 21:05:16,379 [INFO] webcam_perception.pipeline: ROI 필터링: 전체 1건 -> ROI 내 1건
2026-08-03 21:05:16,380 [INFO] webcam_perception.pipeline: best detection 선택: confidence=0.94
2026-08-03 21:05:16,380 [INFO] webcam_perception.pipeline: 정지 판정: stopped=True
2026-08-03 21:05:16,380 [INFO] webcam_perception.pipeline: 이번 정지 구간에서 이미 publish함 -> 스킵
2026-08-03 21:05:16,476 [INFO] webcam_perception: YOLO 추론 성공: detection 1건
2026-08-03 21:05:16,477 [INFO] webcam_perception.pipeline: ROI 필터링: 전체 1건 -> ROI 내 1건
2026-08-03 21:05:16,477 [INFO] webcam_perception.pipeline: best detection 선택: confidence=0.94
2026-08-03 21:05:16,477 [INFO] webcam_perception.pipeline: 정지 판정: stopped=True
2026-08-03 21:05:16,477 [INFO] webcam_perception.pipeline: 이번 정지 구간에서 이미 publish함 -> 스킵
2026-08-03 21:05:16,577 [INFO] webcam_perception: YOLO 추론 성공: detection 1건
2026-08-03 21:05:16,577 [INFO] webcam_perception.pipeline: ROI 필터링: 전체 1건 -> ROI 내 1건
2026-08-03 21:05:16,577 [INFO] webcam_perception.pipeline: best detection 선택: confidence=0.95
2026-08-03 21:05:16,577 [INFO] webcam_perception.pipeline: 정지 판정: stopped=True
2026-08-03 21:05:16,577 [INFO] webcam_perception.pipeline: 이번 정지 구간에서 이미 publish함 -> 스킵
2026-08-03 21:05:16,677 [INFO] webcam_perception: YOLO 추론 성공: detection 1건
2026-08-03 21:05:16,677 [INFO] webcam_perception.pipeline: ROI 필터링: 전체 1건 -> ROI 내 1건
2026-08-03 21:05:16,677 [INFO] webcam_perception.pipeline: best detection 선택: confidence=0.95
2026-08-03 21:05:16,677 [INFO] webcam_perception.pipeline: 정지 판정: stopped=True
2026-08-03 21:05:16,677 [INFO] webcam_perception.pipeline: 이번 정지 구간에서 이미 publish함 -> 스킵
2026-08-03 21:05:16,777 [INFO] webcam_perception: YOLO 추론 성공: detection 1건
2026-08-03 21:05:16,777 [INFO] webcam_perception.pipeline: ROI 필터링: 전체 1건 -> ROI 내 1건
2026-08-03 21:05:16,777 [INFO] webcam_perception.pipeline: best detection 선택: confidence=0.95
2026-08-03 21:05:16,777 [INFO] webcam_perception.pipeline: 정지 판정: stopped=True
2026-08-03 21:05:16,777 [INFO] webcam_perception.pipeline: 이번 정지 구간에서 이미 publish함 -> 스킵
2026-08-03 21:05:16,878 [INFO] webcam_perception: YOLO 추론 성공: detection 1건
2026-08-03 21:05:16,878 [INFO] webcam_perception.pipeline: ROI 필터링: 전체 1건 -> ROI 내 1건
2026-08-03 21:05:16,878 [INFO] webcam_perception.pipeline: best detection 선택: confidence=0.95
2026-08-03 21:05:16,878 [INFO] webcam_perception.pipeline: 정지 판정: stopped=True
2026-08-03 21:05:16,878 [INFO] webcam_perception.pipeline: 이번 정지 구간에서 이미 publish함 -> 스킵
2026-08-03 21:05:16,977 [INFO] webcam_perception: YOLO 추론 성공: detection 1건
2026-08-03 21:05:16,977 [INFO] webcam_perception.pipeline: ROI 필터링: 전체 1건 -> ROI 내 1건
2026-08-03 21:05:16,977 [INFO] webcam_perception.pipeline: best detection 선택: confidence=0.95
2026-08-03 21:05:16,977 [INFO] webcam_perception.pipeline: 정지 판정: stopped=True
2026-08-03 21:05:16,977 [INFO] webcam_perception.pipeline: 이번 정지 구간에서 이미 publish함 -> 스킵
2026-08-03 21:05:17,077 [INFO] webcam_perception: YOLO 추론 성공: detection 1건
2026-08-03 21:05:17,078 [INFO] webcam_perception.pipeline: ROI 필터링: 전체 1건 -> ROI 내 1건
2026-08-03 21:05:17,078 [INFO] webcam_perception.pipeline: best detection 선택: confidence=0.95
2026-08-03 21:05:17,078 [INFO] webcam_perception.pipeline: 정지 판정: stopped=True
2026-08-03 21:05:17,078 [INFO] webcam_perception.pipeline: 이번 정지 구간에서 이미 publish함 -> 스킵
2026-08-03 21:05:17,177 [INFO] webcam_perception: YOLO 추론 성공: detection 1건
2026-08-03 21:05:17,178 [INFO] webcam_perception.pipeline: ROI 필터링: 전체 1건 -> ROI 내 1건
2026-08-03 21:05:17,178 [INFO] webcam_perception.pipeline: best detection 선택: confidence=0.95
2026-08-03 21:05:17,178 [INFO] webcam_perception.pipeline: 정지 판정: stopped=True
2026-08-03 21:05:17,178 [INFO] webcam_perception.pipeline: 이번 정지 구간에서 이미 publish함 -> 스킵
2026-08-03 21:05:17,278 [INFO] webcam_perception: YOLO 추론 성공: detection 1건
2026-08-03 21:05:17,278 [INFO] webcam_perception.pipeline: ROI 필터링: 전체 1건 -> ROI 내 1건
2026-08-03 21:05:17,278 [INFO] webcam_perception.pipeline: best detection 선택: confidence=0.96
2026-08-03 21:05:17,278 [INFO] webcam_perception.pipeline: 정지 판정: stopped=True
2026-08-03 21:05:17,278 [INFO] webcam_perception.pipeline: 이번 정지 구간에서 이미 publish함 -> 스킵
2026-08-03 21:05:17,377 [INFO] webcam_perception: YOLO 추론 성공: detection 1건
2026-08-03 21:05:17,378 [INFO] webcam_perception.pipeline: ROI 필터링: 전체 1건 -> ROI 내 1건
2026-08-03 21:05:17,378 [INFO] webcam_perception.pipeline: best detection 선택: confidence=0.95
2026-08-03 21:05:17,378 [INFO] webcam_perception.pipeline: 정지 판정: stopped=True
2026-08-03 21:05:17,378 [INFO] webcam_perception.pipeline: 이번 정지 구간에서 이미 publish함 -> 스킵
2026-08-03 21:05:17,476 [INFO] webcam_perception: YOLO 추론 성공: detection 1건
2026-08-03 21:05:17,477 [INFO] webcam_perception.pipeline: ROI 필터링: 전체 1건 -> ROI 내 1건
2026-08-03 21:05:17,477 [INFO] webcam_perception.pipeline: best detection 선택: confidence=0.95
2026-08-03 21:05:17,477 [INFO] webcam_perception.pipeline: 정지 판정: stopped=True
2026-08-03 21:05:17,477 [INFO] webcam_perception.pipeline: 이번 정지 구간에서 이미 publish함 -> 스킵
2026-08-03 21:05:17,578 [INFO] webcam_perception: YOLO 추론 성공: detection 1건
2026-08-03 21:05:17,579 [INFO] webcam_perception.pipeline: ROI 필터링: 전체 1건 -> ROI 내 1건
2026-08-03 21:05:17,579 [INFO] webcam_perception.pipeline: best detection 선택: confidence=0.95
2026-08-03 21:05:17,579 [INFO] webcam_perception.pipeline: 정지 판정: stopped=True
2026-08-03 21:05:17,579 [INFO] webcam_perception.pipeline: 이번 정지 구간에서 이미 publish함 -> 스킵
2026-08-03 21:05:17,680 [INFO] webcam_perception: YOLO 추론 성공: detection 1건
2026-08-03 21:05:17,680 [INFO] webcam_perception.pipeline: ROI 필터링: 전체 1건 -> ROI 내 1건
2026-08-03 21:05:17,680 [INFO] webcam_perception.pipeline: best detection 선택: confidence=0.96
2026-08-03 21:05:17,680 [INFO] webcam_perception.pipeline: 정지 판정: stopped=True
2026-08-03 21:05:17,680 [INFO] webcam_perception.pipeline: 이번 정지 구간에서 이미 publish함 -> 스킵
2026-08-03 21:05:17,777 [INFO] webcam_perception: YOLO 추론 성공: detection 1건
2026-08-03 21:05:17,777 [INFO] webcam_perception.pipeline: ROI 필터링: 전체 1건 -> ROI 내 1건
2026-08-03 21:05:17,777 [INFO] webcam_perception.pipeline: best detection 선택: confidence=0.95
2026-08-03 21:05:17,777 [INFO] webcam_perception.pipeline: 정지 판정: stopped=True
2026-08-03 21:05:17,777 [INFO] webcam_perception.pipeline: 이번 정지 구간에서 이미 publish함 -> 스킵
2026-08-03 21:05:17,877 [INFO] webcam_perception: YOLO 추론 성공: detection 1건
2026-08-03 21:05:17,877 [INFO] webcam_perception.pipeline: ROI 필터링: 전체 1건 -> ROI 내 1건
2026-08-03 21:05:17,877 [INFO] webcam_perception.pipeline: best detection 선택: confidence=0.95
2026-08-03 21:05:17,878 [INFO] webcam_perception.pipeline: 정지 판정: stopped=True
2026-08-03 21:05:17,878 [INFO] webcam_perception.pipeline: 이번 정지 구간에서 이미 publish함 -> 스킵
2026-08-03 21:05:17,977 [INFO] webcam_perception: YOLO 추론 성공: detection 1건
2026-08-03 21:05:17,977 [INFO] webcam_perception.pipeline: ROI 필터링: 전체 1건 -> ROI 내 1건
2026-08-03 21:05:17,977 [INFO] webcam_perception.pipeline: best detection 선택: confidence=0.95
2026-08-03 21:05:17,977 [INFO] webcam_perception.pipeline: 정지 판정: stopped=True
2026-08-03 21:05:17,977 [INFO] webcam_perception.pipeline: 이번 정지 구간에서 이미 publish함 -> 스킵
2026-08-03 21:05:18,076 [INFO] webcam_perception: YOLO 추론 성공: detection 1건
2026-08-03 21:05:18,077 [INFO] webcam_perception.pipeline: ROI 필터링: 전체 1건 -> ROI 내 1건
2026-08-03 21:05:18,077 [INFO] webcam_perception.pipeline: best detection 선택: confidence=0.95
2026-08-03 21:05:18,077 [INFO] webcam_perception.pipeline: 정지 판정: stopped=True
2026-08-03 21:05:18,077 [INFO] webcam_perception.pipeline: 이번 정지 구간에서 이미 publish함 -> 스킵
2026-08-03 21:05:18,177 [INFO] webcam_perception: YOLO 추론 성공: detection 1건
2026-08-03 21:05:18,177 [INFO] webcam_perception.pipeline: ROI 필터링: 전체 1건 -> ROI 내 1건
2026-08-03 21:05:18,177 [INFO] webcam_perception.pipeline: best detection 선택: confidence=0.95
2026-08-03 21:05:18,177 [INFO] webcam_perception.pipeline: 정지 판정: stopped=True
2026-08-03 21:05:18,177 [INFO] webcam_perception.pipeline: 이번 정지 구간에서 이미 publish함 -> 스킵
2026-08-03 21:05:18,279 [INFO] webcam_perception: YOLO 추론 성공: detection 1건
2026-08-03 21:05:18,279 [INFO] webcam_perception.pipeline: ROI 필터링: 전체 1건 -> ROI 내 1건
2026-08-03 21:05:18,279 [INFO] webcam_perception.pipeline: best detection 선택: confidence=0.95
2026-08-03 21:05:18,279 [INFO] webcam_perception.pipeline: 정지 판정: stopped=True
2026-08-03 21:05:18,279 [INFO] webcam_perception.pipeline: 이번 정지 구간에서 이미 publish함 -> 스킵
2026-08-03 21:05:18,377 [INFO] webcam_perception: YOLO 추론 성공: detection 1건
2026-08-03 21:05:18,377 [INFO] webcam_perception.pipeline: ROI 필터링: 전체 1건 -> ROI 내 1건
2026-08-03 21:05:18,377 [INFO] webcam_perception.pipeline: best detection 선택: confidence=0.94
2026-08-03 21:05:18,377 [INFO] webcam_perception.pipeline: 정지 판정: stopped=True
2026-08-03 21:05:18,377 [INFO] webcam_perception.pipeline: 이번 정지 구간에서 이미 publish함 -> 스킵
2026-08-03 21:05:18,477 [INFO] webcam_perception: YOLO 추론 성공: detection 1건
2026-08-03 21:05:18,477 [INFO] webcam_perception.pipeline: ROI 필터링: 전체 1건 -> ROI 내 1건
2026-08-03 21:05:18,477 [INFO] webcam_perception.pipeline: best detection 선택: confidence=0.95
2026-08-03 21:05:18,478 [INFO] webcam_perception.pipeline: 정지 판정: stopped=True
2026-08-03 21:05:18,478 [INFO] webcam_perception.pipeline: 이번 정지 구간에서 이미 publish함 -> 스킵
2026-08-03 21:05:18,579 [INFO] webcam_perception: YOLO 추론 성공: detection 1건
2026-08-03 21:05:18,579 [INFO] webcam_perception.pipeline: ROI 필터링: 전체 1건 -> ROI 내 1건
2026-08-03 21:05:18,579 [INFO] webcam_perception.pipeline: best detection 선택: confidence=0.95
2026-08-03 21:05:18,579 [INFO] webcam_perception.pipeline: 정지 판정: stopped=True
2026-08-03 21:05:18,579 [INFO] webcam_perception.pipeline: 이번 정지 구간에서 이미 publish함 -> 스킵
2026-08-03 21:05:18,677 [INFO] webcam_perception: YOLO 추론 성공: detection 1건
2026-08-03 21:05:18,677 [INFO] webcam_perception.pipeline: ROI 필터링: 전체 1건 -> ROI 내 1건
2026-08-03 21:05:18,678 [INFO] webcam_perception.pipeline: best detection 선택: confidence=0.95
2026-08-03 21:05:18,678 [INFO] webcam_perception.pipeline: 정지 판정: stopped=True
2026-08-03 21:05:18,678 [INFO] webcam_perception.pipeline: 이번 정지 구간에서 이미 publish함 -> 스킵
2026-08-03 21:05:18,777 [INFO] webcam_perception: YOLO 추론 성공: detection 1건
2026-08-03 21:05:18,777 [INFO] webcam_perception.pipeline: ROI 필터링: 전체 1건 -> ROI 내 1건
2026-08-03 21:05:18,777 [INFO] webcam_perception.pipeline: best detection 선택: confidence=0.94
2026-08-03 21:05:18,777 [INFO] webcam_perception.pipeline: 정지 판정: stopped=True
2026-08-03 21:05:18,777 [INFO] webcam_perception.pipeline: 이번 정지 구간에서 이미 publish함 -> 스킵
2026-08-03 21:05:18,877 [INFO] webcam_perception: YOLO 추론 성공: detection 1건
2026-08-03 21:05:18,877 [INFO] webcam_perception.pipeline: ROI 필터링: 전체 1건 -> ROI 내 1건
2026-08-03 21:05:18,877 [INFO] webcam_perception.pipeline: best detection 선택: confidence=0.95
2026-08-03 21:05:18,877 [INFO] webcam_perception.pipeline: 정지 판정: stopped=True
2026-08-03 21:05:18,877 [INFO] webcam_perception.pipeline: 이번 정지 구간에서 이미 publish함 -> 스킵
2026-08-03 21:05:18,976 [INFO] webcam_perception: YOLO 추론 성공: detection 1건
2026-08-03 21:05:18,977 [INFO] webcam_perception.pipeline: ROI 필터링: 전체 1건 -> ROI 내 1건
2026-08-03 21:05:18,977 [INFO] webcam_perception.pipeline: best detection 선택: confidence=0.95
2026-08-03 21:05:18,977 [INFO] webcam_perception.pipeline: 정지 판정: stopped=True
2026-08-03 21:05:18,977 [INFO] webcam_perception.pipeline: 이번 정지 구간에서 이미 publish함 -> 스킵
2026-08-03 21:05:19,077 [INFO] webcam_perception: YOLO 추론 성공: detection 1건
2026-08-03 21:05:19,077 [INFO] webcam_perception.pipeline: ROI 필터링: 전체 1건 -> ROI 내 1건
2026-08-03 21:05:19,077 [INFO] webcam_perception.pipeline: best detection 선택: confidence=0.95
2026-08-03 21:05:19,078 [INFO] webcam_perception.pipeline: 정지 판정: stopped=True
2026-08-03 21:05:19,078 [INFO] webcam_perception.pipeline: 이번 정지 구간에서 이미 publish함 -> 스킵
2026-08-03 21:05:19,177 [INFO] webcam_perception: YOLO 추론 성공: detection 1건
2026-08-03 21:05:19,177 [INFO] webcam_perception.pipeline: ROI 필터링: 전체 1건 -> ROI 내 1건
2026-08-03 21:05:19,177 [INFO] webcam_perception.pipeline: best detection 선택: confidence=0.95
2026-08-03 21:05:19,177 [INFO] webcam_perception.pipeline: 정지 판정: stopped=True
2026-08-03 21:05:19,177 [INFO] webcam_perception.pipeline: 이번 정지 구간에서 이미 publish함 -> 스킵
2026-08-03 21:05:19,280 [INFO] webcam_perception: YOLO 추론 성공: detection 1건
2026-08-03 21:05:19,280 [INFO] webcam_perception.pipeline: ROI 필터링: 전체 1건 -> ROI 내 1건
2026-08-03 21:05:19,280 [INFO] webcam_perception.pipeline: best detection 선택: confidence=0.95
2026-08-03 21:05:19,280 [INFO] webcam_perception.pipeline: 정지 판정: stopped=True
2026-08-03 21:05:19,280 [INFO] webcam_perception.pipeline: 이번 정지 구간에서 이미 publish함 -> 스킵
2026-08-03 21:05:19,378 [INFO] webcam_perception: YOLO 추론 성공: detection 1건
2026-08-03 21:05:19,379 [INFO] webcam_perception.pipeline: ROI 필터링: 전체 1건 -> ROI 내 1건
2026-08-03 21:05:19,379 [INFO] webcam_perception.pipeline: best detection 선택: confidence=0.95
2026-08-03 21:05:19,379 [INFO] webcam_perception.pipeline: 정지 판정: stopped=True
2026-08-03 21:05:19,379 [INFO] webcam_perception.pipeline: 이번 정지 구간에서 이미 publish함 -> 스킵
2026-08-03 21:05:19,477 [INFO] webcam_perception: YOLO 추론 성공: detection 1건
2026-08-03 21:05:19,477 [INFO] webcam_perception.pipeline: ROI 필터링: 전체 1건 -> ROI 내 1건
2026-08-03 21:05:19,477 [INFO] webcam_perception.pipeline: best detection 선택: confidence=0.95
2026-08-03 21:05:19,477 [INFO] webcam_perception.pipeline: 정지 판정: stopped=True
2026-08-03 21:05:19,477 [INFO] webcam_perception.pipeline: 이번 정지 구간에서 이미 publish함 -> 스킵
2026-08-03 21:05:19,576 [INFO] webcam_perception: YOLO 추론 성공: detection 1건
2026-08-03 21:05:19,576 [INFO] webcam_perception.pipeline: ROI 필터링: 전체 1건 -> ROI 내 1건
2026-08-03 21:05:19,576 [INFO] webcam_perception.pipeline: best detection 선택: confidence=0.96
2026-08-03 21:05:19,577 [INFO] webcam_perception.pipeline: 정지 판정: stopped=True
2026-08-03 21:05:19,577 [INFO] webcam_perception.pipeline: 이번 정지 구간에서 이미 publish함 -> 스킵
2026-08-03 21:05:19,677 [INFO] webcam_perception: YOLO 추론 성공: detection 1건
2026-08-03 21:05:19,677 [INFO] webcam_perception.pipeline: ROI 필터링: 전체 1건 -> ROI 내 1건
2026-08-03 21:05:19,677 [INFO] webcam_perception.pipeline: best detection 선택: confidence=0.96
2026-08-03 21:05:19,677 [INFO] webcam_perception.pipeline: 정지 판정: stopped=True
2026-08-03 21:05:19,677 [INFO] webcam_perception.pipeline: 이번 정지 구간에서 이미 publish함 -> 스킵
2026-08-03 21:05:19,777 [INFO] webcam_perception: YOLO 추론 성공: detection 1건
2026-08-03 21:05:19,777 [INFO] webcam_perception.pipeline: ROI 필터링: 전체 1건 -> ROI 내 1건
2026-08-03 21:05:19,777 [INFO] webcam_perception.pipeline: best detection 선택: confidence=0.95
2026-08-03 21:05:19,777 [INFO] webcam_perception.pipeline: 정지 판정: stopped=True
2026-08-03 21:05:19,777 [INFO] webcam_perception.pipeline: 이번 정지 구간에서 이미 publish함 -> 스킵
2026-08-03 21:05:19,878 [INFO] webcam_perception: YOLO 추론 성공: detection 1건
2026-08-03 21:05:19,878 [INFO] webcam_perception.pipeline: ROI 필터링: 전체 1건 -> ROI 내 1건
2026-08-03 21:05:19,878 [INFO] webcam_perception.pipeline: best detection 선택: confidence=0.96
2026-08-03 21:05:19,878 [INFO] webcam_perception.pipeline: 정지 판정: stopped=True
2026-08-03 21:05:19,878 [INFO] webcam_perception.pipeline: 이번 정지 구간에서 이미 publish함 -> 스킵
2026-08-03 21:05:19,977 [INFO] webcam_perception: YOLO 추론 성공: detection 1건
2026-08-03 21:05:19,977 [INFO] webcam_perception.pipeline: ROI 필터링: 전체 1건 -> ROI 내 1건
2026-08-03 21:05:19,977 [INFO] webcam_perception.pipeline: best detection 선택: confidence=0.95
2026-08-03 21:05:19,977 [INFO] webcam_perception.pipeline: 정지 판정: stopped=True
2026-08-03 21:05:19,977 [INFO] webcam_perception.pipeline: 이번 정지 구간에서 이미 publish함 -> 스킵
2026-08-03 21:05:20,077 [INFO] webcam_perception: YOLO 추론 성공: detection 1건
2026-08-03 21:05:20,077 [INFO] webcam_perception.pipeline: ROI 필터링: 전체 1건 -> ROI 내 1건
2026-08-03 21:05:20,078 [INFO] webcam_perception.pipeline: best detection 선택: confidence=0.95
2026-08-03 21:05:20,078 [INFO] webcam_perception.pipeline: 정지 판정: stopped=True
2026-08-03 21:05:20,078 [INFO] webcam_perception.pipeline: 이번 정지 구간에서 이미 publish함 -> 스킵
2026-08-03 21:05:20,176 [INFO] webcam_perception: YOLO 추론 성공: detection 1건
2026-08-03 21:05:20,177 [INFO] webcam_perception.pipeline: ROI 필터링: 전체 1건 -> ROI 내 1건
2026-08-03 21:05:20,177 [INFO] webcam_perception.pipeline: best detection 선택: confidence=0.96
2026-08-03 21:05:20,177 [INFO] webcam_perception.pipeline: 정지 판정: stopped=True
2026-08-03 21:05:20,177 [INFO] webcam_perception.pipeline: 이번 정지 구간에서 이미 publish함 -> 스킵
2026-08-03 21:05:20,277 [INFO] webcam_perception: YOLO 추론 성공: detection 1건
2026-08-03 21:05:20,277 [INFO] webcam_perception.pipeline: ROI 필터링: 전체 1건 -> ROI 내 1건
2026-08-03 21:05:20,277 [INFO] webcam_perception.pipeline: best detection 선택: confidence=0.95
2026-08-03 21:05:20,277 [INFO] webcam_perception.pipeline: 정지 판정: stopped=True
2026-08-03 21:05:20,278 [INFO] webcam_perception.pipeline: 이번 정지 구간에서 이미 publish함 -> 스킵
2026-08-03 21:05:20,376 [INFO] webcam_perception: YOLO 추론 성공: detection 1건
2026-08-03 21:05:20,376 [INFO] webcam_perception.pipeline: ROI 필터링: 전체 1건 -> ROI 내 1건
2026-08-03 21:05:20,376 [INFO] webcam_perception.pipeline: best detection 선택: confidence=0.94
2026-08-03 21:05:20,376 [INFO] webcam_perception.pipeline: 정지 판정: stopped=True
2026-08-03 21:05:20,376 [INFO] webcam_perception.pipeline: 이번 정지 구간에서 이미 publish함 -> 스킵
2026-08-03 21:05:20,479 [INFO] webcam_perception: YOLO 추론 성공: detection 1건
2026-08-03 21:05:20,479 [INFO] webcam_perception.pipeline: ROI 필터링: 전체 1건 -> ROI 내 1건
2026-08-03 21:05:20,479 [INFO] webcam_perception.pipeline: best detection 선택: confidence=0.95
2026-08-03 21:05:20,479 [INFO] webcam_perception.pipeline: 정지 판정: stopped=True
2026-08-03 21:05:20,479 [INFO] webcam_perception.pipeline: 이번 정지 구간에서 이미 publish함 -> 스킵
2026-08-03 21:05:20,577 [INFO] webcam_perception: YOLO 추론 성공: detection 1건
2026-08-03 21:05:20,577 [INFO] webcam_perception.pipeline: ROI 필터링: 전체 1건 -> ROI 내 1건
2026-08-03 21:05:20,577 [INFO] webcam_perception.pipeline: best detection 선택: confidence=0.94
2026-08-03 21:05:20,577 [INFO] webcam_perception.pipeline: 정지 판정: stopped=True
2026-08-03 21:05:20,577 [INFO] webcam_perception.pipeline: 이번 정지 구간에서 이미 publish함 -> 스킵
2026-08-03 21:05:20,677 [INFO] webcam_perception: YOLO 추론 성공: detection 1건
2026-08-03 21:05:20,678 [INFO] webcam_perception.pipeline: ROI 필터링: 전체 1건 -> ROI 내 1건
2026-08-03 21:05:20,678 [INFO] webcam_perception.pipeline: best detection 선택: confidence=0.95
2026-08-03 21:05:20,678 [INFO] webcam_perception.pipeline: 정지 판정: stopped=True
2026-08-03 21:05:20,678 [INFO] webcam_perception.pipeline: 이번 정지 구간에서 이미 publish함 -> 스킵
2026-08-03 21:05:20,777 [INFO] webcam_perception: YOLO 추론 성공: detection 1건
2026-08-03 21:05:20,777 [INFO] webcam_perception.pipeline: ROI 필터링: 전체 1건 -> ROI 내 1건
2026-08-03 21:05:20,777 [INFO] webcam_perception.pipeline: best detection 선택: confidence=0.95
2026-08-03 21:05:20,777 [INFO] webcam_perception.pipeline: 정지 판정: stopped=True
2026-08-03 21:05:20,777 [INFO] webcam_perception.pipeline: 이번 정지 구간에서 이미 publish함 -> 스킵
2026-08-03 21:05:20,877 [INFO] webcam_perception: YOLO 추론 성공: detection 1건
2026-08-03 21:05:20,877 [INFO] webcam_perception.pipeline: ROI 필터링: 전체 1건 -> ROI 내 1건
2026-08-03 21:05:20,878 [INFO] webcam_perception.pipeline: best detection 선택: confidence=0.95
2026-08-03 21:05:20,878 [INFO] webcam_perception.pipeline: 정지 판정: stopped=True
2026-08-03 21:05:20,878 [INFO] webcam_perception.pipeline: 이번 정지 구간에서 이미 publish함 -> 스킵
2026-08-03 21:05:20,976 [INFO] webcam_perception: YOLO 추론 성공: detection 1건
2026-08-03 21:05:20,977 [INFO] webcam_perception.pipeline: ROI 필터링: 전체 1건 -> ROI 내 1건
2026-08-03 21:05:20,977 [INFO] webcam_perception.pipeline: best detection 선택: confidence=0.95
2026-08-03 21:05:20,977 [INFO] webcam_perception.pipeline: 정지 판정: stopped=True
2026-08-03 21:05:20,977 [INFO] webcam_perception.pipeline: 이번 정지 구간에서 이미 publish함 -> 스킵
2026-08-03 21:05:21,076 [INFO] webcam_perception: YOLO 추론 성공: detection 1건
2026-08-03 21:05:21,077 [INFO] webcam_perception.pipeline: ROI 필터링: 전체 1건 -> ROI 내 1건
2026-08-03 21:05:21,077 [INFO] webcam_perception.pipeline: best detection 선택: confidence=0.95
2026-08-03 21:05:21,077 [INFO] webcam_perception.pipeline: 정지 판정: stopped=True
2026-08-03 21:05:21,077 [INFO] webcam_perception.pipeline: 이번 정지 구간에서 이미 publish함 -> 스킵
2026-08-03 21:05:21,177 [INFO] webcam_perception: YOLO 추론 성공: detection 1건
2026-08-03 21:05:21,177 [INFO] webcam_perception.pipeline: ROI 필터링: 전체 1건 -> ROI 내 1건
2026-08-03 21:05:21,178 [INFO] webcam_perception.pipeline: best detection 선택: confidence=0.95
2026-08-03 21:05:21,178 [INFO] webcam_perception.pipeline: 정지 판정: stopped=True
2026-08-03 21:05:21,178 [INFO] webcam_perception.pipeline: 이번 정지 구간에서 이미 publish함 -> 스킵
2026-08-03 21:05:21,276 [INFO] webcam_perception: YOLO 추론 성공: detection 1건
2026-08-03 21:05:21,276 [INFO] webcam_perception.pipeline: ROI 필터링: 전체 1건 -> ROI 내 1건
2026-08-03 21:05:21,276 [INFO] webcam_perception.pipeline: best detection 선택: confidence=0.94
2026-08-03 21:05:21,276 [INFO] webcam_perception.pipeline: 정지 판정: stopped=True
2026-08-03 21:05:21,276 [INFO] webcam_perception.pipeline: 이번 정지 구간에서 이미 publish함 -> 스킵
2026-08-03 21:05:21,377 [INFO] webcam_perception: YOLO 추론 성공: detection 1건
2026-08-03 21:05:21,377 [INFO] webcam_perception.pipeline: ROI 필터링: 전체 1건 -> ROI 내 1건
2026-08-03 21:05:21,377 [INFO] webcam_perception.pipeline: best detection 선택: confidence=0.94
2026-08-03 21:05:21,377 [INFO] webcam_perception.pipeline: 정지 판정: stopped=True
2026-08-03 21:05:21,377 [INFO] webcam_perception.pipeline: 이번 정지 구간에서 이미 publish함 -> 스킵
2026-08-03 21:05:21,477 [INFO] webcam_perception: YOLO 추론 성공: detection 1건
2026-08-03 21:05:21,477 [INFO] webcam_perception.pipeline: ROI 필터링: 전체 1건 -> ROI 내 1건
2026-08-03 21:05:21,477 [INFO] webcam_perception.pipeline: best detection 선택: confidence=0.95
2026-08-03 21:05:21,477 [INFO] webcam_perception.pipeline: 정지 판정: stopped=True
2026-08-03 21:05:21,478 [INFO] webcam_perception.pipeline: 이번 정지 구간에서 이미 publish함 -> 스킵
2026-08-03 21:05:21,576 [INFO] webcam_perception: YOLO 추론 성공: detection 1건
2026-08-03 21:05:21,576 [INFO] webcam_perception.pipeline: ROI 필터링: 전체 1건 -> ROI 내 1건
2026-08-03 21:05:21,577 [INFO] webcam_perception.pipeline: best detection 선택: confidence=0.95
2026-08-03 21:05:21,577 [INFO] webcam_perception.pipeline: 정지 판정: stopped=True
2026-08-03 21:05:21,577 [INFO] webcam_perception.pipeline: 이번 정지 구간에서 이미 publish함 -> 스킵
2026-08-03 21:05:21,678 [INFO] webcam_perception: YOLO 추론 성공: detection 2건
2026-08-03 21:05:21,678 [INFO] webcam_perception.pipeline: ROI 필터링: 전체 2건 -> ROI 내 1건
2026-08-03 21:05:21,678 [INFO] webcam_perception.pipeline: best detection 선택: confidence=0.94
2026-08-03 21:05:21,678 [INFO] webcam_perception.pipeline: 정지 판정: stopped=True
2026-08-03 21:05:21,678 [INFO] webcam_perception.pipeline: 이번 정지 구간에서 이미 publish함 -> 스킵
2026-08-03 21:05:21,776 [INFO] webcam_perception: YOLO 추론 성공: detection 1건
2026-08-03 21:05:21,777 [INFO] webcam_perception.pipeline: ROI 필터링: 전체 1건 -> ROI 내 1건
2026-08-03 21:05:21,777 [INFO] webcam_perception.pipeline: best detection 선택: confidence=0.95
2026-08-03 21:05:21,777 [INFO] webcam_perception.pipeline: 정지 판정: stopped=True
2026-08-03 21:05:21,777 [INFO] webcam_perception.pipeline: 이번 정지 구간에서 이미 publish함 -> 스킵
2026-08-03 21:05:21,878 [INFO] webcam_perception: YOLO 추론 성공: detection 1건
2026-08-03 21:05:21,879 [INFO] webcam_perception.pipeline: ROI 필터링: 전체 1건 -> ROI 내 1건
2026-08-03 21:05:21,879 [INFO] webcam_perception.pipeline: best detection 선택: confidence=0.95
2026-08-03 21:05:21,879 [INFO] webcam_perception.pipeline: 정지 판정: stopped=True
2026-08-03 21:05:21,879 [INFO] webcam_perception.pipeline: 이번 정지 구간에서 이미 publish함 -> 스킵
2026-08-03 21:05:21,977 [INFO] webcam_perception: YOLO 추론 성공: detection 1건
2026-08-03 21:05:21,977 [INFO] webcam_perception.pipeline: ROI 필터링: 전체 1건 -> ROI 내 1건
2026-08-03 21:05:21,977 [INFO] webcam_perception.pipeline: best detection 선택: confidence=0.95
2026-08-03 21:05:21,977 [INFO] webcam_perception.pipeline: 정지 판정: stopped=True
2026-08-03 21:05:21,977 [INFO] webcam_perception.pipeline: 이번 정지 구간에서 이미 publish함 -> 스킵
2026-08-03 21:05:22,076 [INFO] webcam_perception: YOLO 추론 성공: detection 1건
2026-08-03 21:05:22,077 [INFO] webcam_perception.pipeline: ROI 필터링: 전체 1건 -> ROI 내 1건
2026-08-03 21:05:22,077 [INFO] webcam_perception.pipeline: best detection 선택: confidence=0.95
2026-08-03 21:05:22,077 [INFO] webcam_perception.pipeline: 정지 판정: stopped=True
2026-08-03 21:05:22,077 [INFO] webcam_perception.pipeline: 이번 정지 구간에서 이미 publish함 -> 스킵
2026-08-03 21:05:22,176 [INFO] webcam_perception: YOLO 추론 성공: detection 1건
2026-08-03 21:05:22,177 [INFO] webcam_perception.pipeline: ROI 필터링: 전체 1건 -> ROI 내 1건
2026-08-03 21:05:22,177 [INFO] webcam_perception.pipeline: best detection 선택: confidence=0.95
2026-08-03 21:05:22,177 [INFO] webcam_perception.pipeline: 정지 판정: stopped=True
2026-08-03 21:05:22,177 [INFO] webcam_perception.pipeline: 이번 정지 구간에서 이미 publish함 -> 스킵
2026-08-03 21:05:22,277 [INFO] webcam_perception: YOLO 추론 성공: detection 1건
2026-08-03 21:05:22,277 [INFO] webcam_perception.pipeline: ROI 필터링: 전체 1건 -> ROI 내 1건
2026-08-03 21:05:22,277 [INFO] webcam_perception.pipeline: best detection 선택: confidence=0.95
2026-08-03 21:05:22,277 [INFO] webcam_perception.pipeline: 정지 판정: stopped=True
2026-08-03 21:05:22,277 [INFO] webcam_perception.pipeline: 이번 정지 구간에서 이미 publish함 -> 스킵
2026-08-03 21:05:22,378 [INFO] webcam_perception: YOLO 추론 성공: detection 1건
2026-08-03 21:05:22,378 [INFO] webcam_perception.pipeline: ROI 필터링: 전체 1건 -> ROI 내 1건
2026-08-03 21:05:22,378 [INFO] webcam_perception.pipeline: best detection 선택: confidence=0.95
2026-08-03 21:05:22,378 [INFO] webcam_perception.pipeline: 정지 판정: stopped=True
2026-08-03 21:05:22,378 [INFO] webcam_perception.pipeline: 이번 정지 구간에서 이미 publish함 -> 스킵
2026-08-03 21:05:22,479 [INFO] webcam_perception: YOLO 추론 성공: detection 1건
2026-08-03 21:05:22,479 [INFO] webcam_perception.pipeline: ROI 필터링: 전체 1건 -> ROI 내 1건
2026-08-03 21:05:22,479 [INFO] webcam_perception.pipeline: best detection 선택: confidence=0.96
2026-08-03 21:05:22,479 [INFO] webcam_perception.pipeline: 정지 판정: stopped=True
2026-08-03 21:05:22,479 [INFO] webcam_perception.pipeline: 이번 정지 구간에서 이미 publish함 -> 스킵
2026-08-03 21:05:22,578 [INFO] webcam_perception: YOLO 추론 성공: detection 1건
2026-08-03 21:05:22,578 [INFO] webcam_perception.pipeline: ROI 필터링: 전체 1건 -> ROI 내 1건
2026-08-03 21:05:22,578 [INFO] webcam_perception.pipeline: best detection 선택: confidence=0.95
2026-08-03 21:05:22,578 [INFO] webcam_perception.pipeline: 정지 판정: stopped=True
2026-08-03 21:05:22,578 [INFO] webcam_perception.pipeline: 이번 정지 구간에서 이미 publish함 -> 스킵
2026-08-03 21:05:22,677 [INFO] webcam_perception: YOLO 추론 성공: detection 2건
2026-08-03 21:05:22,677 [INFO] webcam_perception.pipeline: ROI 필터링: 전체 2건 -> ROI 내 1건
2026-08-03 21:05:22,677 [INFO] webcam_perception.pipeline: best detection 선택: confidence=0.96
2026-08-03 21:05:22,678 [INFO] webcam_perception.pipeline: 정지 판정: stopped=True
2026-08-03 21:05:22,678 [INFO] webcam_perception.pipeline: 이번 정지 구간에서 이미 publish함 -> 스킵
2026-08-03 21:05:22,777 [INFO] webcam_perception: YOLO 추론 성공: detection 1건
2026-08-03 21:05:22,778 [INFO] webcam_perception.pipeline: ROI 필터링: 전체 1건 -> ROI 내 1건
2026-08-03 21:05:22,778 [INFO] webcam_perception.pipeline: best detection 선택: confidence=0.95
2026-08-03 21:05:22,778 [INFO] webcam_perception.pipeline: 정지 판정: stopped=True
2026-08-03 21:05:22,778 [INFO] webcam_perception.pipeline: 이번 정지 구간에서 이미 publish함 -> 스킵
2026-08-03 21:05:22,877 [INFO] webcam_perception: YOLO 추론 성공: detection 1건
2026-08-03 21:05:22,878 [INFO] webcam_perception.pipeline: ROI 필터링: 전체 1건 -> ROI 내 1건
2026-08-03 21:05:22,878 [INFO] webcam_perception.pipeline: best detection 선택: confidence=0.95
2026-08-03 21:05:22,878 [INFO] webcam_perception.pipeline: 정지 판정: stopped=True
2026-08-03 21:05:22,878 [INFO] webcam_perception.pipeline: 이번 정지 구간에서 이미 publish함 -> 스킵
2026-08-03 21:05:22,976 [INFO] webcam_perception: YOLO 추론 성공: detection 1건
2026-08-03 21:05:22,977 [INFO] webcam_perception.pipeline: ROI 필터링: 전체 1건 -> ROI 내 1건
2026-08-03 21:05:22,977 [INFO] webcam_perception.pipeline: best detection 선택: confidence=0.95
2026-08-03 21:05:22,977 [INFO] webcam_perception.pipeline: 정지 판정: stopped=True
2026-08-03 21:05:22,977 [INFO] webcam_perception.pipeline: 이번 정지 구간에서 이미 publish함 -> 스킵
2026-08-03 21:05:23,077 [INFO] webcam_perception: YOLO 추론 성공: detection 1건
2026-08-03 21:05:23,078 [INFO] webcam_perception.pipeline: ROI 필터링: 전체 1건 -> ROI 내 1건
2026-08-03 21:05:23,078 [INFO] webcam_perception.pipeline: best detection 선택: confidence=0.95
2026-08-03 21:05:23,078 [INFO] webcam_perception.pipeline: 정지 판정: stopped=True
2026-08-03 21:05:23,078 [INFO] webcam_perception.pipeline: 이번 정지 구간에서 이미 publish함 -> 스킵
2026-08-03 21:05:23,178 [INFO] webcam_perception: YOLO 추론 성공: detection 1건
2026-08-03 21:05:23,178 [INFO] webcam_perception.pipeline: ROI 필터링: 전체 1건 -> ROI 내 1건
2026-08-03 21:05:23,178 [INFO] webcam_perception.pipeline: best detection 선택: confidence=0.95
2026-08-03 21:05:23,179 [INFO] webcam_perception.pipeline: 정지 판정: stopped=True
2026-08-03 21:05:23,179 [INFO] webcam_perception.pipeline: 이번 정지 구간에서 이미 publish함 -> 스킵
2026-08-03 21:05:23,278 [INFO] webcam_perception: YOLO 추론 성공: detection 1건
2026-08-03 21:05:23,279 [INFO] webcam_perception.pipeline: ROI 필터링: 전체 1건 -> ROI 내 1건
2026-08-03 21:05:23,286 [INFO] webcam_perception.pipeline: best detection 선택: confidence=0.94
2026-08-03 21:05:23,287 [INFO] webcam_perception.pipeline: 정지 판정: stopped=True
2026-08-03 21:05:23,287 [INFO] webcam_perception.pipeline: 이번 정지 구간에서 이미 publish함 -> 스킵
2026-08-03 21:05:23,378 [INFO] webcam_perception: YOLO 추론 성공: detection 1건
2026-08-03 21:05:23,378 [INFO] webcam_perception.pipeline: ROI 필터링: 전체 1건 -> ROI 내 1건
2026-08-03 21:05:23,378 [INFO] webcam_perception.pipeline: best detection 선택: confidence=0.95
2026-08-03 21:05:23,379 [INFO] webcam_perception.pipeline: 정지 판정: stopped=True
2026-08-03 21:05:23,379 [INFO] webcam_perception.pipeline: 이번 정지 구간에서 이미 publish함 -> 스킵
2026-08-03 21:05:23,477 [INFO] webcam_perception: YOLO 추론 성공: detection 1건
2026-08-03 21:05:23,477 [INFO] webcam_perception.pipeline: ROI 필터링: 전체 1건 -> ROI 내 1건
2026-08-03 21:05:23,477 [INFO] webcam_perception.pipeline: best detection 선택: confidence=0.95
2026-08-03 21:05:23,477 [INFO] webcam_perception.pipeline: 정지 판정: stopped=True
2026-08-03 21:05:23,477 [INFO] webcam_perception.pipeline: 이번 정지 구간에서 이미 publish함 -> 스킵
2026-08-03 21:05:23,577 [INFO] webcam_perception: YOLO 추론 성공: detection 1건
2026-08-03 21:05:23,577 [INFO] webcam_perception.pipeline: ROI 필터링: 전체 1건 -> ROI 내 1건
2026-08-03 21:05:23,577 [INFO] webcam_perception.pipeline: best detection 선택: confidence=0.95
2026-08-03 21:05:23,577 [INFO] webcam_perception.pipeline: 정지 판정: stopped=True
2026-08-03 21:05:23,577 [INFO] webcam_perception.pipeline: 이번 정지 구간에서 이미 publish함 -> 스킵
2026-08-03 21:05:23,676 [INFO] webcam_perception: YOLO 추론 성공: detection 1건
2026-08-03 21:05:23,677 [INFO] webcam_perception.pipeline: ROI 필터링: 전체 1건 -> ROI 내 1건
2026-08-03 21:05:23,677 [INFO] webcam_perception.pipeline: best detection 선택: confidence=0.95
2026-08-03 21:05:23,677 [INFO] webcam_perception.pipeline: 정지 판정: stopped=True
2026-08-03 21:05:23,677 [INFO] webcam_perception.pipeline: 이번 정지 구간에서 이미 publish함 -> 스킵
2026-08-03 21:05:23,777 [INFO] webcam_perception: YOLO 추론 성공: detection 1건
2026-08-03 21:05:23,777 [INFO] webcam_perception.pipeline: ROI 필터링: 전체 1건 -> ROI 내 1건
2026-08-03 21:05:23,777 [INFO] webcam_perception.pipeline: best detection 선택: confidence=0.95
2026-08-03 21:05:23,777 [INFO] webcam_perception.pipeline: 정지 판정: stopped=True
2026-08-03 21:05:23,777 [INFO] webcam_perception.pipeline: 이번 정지 구간에서 이미 publish함 -> 스킵
2026-08-03 21:05:23,877 [INFO] webcam_perception: YOLO 추론 성공: detection 1건
2026-08-03 21:05:23,878 [INFO] webcam_perception.pipeline: ROI 필터링: 전체 1건 -> ROI 내 1건
2026-08-03 21:05:23,878 [INFO] webcam_perception.pipeline: best detection 선택: confidence=0.95
2026-08-03 21:05:23,878 [INFO] webcam_perception.pipeline: 정지 판정: stopped=True
2026-08-03 21:05:23,878 [INFO] webcam_perception.pipeline: 이번 정지 구간에서 이미 publish함 -> 스킵
2026-08-03 21:05:23,977 [INFO] webcam_perception: YOLO 추론 성공: detection 1건
2026-08-03 21:05:23,977 [INFO] webcam_perception.pipeline: ROI 필터링: 전체 1건 -> ROI 내 1건
2026-08-03 21:05:23,977 [INFO] webcam_perception.pipeline: best detection 선택: confidence=0.95
2026-08-03 21:05:23,977 [INFO] webcam_perception.pipeline: 정지 판정: stopped=True
2026-08-03 21:05:23,977 [INFO] webcam_perception.pipeline: 이번 정지 구간에서 이미 publish함 -> 스킵
2026-08-03 21:05:24,077 [INFO] webcam_perception: YOLO 추론 성공: detection 1건
2026-08-03 21:05:24,078 [INFO] webcam_perception.pipeline: ROI 필터링: 전체 1건 -> ROI 내 1건
2026-08-03 21:05:24,078 [INFO] webcam_perception.pipeline: best detection 선택: confidence=0.95
2026-08-03 21:05:24,078 [INFO] webcam_perception.pipeline: 정지 판정: stopped=True
2026-08-03 21:05:24,078 [INFO] webcam_perception.pipeline: 이번 정지 구간에서 이미 publish함 -> 스킵
2026-08-03 21:05:24,177 [INFO] webcam_perception: YOLO 추론 성공: detection 1건
2026-08-03 21:05:24,178 [INFO] webcam_perception.pipeline: ROI 필터링: 전체 1건 -> ROI 내 1건
2026-08-03 21:05:24,178 [INFO] webcam_perception.pipeline: best detection 선택: confidence=0.94
2026-08-03 21:05:24,178 [INFO] webcam_perception.pipeline: 정지 판정: stopped=True
2026-08-03 21:05:24,178 [INFO] webcam_perception.pipeline: 이번 정지 구간에서 이미 publish함 -> 스킵
2026-08-03 21:05:24,276 [INFO] webcam_perception: YOLO 추론 성공: detection 2건
2026-08-03 21:05:24,276 [INFO] webcam_perception.pipeline: ROI 필터링: 전체 2건 -> ROI 내 1건
2026-08-03 21:05:24,276 [INFO] webcam_perception.pipeline: best detection 선택: confidence=0.96
2026-08-03 21:05:24,276 [INFO] webcam_perception.pipeline: 정지 판정: stopped=True
2026-08-03 21:05:24,276 [INFO] webcam_perception.pipeline: 이번 정지 구간에서 이미 publish함 -> 스킵
2026-08-03 21:05:24,376 [INFO] webcam_perception: YOLO 추론 성공: detection 1건
2026-08-03 21:05:24,377 [INFO] webcam_perception.pipeline: ROI 필터링: 전체 1건 -> ROI 내 1건
2026-08-03 21:05:24,377 [INFO] webcam_perception.pipeline: best detection 선택: confidence=0.95
2026-08-03 21:05:24,377 [INFO] webcam_perception.pipeline: 정지 판정: stopped=True
2026-08-03 21:05:24,377 [INFO] webcam_perception.pipeline: 이번 정지 구간에서 이미 publish함 -> 스킵
2026-08-03 21:05:24,478 [INFO] webcam_perception: YOLO 추론 성공: detection 1건
2026-08-03 21:05:24,478 [INFO] webcam_perception.pipeline: ROI 필터링: 전체 1건 -> ROI 내 1건
2026-08-03 21:05:24,478 [INFO] webcam_perception.pipeline: best detection 선택: confidence=0.95
2026-08-03 21:05:24,478 [INFO] webcam_perception.pipeline: 정지 판정: stopped=True
2026-08-03 21:05:24,478 [INFO] webcam_perception.pipeline: 이번 정지 구간에서 이미 publish함 -> 스킵
2026-08-03 21:05:24,578 [INFO] webcam_perception: YOLO 추론 성공: detection 1건
2026-08-03 21:05:24,578 [INFO] webcam_perception.pipeline: ROI 필터링: 전체 1건 -> ROI 내 1건
2026-08-03 21:05:24,578 [INFO] webcam_perception.pipeline: best detection 선택: confidence=0.96
2026-08-03 21:05:24,578 [INFO] webcam_perception.pipeline: 정지 판정: stopped=True
2026-08-03 21:05:24,578 [INFO] webcam_perception.pipeline: 이번 정지 구간에서 이미 publish함 -> 스킵
2026-08-03 21:05:24,678 [INFO] webcam_perception: YOLO 추론 성공: detection 1건
2026-08-03 21:05:24,678 [INFO] webcam_perception.pipeline: ROI 필터링: 전체 1건 -> ROI 내 1건
2026-08-03 21:05:24,678 [INFO] webcam_perception.pipeline: best detection 선택: confidence=0.95
2026-08-03 21:05:24,679 [INFO] webcam_perception.pipeline: 정지 판정: stopped=True
2026-08-03 21:05:24,679 [INFO] webcam_perception.pipeline: 이번 정지 구간에서 이미 publish함 -> 스킵
2026-08-03 21:05:24,777 [INFO] webcam_perception: YOLO 추론 성공: detection 1건
2026-08-03 21:05:24,777 [INFO] webcam_perception.pipeline: ROI 필터링: 전체 1건 -> ROI 내 1건
2026-08-03 21:05:24,777 [INFO] webcam_perception.pipeline: best detection 선택: confidence=0.96
2026-08-03 21:05:24,777 [INFO] webcam_perception.pipeline: 정지 판정: stopped=True
2026-08-03 21:05:24,777 [INFO] webcam_perception.pipeline: 이번 정지 구간에서 이미 publish함 -> 스킵
2026-08-03 21:05:24,877 [INFO] webcam_perception: YOLO 추론 성공: detection 1건
2026-08-03 21:05:24,878 [INFO] webcam_perception.pipeline: ROI 필터링: 전체 1건 -> ROI 내 1건
2026-08-03 21:05:24,878 [INFO] webcam_perception.pipeline: best detection 선택: confidence=0.95
2026-08-03 21:05:24,878 [INFO] webcam_perception.pipeline: 정지 판정: stopped=True
2026-08-03 21:05:24,878 [INFO] webcam_perception.pipeline: 이번 정지 구간에서 이미 publish함 -> 스킵
2026-08-03 21:05:24,978 [INFO] webcam_perception: YOLO 추론 성공: detection 1건
2026-08-03 21:05:24,979 [INFO] webcam_perception.pipeline: ROI 필터링: 전체 1건 -> ROI 내 1건
2026-08-03 21:05:24,979 [INFO] webcam_perception.pipeline: best detection 선택: confidence=0.94
2026-08-03 21:05:24,979 [INFO] webcam_perception.pipeline: 정지 판정: stopped=True
2026-08-03 21:05:24,979 [INFO] webcam_perception.pipeline: 이번 정지 구간에서 이미 publish함 -> 스킵
2026-08-03 21:05:25,077 [INFO] webcam_perception: YOLO 추론 성공: detection 1건
2026-08-03 21:05:25,077 [INFO] webcam_perception.pipeline: ROI 필터링: 전체 1건 -> ROI 내 1건
2026-08-03 21:05:25,077 [INFO] webcam_perception.pipeline: best detection 선택: confidence=0.95
2026-08-03 21:05:25,077 [INFO] webcam_perception.pipeline: 정지 판정: stopped=True
2026-08-03 21:05:25,077 [INFO] webcam_perception.pipeline: 이번 정지 구간에서 이미 publish함 -> 스킵
2026-08-03 21:05:25,178 [INFO] webcam_perception: YOLO 추론 성공: detection 1건
2026-08-03 21:05:25,178 [INFO] webcam_perception.pipeline: ROI 필터링: 전체 1건 -> ROI 내 1건
2026-08-03 21:05:25,179 [INFO] webcam_perception.pipeline: best detection 선택: confidence=0.95
2026-08-03 21:05:25,179 [INFO] webcam_perception.pipeline: 정지 판정: stopped=True
2026-08-03 21:05:25,179 [INFO] webcam_perception.pipeline: 이번 정지 구간에서 이미 publish함 -> 스킵
2026-08-03 21:05:25,276 [INFO] webcam_perception: YOLO 추론 성공: detection 1건
2026-08-03 21:05:25,276 [INFO] webcam_perception.pipeline: ROI 필터링: 전체 1건 -> ROI 내 1건
2026-08-03 21:05:25,276 [INFO] webcam_perception.pipeline: best detection 선택: confidence=0.95
2026-08-03 21:05:25,276 [INFO] webcam_perception.pipeline: 정지 판정: stopped=True
2026-08-03 21:05:25,277 [INFO] webcam_perception.pipeline: 이번 정지 구간에서 이미 publish함 -> 스킵
2026-08-03 21:05:25,377 [INFO] webcam_perception: YOLO 추론 성공: detection 1건
2026-08-03 21:05:25,377 [INFO] webcam_perception.pipeline: ROI 필터링: 전체 1건 -> ROI 내 1건
2026-08-03 21:05:25,378 [INFO] webcam_perception.pipeline: best detection 선택: confidence=0.95
2026-08-03 21:05:25,378 [INFO] webcam_perception.pipeline: 정지 판정: stopped=True
2026-08-03 21:05:25,378 [INFO] webcam_perception.pipeline: 이번 정지 구간에서 이미 publish함 -> 스킵
2026-08-03 21:05:25,476 [INFO] webcam_perception: YOLO 추론 성공: detection 1건
2026-08-03 21:05:25,476 [INFO] webcam_perception.pipeline: ROI 필터링: 전체 1건 -> ROI 내 1건
2026-08-03 21:05:25,476 [INFO] webcam_perception.pipeline: best detection 선택: confidence=0.95
2026-08-03 21:05:25,476 [INFO] webcam_perception.pipeline: 정지 판정: stopped=True
2026-08-03 21:05:25,476 [INFO] webcam_perception.pipeline: 이번 정지 구간에서 이미 publish함 -> 스킵
2026-08-03 21:05:25,578 [INFO] webcam_perception: YOLO 추론 성공: detection 1건
2026-08-03 21:05:25,578 [INFO] webcam_perception.pipeline: ROI 필터링: 전체 1건 -> ROI 내 1건
2026-08-03 21:05:25,578 [INFO] webcam_perception.pipeline: best detection 선택: confidence=0.95
2026-08-03 21:05:25,578 [INFO] webcam_perception.pipeline: 정지 판정: stopped=True
2026-08-03 21:05:25,578 [INFO] webcam_perception.pipeline: 이번 정지 구간에서 이미 publish함 -> 스킵
2026-08-03 21:05:25,678 [INFO] webcam_perception: YOLO 추론 성공: detection 2건
2026-08-03 21:05:25,678 [INFO] webcam_perception.pipeline: ROI 필터링: 전체 2건 -> ROI 내 1건
2026-08-03 21:05:25,678 [INFO] webcam_perception.pipeline: best detection 선택: confidence=0.95
2026-08-03 21:05:25,678 [INFO] webcam_perception.pipeline: 정지 판정: stopped=True
2026-08-03 21:05:25,678 [INFO] webcam_perception.pipeline: 이번 정지 구간에서 이미 publish함 -> 스킵
2026-08-03 21:05:25,777 [INFO] webcam_perception: YOLO 추론 성공: detection 1건
2026-08-03 21:05:25,777 [INFO] webcam_perception.pipeline: ROI 필터링: 전체 1건 -> ROI 내 1건
2026-08-03 21:05:25,777 [INFO] webcam_perception.pipeline: best detection 선택: confidence=0.95
2026-08-03 21:05:25,777 [INFO] webcam_perception.pipeline: 정지 판정: stopped=True
2026-08-03 21:05:25,777 [INFO] webcam_perception.pipeline: 이번 정지 구간에서 이미 publish함 -> 스킵
2026-08-03 21:05:25,878 [INFO] webcam_perception: YOLO 추론 성공: detection 1건
2026-08-03 21:05:25,878 [INFO] webcam_perception.pipeline: ROI 필터링: 전체 1건 -> ROI 내 1건
2026-08-03 21:05:25,878 [INFO] webcam_perception.pipeline: best detection 선택: confidence=0.95
2026-08-03 21:05:25,878 [INFO] webcam_perception.pipeline: 정지 판정: stopped=True
2026-08-03 21:05:25,878 [INFO] webcam_perception.pipeline: 이번 정지 구간에서 이미 publish함 -> 스킵
2026-08-03 21:05:25,977 [INFO] webcam_perception: YOLO 추론 성공: detection 1건
2026-08-03 21:05:25,977 [INFO] webcam_perception.pipeline: ROI 필터링: 전체 1건 -> ROI 내 1건
2026-08-03 21:05:25,977 [INFO] webcam_perception.pipeline: best detection 선택: confidence=0.95
2026-08-03 21:05:25,977 [INFO] webcam_perception.pipeline: 정지 판정: stopped=True
2026-08-03 21:05:25,977 [INFO] webcam_perception.pipeline: 이번 정지 구간에서 이미 publish함 -> 스킵
2026-08-03 21:05:26,077 [INFO] webcam_perception: YOLO 추론 성공: detection 1건
2026-08-03 21:05:26,077 [INFO] webcam_perception.pipeline: ROI 필터링: 전체 1건 -> ROI 내 1건
2026-08-03 21:05:26,077 [INFO] webcam_perception.pipeline: best detection 선택: confidence=0.95
2026-08-03 21:05:26,077 [INFO] webcam_perception.pipeline: 정지 판정: stopped=True
2026-08-03 21:05:26,077 [INFO] webcam_perception.pipeline: 이번 정지 구간에서 이미 publish함 -> 스킵
2026-08-03 21:05:26,178 [INFO] webcam_perception: YOLO 추론 성공: detection 1건
2026-08-03 21:05:26,178 [INFO] webcam_perception.pipeline: ROI 필터링: 전체 1건 -> ROI 내 1건
2026-08-03 21:05:26,178 [INFO] webcam_perception.pipeline: best detection 선택: confidence=0.95
2026-08-03 21:05:26,178 [INFO] webcam_perception.pipeline: 정지 판정: stopped=True
2026-08-03 21:05:26,178 [INFO] webcam_perception.pipeline: 이번 정지 구간에서 이미 publish함 -> 스킵
2026-08-03 21:05:26,277 [INFO] webcam_perception: YOLO 추론 성공: detection 1건
2026-08-03 21:05:26,277 [INFO] webcam_perception.pipeline: ROI 필터링: 전체 1건 -> ROI 내 1건
2026-08-03 21:05:26,277 [INFO] webcam_perception.pipeline: best detection 선택: confidence=0.94
2026-08-03 21:05:26,277 [INFO] webcam_perception.pipeline: 정지 판정: stopped=True
2026-08-03 21:05:26,277 [INFO] webcam_perception.pipeline: 이번 정지 구간에서 이미 publish함 -> 스킵
2026-08-03 21:05:26,382 [INFO] webcam_perception: YOLO 추론 성공: detection 1건
2026-08-03 21:05:26,383 [INFO] webcam_perception.pipeline: ROI 필터링: 전체 1건 -> ROI 내 1건
2026-08-03 21:05:26,383 [INFO] webcam_perception.pipeline: best detection 선택: confidence=0.95
2026-08-03 21:05:26,383 [INFO] webcam_perception.pipeline: 정지 판정: stopped=True
2026-08-03 21:05:26,383 [INFO] webcam_perception.pipeline: 이번 정지 구간에서 이미 publish함 -> 스킵
2026-08-03 21:05:26,476 [INFO] webcam_perception: YOLO 추론 성공: detection 1건
2026-08-03 21:05:26,476 [INFO] webcam_perception.pipeline: ROI 필터링: 전체 1건 -> ROI 내 1건
2026-08-03 21:05:26,477 [INFO] webcam_perception.pipeline: best detection 선택: confidence=0.94
2026-08-03 21:05:26,477 [INFO] webcam_perception.pipeline: 정지 판정: stopped=True
2026-08-03 21:05:26,477 [INFO] webcam_perception.pipeline: 이번 정지 구간에서 이미 publish함 -> 스킵
2026-08-03 21:05:26,577 [INFO] webcam_perception: YOLO 추론 성공: detection 1건
2026-08-03 21:05:26,578 [INFO] webcam_perception.pipeline: ROI 필터링: 전체 1건 -> ROI 내 1건
2026-08-03 21:05:26,578 [INFO] webcam_perception.pipeline: best detection 선택: confidence=0.94
2026-08-03 21:05:26,578 [INFO] webcam_perception.pipeline: 정지 판정: stopped=True
2026-08-03 21:05:26,578 [INFO] webcam_perception.pipeline: 이번 정지 구간에서 이미 publish함 -> 스킵
2026-08-03 21:05:26,677 [INFO] webcam_perception: YOLO 추론 성공: detection 1건
2026-08-03 21:05:26,677 [INFO] webcam_perception.pipeline: ROI 필터링: 전체 1건 -> ROI 내 1건
2026-08-03 21:05:26,677 [INFO] webcam_perception.pipeline: best detection 선택: confidence=0.95
2026-08-03 21:05:26,677 [INFO] webcam_perception.pipeline: 정지 판정: stopped=True
2026-08-03 21:05:26,677 [INFO] webcam_perception.pipeline: 이번 정지 구간에서 이미 publish함 -> 스킵
2026-08-03 21:05:26,777 [INFO] webcam_perception: YOLO 추론 성공: detection 1건
2026-08-03 21:05:26,778 [INFO] webcam_perception.pipeline: ROI 필터링: 전체 1건 -> ROI 내 1건
2026-08-03 21:05:26,778 [INFO] webcam_perception.pipeline: best detection 선택: confidence=0.95
2026-08-03 21:05:26,778 [INFO] webcam_perception.pipeline: 정지 판정: stopped=True
2026-08-03 21:05:26,778 [INFO] webcam_perception.pipeline: 이번 정지 구간에서 이미 publish함 -> 스킵
2026-08-03 21:05:26,878 [INFO] webcam_perception: YOLO 추론 성공: detection 1건
2026-08-03 21:05:26,878 [INFO] webcam_perception.pipeline: ROI 필터링: 전체 1건 -> ROI 내 1건
2026-08-03 21:05:26,878 [INFO] webcam_perception.pipeline: best detection 선택: confidence=0.95
2026-08-03 21:05:26,878 [INFO] webcam_perception.pipeline: 정지 판정: stopped=True
2026-08-03 21:05:26,878 [INFO] webcam_perception.pipeline: 이번 정지 구간에서 이미 publish함 -> 스킵
2026-08-03 21:05:26,977 [INFO] webcam_perception: YOLO 추론 성공: detection 1건
2026-08-03 21:05:26,977 [INFO] webcam_perception.pipeline: ROI 필터링: 전체 1건 -> ROI 내 1건
2026-08-03 21:05:26,977 [INFO] webcam_perception.pipeline: best detection 선택: confidence=0.95
2026-08-03 21:05:26,977 [INFO] webcam_perception.pipeline: 정지 판정: stopped=True
2026-08-03 21:05:26,977 [INFO] webcam_perception.pipeline: 이번 정지 구간에서 이미 publish함 -> 스킵
2026-08-03 21:05:27,076 [INFO] webcam_perception: YOLO 추론 성공: detection 1건
2026-08-03 21:05:27,076 [INFO] webcam_perception.pipeline: ROI 필터링: 전체 1건 -> ROI 내 1건
2026-08-03 21:05:27,077 [INFO] webcam_perception.pipeline: best detection 선택: confidence=0.95
2026-08-03 21:05:27,077 [INFO] webcam_perception.pipeline: 정지 판정: stopped=True
2026-08-03 21:05:27,077 [INFO] webcam_perception.pipeline: 이번 정지 구간에서 이미 publish함 -> 스킵
2026-08-03 21:05:27,177 [INFO] webcam_perception: YOLO 추론 성공: detection 1건
2026-08-03 21:05:27,177 [INFO] webcam_perception.pipeline: ROI 필터링: 전체 1건 -> ROI 내 1건
2026-08-03 21:05:27,177 [INFO] webcam_perception.pipeline: best detection 선택: confidence=0.95
2026-08-03 21:05:27,177 [INFO] webcam_perception.pipeline: 정지 판정: stopped=True
2026-08-03 21:05:27,177 [INFO] webcam_perception.pipeline: 이번 정지 구간에서 이미 publish함 -> 스킵
2026-08-03 21:05:27,280 [INFO] webcam_perception: YOLO 추론 성공: detection 1건
2026-08-03 21:05:27,280 [INFO] webcam_perception.pipeline: ROI 필터링: 전체 1건 -> ROI 내 1건
2026-08-03 21:05:27,280 [INFO] webcam_perception.pipeline: best detection 선택: confidence=0.95
2026-08-03 21:05:27,281 [INFO] webcam_perception.pipeline: 정지 판정: stopped=True
2026-08-03 21:05:27,281 [INFO] webcam_perception.pipeline: 이번 정지 구간에서 이미 publish함 -> 스킵
2026-08-03 21:05:27,379 [INFO] webcam_perception: YOLO 추론 성공: detection 1건
2026-08-03 21:05:27,379 [INFO] webcam_perception.pipeline: ROI 필터링: 전체 1건 -> ROI 내 1건
2026-08-03 21:05:27,379 [INFO] webcam_perception.pipeline: best detection 선택: confidence=0.95
2026-08-03 21:05:27,379 [INFO] webcam_perception.pipeline: 정지 판정: stopped=True
2026-08-03 21:05:27,379 [INFO] webcam_perception.pipeline: 이번 정지 구간에서 이미 publish함 -> 스킵
2026-08-03 21:05:27,476 [INFO] webcam_perception: YOLO 추론 성공: detection 1건
2026-08-03 21:05:27,476 [INFO] webcam_perception.pipeline: ROI 필터링: 전체 1건 -> ROI 내 1건
2026-08-03 21:05:27,476 [INFO] webcam_perception.pipeline: best detection 선택: confidence=0.95
2026-08-03 21:05:27,476 [INFO] webcam_perception.pipeline: 정지 판정: stopped=True
2026-08-03 21:05:27,476 [INFO] webcam_perception.pipeline: 이번 정지 구간에서 이미 publish함 -> 스킵
2026-08-03 21:05:27,578 [INFO] webcam_perception: YOLO 추론 성공: detection 1건
2026-08-03 21:05:27,578 [INFO] webcam_perception.pipeline: ROI 필터링: 전체 1건 -> ROI 내 1건
2026-08-03 21:05:27,578 [INFO] webcam_perception.pipeline: best detection 선택: confidence=0.95
2026-08-03 21:05:27,578 [INFO] webcam_perception.pipeline: 정지 판정: stopped=True
2026-08-03 21:05:27,578 [INFO] webcam_perception.pipeline: 이번 정지 구간에서 이미 publish함 -> 스킵
2026-08-03 21:05:27,677 [INFO] webcam_perception: YOLO 추론 성공: detection 1건
2026-08-03 21:05:27,677 [INFO] webcam_perception.pipeline: ROI 필터링: 전체 1건 -> ROI 내 1건
2026-08-03 21:05:27,677 [INFO] webcam_perception.pipeline: best detection 선택: confidence=0.95
2026-08-03 21:05:27,677 [INFO] webcam_perception.pipeline: 정지 판정: stopped=True
2026-08-03 21:05:27,677 [INFO] webcam_perception.pipeline: 이번 정지 구간에서 이미 publish함 -> 스킵
2026-08-03 21:05:27,777 [INFO] webcam_perception: YOLO 추론 성공: detection 1건
2026-08-03 21:05:27,777 [INFO] webcam_perception.pipeline: ROI 필터링: 전체 1건 -> ROI 내 1건
2026-08-03 21:05:27,777 [INFO] webcam_perception.pipeline: best detection 선택: confidence=0.95
2026-08-03 21:05:27,777 [INFO] webcam_perception.pipeline: 정지 판정: stopped=True
2026-08-03 21:05:27,777 [INFO] webcam_perception.pipeline: 이번 정지 구간에서 이미 publish함 -> 스킵
2026-08-03 21:05:27,877 [INFO] webcam_perception: YOLO 추론 성공: detection 1건
2026-08-03 21:05:27,877 [INFO] webcam_perception.pipeline: ROI 필터링: 전체 1건 -> ROI 내 1건
2026-08-03 21:05:27,877 [INFO] webcam_perception.pipeline: best detection 선택: confidence=0.95
2026-08-03 21:05:27,878 [INFO] webcam_perception.pipeline: 정지 판정: stopped=True
2026-08-03 21:05:27,878 [INFO] webcam_perception.pipeline: 이번 정지 구간에서 이미 publish함 -> 스킵
2026-08-03 21:05:27,977 [INFO] webcam_perception: YOLO 추론 성공: detection 1건
2026-08-03 21:05:27,977 [INFO] webcam_perception.pipeline: ROI 필터링: 전체 1건 -> ROI 내 1건
2026-08-03 21:05:27,977 [INFO] webcam_perception.pipeline: best detection 선택: confidence=0.95
2026-08-03 21:05:27,977 [INFO] webcam_perception.pipeline: 정지 판정: stopped=True
2026-08-03 21:05:27,977 [INFO] webcam_perception.pipeline: 이번 정지 구간에서 이미 publish함 -> 스킵
2026-08-03 21:05:28,079 [INFO] webcam_perception: YOLO 추론 성공: detection 1건
2026-08-03 21:05:28,079 [INFO] webcam_perception.pipeline: ROI 필터링: 전체 1건 -> ROI 내 1건
2026-08-03 21:05:28,079 [INFO] webcam_perception.pipeline: best detection 선택: confidence=0.95
2026-08-03 21:05:28,079 [INFO] webcam_perception.pipeline: 정지 판정: stopped=True
2026-08-03 21:05:28,080 [INFO] webcam_perception.pipeline: 이번 정지 구간에서 이미 publish함 -> 스킵
2026-08-03 21:05:28,177 [INFO] webcam_perception: YOLO 추론 성공: detection 1건
2026-08-03 21:05:28,177 [INFO] webcam_perception.pipeline: ROI 필터링: 전체 1건 -> ROI 내 1건
2026-08-03 21:05:28,177 [INFO] webcam_perception.pipeline: best detection 선택: confidence=0.95
2026-08-03 21:05:28,177 [INFO] webcam_perception.pipeline: 정지 판정: stopped=True
2026-08-03 21:05:28,177 [INFO] webcam_perception.pipeline: 이번 정지 구간에서 이미 publish함 -> 스킵
2026-08-03 21:05:28,277 [INFO] webcam_perception: YOLO 추론 성공: detection 1건
2026-08-03 21:05:28,278 [INFO] webcam_perception.pipeline: ROI 필터링: 전체 1건 -> ROI 내 1건
2026-08-03 21:05:28,278 [INFO] webcam_perception.pipeline: best detection 선택: confidence=0.95
2026-08-03 21:05:28,278 [INFO] webcam_perception.pipeline: 정지 판정: stopped=True
2026-08-03 21:05:28,278 [INFO] webcam_perception.pipeline: 이번 정지 구간에서 이미 publish함 -> 스킵
2026-08-03 21:05:28,376 [INFO] webcam_perception: YOLO 추론 성공: detection 1건
2026-08-03 21:05:28,377 [INFO] webcam_perception.pipeline: ROI 필터링: 전체 1건 -> ROI 내 1건
2026-08-03 21:05:28,384 [INFO] webcam_perception.pipeline: best detection 선택: confidence=0.95
2026-08-03 21:05:28,384 [INFO] webcam_perception.pipeline: 정지 판정: stopped=True
2026-08-03 21:05:28,384 [INFO] webcam_perception.pipeline: 이번 정지 구간에서 이미 publish함 -> 스킵
2026-08-03 21:05:28,477 [INFO] webcam_perception: YOLO 추론 성공: detection 1건
2026-08-03 21:05:28,478 [INFO] webcam_perception.pipeline: ROI 필터링: 전체 1건 -> ROI 내 1건
2026-08-03 21:05:28,478 [INFO] webcam_perception.pipeline: best detection 선택: confidence=0.96
2026-08-03 21:05:28,478 [INFO] webcam_perception.pipeline: 정지 판정: stopped=True
2026-08-03 21:05:28,478 [INFO] webcam_perception.pipeline: 이번 정지 구간에서 이미 publish함 -> 스킵
2026-08-03 21:05:28,576 [INFO] webcam_perception: YOLO 추론 성공: detection 1건
2026-08-03 21:05:28,576 [INFO] webcam_perception.pipeline: ROI 필터링: 전체 1건 -> ROI 내 1건
2026-08-03 21:05:28,576 [INFO] webcam_perception.pipeline: best detection 선택: confidence=0.95
2026-08-03 21:05:28,576 [INFO] webcam_perception.pipeline: 정지 판정: stopped=True
2026-08-03 21:05:28,576 [INFO] webcam_perception.pipeline: 이번 정지 구간에서 이미 publish함 -> 스킵
2026-08-03 21:05:28,679 [INFO] webcam_perception: YOLO 추론 성공: detection 1건
2026-08-03 21:05:28,679 [INFO] webcam_perception.pipeline: ROI 필터링: 전체 1건 -> ROI 내 1건
2026-08-03 21:05:28,679 [INFO] webcam_perception.pipeline: best detection 선택: confidence=0.96
2026-08-03 21:05:28,679 [INFO] webcam_perception.pipeline: 정지 판정: stopped=True
2026-08-03 21:05:28,679 [INFO] webcam_perception.pipeline: 이번 정지 구간에서 이미 publish함 -> 스킵
2026-08-03 21:05:28,778 [INFO] webcam_perception: YOLO 추론 성공: detection 1건
2026-08-03 21:05:28,778 [INFO] webcam_perception.pipeline: ROI 필터링: 전체 1건 -> ROI 내 1건
2026-08-03 21:05:28,778 [INFO] webcam_perception.pipeline: best detection 선택: confidence=0.94
2026-08-03 21:05:28,778 [INFO] webcam_perception.pipeline: 정지 판정: stopped=True
2026-08-03 21:05:28,779 [INFO] webcam_perception.pipeline: 이번 정지 구간에서 이미 publish함 -> 스킵
2026-08-03 21:05:28,880 [INFO] webcam_perception: YOLO 추론 성공: detection 1건
2026-08-03 21:05:28,880 [INFO] webcam_perception.pipeline: ROI 필터링: 전체 1건 -> ROI 내 1건
2026-08-03 21:05:28,880 [INFO] webcam_perception.pipeline: best detection 선택: confidence=0.95
2026-08-03 21:05:28,880 [INFO] webcam_perception.pipeline: 정지 판정: stopped=True
2026-08-03 21:05:28,880 [INFO] webcam_perception.pipeline: 이번 정지 구간에서 이미 publish함 -> 스킵
2026-08-03 21:05:28,976 [INFO] webcam_perception: YOLO 추론 성공: detection 1건
2026-08-03 21:05:28,977 [INFO] webcam_perception.pipeline: ROI 필터링: 전체 1건 -> ROI 내 1건
2026-08-03 21:05:28,977 [INFO] webcam_perception.pipeline: best detection 선택: confidence=0.95
2026-08-03 21:05:28,977 [INFO] webcam_perception.pipeline: 정지 판정: stopped=True
2026-08-03 21:05:28,977 [INFO] webcam_perception.pipeline: 이번 정지 구간에서 이미 publish함 -> 스킵
2026-08-03 21:05:29,077 [INFO] webcam_perception: YOLO 추론 성공: detection 1건
2026-08-03 21:05:29,077 [INFO] webcam_perception.pipeline: ROI 필터링: 전체 1건 -> ROI 내 1건
2026-08-03 21:05:29,077 [INFO] webcam_perception.pipeline: best detection 선택: confidence=0.95
2026-08-03 21:05:29,077 [INFO] webcam_perception.pipeline: 정지 판정: stopped=True
2026-08-03 21:05:29,077 [INFO] webcam_perception.pipeline: 이번 정지 구간에서 이미 publish함 -> 스킵
2026-08-03 21:05:29,178 [INFO] webcam_perception: YOLO 추론 성공: detection 1건
2026-08-03 21:05:29,178 [INFO] webcam_perception.pipeline: ROI 필터링: 전체 1건 -> ROI 내 1건
2026-08-03 21:05:29,178 [INFO] webcam_perception.pipeline: best detection 선택: confidence=0.95
2026-08-03 21:05:29,178 [INFO] webcam_perception.pipeline: 정지 판정: stopped=True
2026-08-03 21:05:29,178 [INFO] webcam_perception.pipeline: 이번 정지 구간에서 이미 publish함 -> 스킵
2026-08-03 21:05:29,277 [INFO] webcam_perception: YOLO 추론 성공: detection 1건
2026-08-03 21:05:29,277 [INFO] webcam_perception.pipeline: ROI 필터링: 전체 1건 -> ROI 내 1건
2026-08-03 21:05:29,277 [INFO] webcam_perception.pipeline: best detection 선택: confidence=0.95
2026-08-03 21:05:29,277 [INFO] webcam_perception.pipeline: 정지 판정: stopped=True
2026-08-03 21:05:29,278 [INFO] webcam_perception.pipeline: 이번 정지 구간에서 이미 publish함 -> 스킵
2026-08-03 21:05:29,378 [INFO] webcam_perception: YOLO 추론 성공: detection 1건
2026-08-03 21:05:29,378 [INFO] webcam_perception.pipeline: ROI 필터링: 전체 1건 -> ROI 내 1건
2026-08-03 21:05:29,378 [INFO] webcam_perception.pipeline: best detection 선택: confidence=0.95
2026-08-03 21:05:29,379 [INFO] webcam_perception.pipeline: 정지 판정: stopped=True
2026-08-03 21:05:29,379 [INFO] webcam_perception.pipeline: 이번 정지 구간에서 이미 publish함 -> 스킵
2026-08-03 21:05:29,477 [INFO] webcam_perception: YOLO 추론 성공: detection 1건
2026-08-03 21:05:29,477 [INFO] webcam_perception.pipeline: ROI 필터링: 전체 1건 -> ROI 내 1건
2026-08-03 21:05:29,477 [INFO] webcam_perception.pipeline: best detection 선택: confidence=0.96
2026-08-03 21:05:29,477 [INFO] webcam_perception.pipeline: 정지 판정: stopped=True
2026-08-03 21:05:29,477 [INFO] webcam_perception.pipeline: 이번 정지 구간에서 이미 publish함 -> 스킵
2026-08-03 21:05:29,577 [INFO] webcam_perception: YOLO 추론 성공: detection 1건
2026-08-03 21:05:29,578 [INFO] webcam_perception.pipeline: ROI 필터링: 전체 1건 -> ROI 내 1건
2026-08-03 21:05:29,578 [INFO] webcam_perception.pipeline: best detection 선택: confidence=0.95
2026-08-03 21:05:29,578 [INFO] webcam_perception.pipeline: 정지 판정: stopped=True
2026-08-03 21:05:29,578 [INFO] webcam_perception.pipeline: 이번 정지 구간에서 이미 publish함 -> 스킵
2026-08-03 21:05:29,679 [INFO] webcam_perception: YOLO 추론 성공: detection 1건
2026-08-03 21:05:29,680 [INFO] webcam_perception.pipeline: ROI 필터링: 전체 1건 -> ROI 내 1건
2026-08-03 21:05:29,680 [INFO] webcam_perception.pipeline: best detection 선택: confidence=0.96
2026-08-03 21:05:29,680 [INFO] webcam_perception.pipeline: 정지 판정: stopped=True
2026-08-03 21:05:29,680 [INFO] webcam_perception.pipeline: 이번 정지 구간에서 이미 publish함 -> 스킵
2026-08-03 21:05:29,778 [INFO] webcam_perception: YOLO 추론 성공: detection 1건
2026-08-03 21:05:29,778 [INFO] webcam_perception.pipeline: ROI 필터링: 전체 1건 -> ROI 내 1건
2026-08-03 21:05:29,778 [INFO] webcam_perception.pipeline: best detection 선택: confidence=0.95
2026-08-03 21:05:29,778 [INFO] webcam_perception.pipeline: 정지 판정: stopped=True
2026-08-03 21:05:29,778 [INFO] webcam_perception.pipeline: 이번 정지 구간에서 이미 publish함 -> 스킵
2026-08-03 21:05:29,880 [INFO] webcam_perception: YOLO 추론 성공: detection 1건
2026-08-03 21:05:29,880 [INFO] webcam_perception.pipeline: ROI 필터링: 전체 1건 -> ROI 내 1건
2026-08-03 21:05:29,880 [INFO] webcam_perception.pipeline: best detection 선택: confidence=0.94
2026-08-03 21:05:29,880 [INFO] webcam_perception.pipeline: 정지 판정: stopped=True
2026-08-03 21:05:29,880 [INFO] webcam_perception.pipeline: 이번 정지 구간에서 이미 publish함 -> 스킵
2026-08-03 21:05:29,977 [INFO] webcam_perception: YOLO 추론 성공: detection 1건
2026-08-03 21:05:29,977 [INFO] webcam_perception.pipeline: ROI 필터링: 전체 1건 -> ROI 내 1건
2026-08-03 21:05:29,977 [INFO] webcam_perception.pipeline: best detection 선택: confidence=0.96
2026-08-03 21:05:29,977 [INFO] webcam_perception.pipeline: 정지 판정: stopped=True
2026-08-03 21:05:29,977 [INFO] webcam_perception.pipeline: 이번 정지 구간에서 이미 publish함 -> 스킵
2026-08-03 21:05:30,077 [INFO] webcam_perception: YOLO 추론 성공: detection 1건
2026-08-03 21:05:30,077 [INFO] webcam_perception.pipeline: ROI 필터링: 전체 1건 -> ROI 내 1건
2026-08-03 21:05:30,077 [INFO] webcam_perception.pipeline: best detection 선택: confidence=0.95
2026-08-03 21:05:30,077 [INFO] webcam_perception.pipeline: 정지 판정: stopped=True
2026-08-03 21:05:30,077 [INFO] webcam_perception.pipeline: 이번 정지 구간에서 이미 publish함 -> 스킵
2026-08-03 21:05:30,177 [INFO] webcam_perception: YOLO 추론 성공: detection 2건
2026-08-03 21:05:30,177 [INFO] webcam_perception.pipeline: ROI 필터링: 전체 2건 -> ROI 내 1건
2026-08-03 21:05:30,177 [INFO] webcam_perception.pipeline: best detection 선택: confidence=0.95
2026-08-03 21:05:30,177 [INFO] webcam_perception.pipeline: 정지 판정: stopped=True
2026-08-03 21:05:30,177 [INFO] webcam_perception.pipeline: 이번 정지 구간에서 이미 publish함 -> 스킵
2026-08-03 21:05:30,277 [INFO] webcam_perception: YOLO 추론 성공: detection 1건
2026-08-03 21:05:30,277 [INFO] webcam_perception.pipeline: ROI 필터링: 전체 1건 -> ROI 내 1건
2026-08-03 21:05:30,277 [INFO] webcam_perception.pipeline: best detection 선택: confidence=0.95
2026-08-03 21:05:30,277 [INFO] webcam_perception.pipeline: 정지 판정: stopped=True
2026-08-03 21:05:30,277 [INFO] webcam_perception.pipeline: 이번 정지 구간에서 이미 publish함 -> 스킵
2026-08-03 21:05:30,377 [INFO] webcam_perception: YOLO 추론 성공: detection 1건
2026-08-03 21:05:30,377 [INFO] webcam_perception.pipeline: ROI 필터링: 전체 1건 -> ROI 내 1건
2026-08-03 21:05:30,377 [INFO] webcam_perception.pipeline: best detection 선택: confidence=0.95
2026-08-03 21:05:30,377 [INFO] webcam_perception.pipeline: 정지 판정: stopped=True
2026-08-03 21:05:30,377 [INFO] webcam_perception.pipeline: 이번 정지 구간에서 이미 publish함 -> 스킵
2026-08-03 21:05:30,478 [INFO] webcam_perception: YOLO 추론 성공: detection 1건
2026-08-03 21:05:30,478 [INFO] webcam_perception.pipeline: ROI 필터링: 전체 1건 -> ROI 내 1건
2026-08-03 21:05:30,479 [INFO] webcam_perception.pipeline: best detection 선택: confidence=0.95
2026-08-03 21:05:30,479 [INFO] webcam_perception.pipeline: 정지 판정: stopped=True
2026-08-03 21:05:30,479 [INFO] webcam_perception.pipeline: 이번 정지 구간에서 이미 publish함 -> 스킵
2026-08-03 21:05:30,578 [INFO] webcam_perception: YOLO 추론 성공: detection 1건
2026-08-03 21:05:30,578 [INFO] webcam_perception.pipeline: ROI 필터링: 전체 1건 -> ROI 내 1건
2026-08-03 21:05:30,578 [INFO] webcam_perception.pipeline: best detection 선택: confidence=0.95
2026-08-03 21:05:30,578 [INFO] webcam_perception.pipeline: 정지 판정: stopped=True
2026-08-03 21:05:30,579 [INFO] webcam_perception.pipeline: 이번 정지 구간에서 이미 publish함 -> 스킵
2026-08-03 21:05:30,679 [INFO] webcam_perception: YOLO 추론 성공: detection 1건
2026-08-03 21:05:30,679 [INFO] webcam_perception.pipeline: ROI 필터링: 전체 1건 -> ROI 내 1건
2026-08-03 21:05:30,679 [INFO] webcam_perception.pipeline: best detection 선택: confidence=0.95
2026-08-03 21:05:30,679 [INFO] webcam_perception.pipeline: 정지 판정: stopped=True
2026-08-03 21:05:30,679 [INFO] webcam_perception.pipeline: 이번 정지 구간에서 이미 publish함 -> 스킵
2026-08-03 21:05:30,776 [INFO] webcam_perception: YOLO 추론 성공: detection 1건
2026-08-03 21:05:30,776 [INFO] webcam_perception.pipeline: ROI 필터링: 전체 1건 -> ROI 내 1건
2026-08-03 21:05:30,776 [INFO] webcam_perception.pipeline: best detection 선택: confidence=0.95
2026-08-03 21:05:30,776 [INFO] webcam_perception.pipeline: 정지 판정: stopped=True
2026-08-03 21:05:30,776 [INFO] webcam_perception.pipeline: 이번 정지 구간에서 이미 publish함 -> 스킵
2026-08-03 21:05:30,877 [INFO] webcam_perception: YOLO 추론 성공: detection 1건
2026-08-03 21:05:30,877 [INFO] webcam_perception.pipeline: ROI 필터링: 전체 1건 -> ROI 내 1건
2026-08-03 21:05:30,877 [INFO] webcam_perception.pipeline: best detection 선택: confidence=0.95
2026-08-03 21:05:30,877 [INFO] webcam_perception.pipeline: 정지 판정: stopped=True
2026-08-03 21:05:30,877 [INFO] webcam_perception.pipeline: 이번 정지 구간에서 이미 publish함 -> 스킵
2026-08-03 21:05:30,976 [INFO] webcam_perception: YOLO 추론 성공: detection 1건
2026-08-03 21:05:30,977 [INFO] webcam_perception.pipeline: ROI 필터링: 전체 1건 -> ROI 내 1건
2026-08-03 21:05:30,977 [INFO] webcam_perception.pipeline: best detection 선택: confidence=0.95
2026-08-03 21:05:30,977 [INFO] webcam_perception.pipeline: 정지 판정: stopped=True
2026-08-03 21:05:30,977 [INFO] webcam_perception.pipeline: 이번 정지 구간에서 이미 publish함 -> 스킵
2026-08-03 21:05:31,077 [INFO] webcam_perception: YOLO 추론 성공: detection 1건
2026-08-03 21:05:31,077 [INFO] webcam_perception.pipeline: ROI 필터링: 전체 1건 -> ROI 내 1건
2026-08-03 21:05:31,077 [INFO] webcam_perception.pipeline: best detection 선택: confidence=0.94
2026-08-03 21:05:31,077 [INFO] webcam_perception.pipeline: 정지 판정: stopped=True
2026-08-03 21:05:31,078 [INFO] webcam_perception.pipeline: 이번 정지 구간에서 이미 publish함 -> 스킵
2026-08-03 21:05:31,177 [INFO] webcam_perception: YOLO 추론 성공: detection 1건
2026-08-03 21:05:31,177 [INFO] webcam_perception.pipeline: ROI 필터링: 전체 1건 -> ROI 내 1건
2026-08-03 21:05:31,177 [INFO] webcam_perception.pipeline: best detection 선택: confidence=0.95
2026-08-03 21:05:31,177 [INFO] webcam_perception.pipeline: 정지 판정: stopped=True
2026-08-03 21:05:31,177 [INFO] webcam_perception.pipeline: 이번 정지 구간에서 이미 publish함 -> 스킵
2026-08-03 21:05:31,278 [INFO] webcam_perception: YOLO 추론 성공: detection 1건
2026-08-03 21:05:31,278 [INFO] webcam_perception.pipeline: ROI 필터링: 전체 1건 -> ROI 내 1건
2026-08-03 21:05:31,278 [INFO] webcam_perception.pipeline: best detection 선택: confidence=0.95
2026-08-03 21:05:31,279 [INFO] webcam_perception.pipeline: 정지 판정: stopped=True
2026-08-03 21:05:31,279 [INFO] webcam_perception.pipeline: 이번 정지 구간에서 이미 publish함 -> 스킵
2026-08-03 21:05:31,378 [INFO] webcam_perception: YOLO 추론 성공: detection 1건
2026-08-03 21:05:31,378 [INFO] webcam_perception.pipeline: ROI 필터링: 전체 1건 -> ROI 내 1건
2026-08-03 21:05:31,378 [INFO] webcam_perception.pipeline: best detection 선택: confidence=0.95
2026-08-03 21:05:31,378 [INFO] webcam_perception.pipeline: 정지 판정: stopped=True
2026-08-03 21:05:31,378 [INFO] webcam_perception.pipeline: 이번 정지 구간에서 이미 publish함 -> 스킵
2026-08-03 21:05:31,476 [INFO] webcam_perception: YOLO 추론 성공: detection 1건
2026-08-03 21:05:31,476 [INFO] webcam_perception.pipeline: ROI 필터링: 전체 1건 -> ROI 내 1건
2026-08-03 21:05:31,476 [INFO] webcam_perception.pipeline: best detection 선택: confidence=0.95
2026-08-03 21:05:31,476 [INFO] webcam_perception.pipeline: 정지 판정: stopped=True
2026-08-03 21:05:31,476 [INFO] webcam_perception.pipeline: 이번 정지 구간에서 이미 publish함 -> 스킵
2026-08-03 21:05:31,577 [INFO] webcam_perception: YOLO 추론 성공: detection 1건
2026-08-03 21:05:31,577 [INFO] webcam_perception.pipeline: ROI 필터링: 전체 1건 -> ROI 내 1건
2026-08-03 21:05:31,577 [INFO] webcam_perception.pipeline: best detection 선택: confidence=0.95
2026-08-03 21:05:31,577 [INFO] webcam_perception.pipeline: 정지 판정: stopped=True
2026-08-03 21:05:31,577 [INFO] webcam_perception.pipeline: 이번 정지 구간에서 이미 publish함 -> 스킵
2026-08-03 21:05:31,678 [INFO] webcam_perception: YOLO 추론 성공: detection 1건
2026-08-03 21:05:31,678 [INFO] webcam_perception.pipeline: ROI 필터링: 전체 1건 -> ROI 내 1건
2026-08-03 21:05:31,678 [INFO] webcam_perception.pipeline: best detection 선택: confidence=0.94
2026-08-03 21:05:31,678 [INFO] webcam_perception.pipeline: 정지 판정: stopped=True
2026-08-03 21:05:31,678 [INFO] webcam_perception.pipeline: 이번 정지 구간에서 이미 publish함 -> 스킵
2026-08-03 21:05:31,776 [INFO] webcam_perception: YOLO 추론 성공: detection 1건
2026-08-03 21:05:31,777 [INFO] webcam_perception.pipeline: ROI 필터링: 전체 1건 -> ROI 내 1건
2026-08-03 21:05:31,777 [INFO] webcam_perception.pipeline: best detection 선택: confidence=0.95
2026-08-03 21:05:31,777 [INFO] webcam_perception.pipeline: 정지 판정: stopped=True
2026-08-03 21:05:31,777 [INFO] webcam_perception.pipeline: 이번 정지 구간에서 이미 publish함 -> 스킵
2026-08-03 21:05:31,876 [INFO] webcam_perception: YOLO 추론 성공: detection 1건
2026-08-03 21:05:31,877 [INFO] webcam_perception.pipeline: ROI 필터링: 전체 1건 -> ROI 내 1건
2026-08-03 21:05:31,877 [INFO] webcam_perception.pipeline: best detection 선택: confidence=0.95
2026-08-03 21:05:31,877 [INFO] webcam_perception.pipeline: 정지 판정: stopped=True
2026-08-03 21:05:31,877 [INFO] webcam_perception.pipeline: 이번 정지 구간에서 이미 publish함 -> 스킵
2026-08-03 21:05:31,978 [INFO] webcam_perception: YOLO 추론 성공: detection 1건
2026-08-03 21:05:31,978 [INFO] webcam_perception.pipeline: ROI 필터링: 전체 1건 -> ROI 내 1건
2026-08-03 21:05:31,979 [INFO] webcam_perception.pipeline: best detection 선택: confidence=0.95
2026-08-03 21:05:31,979 [INFO] webcam_perception.pipeline: 정지 판정: stopped=True
2026-08-03 21:05:31,979 [INFO] webcam_perception.pipeline: 이번 정지 구간에서 이미 publish함 -> 스킵
2026-08-03 21:05:32,078 [INFO] webcam_perception: YOLO 추론 성공: detection 1건
2026-08-03 21:05:32,078 [INFO] webcam_perception.pipeline: ROI 필터링: 전체 1건 -> ROI 내 1건
2026-08-03 21:05:32,078 [INFO] webcam_perception.pipeline: best detection 선택: confidence=0.95
2026-08-03 21:05:32,078 [INFO] webcam_perception.pipeline: 정지 판정: stopped=True
2026-08-03 21:05:32,078 [INFO] webcam_perception.pipeline: 이번 정지 구간에서 이미 publish함 -> 스킵
2026-08-03 21:05:32,177 [INFO] webcam_perception: YOLO 추론 성공: detection 1건
2026-08-03 21:05:32,177 [INFO] webcam_perception.pipeline: ROI 필터링: 전체 1건 -> ROI 내 1건
2026-08-03 21:05:32,177 [INFO] webcam_perception.pipeline: best detection 선택: confidence=0.95
2026-08-03 21:05:32,177 [INFO] webcam_perception.pipeline: 정지 판정: stopped=True
2026-08-03 21:05:32,177 [INFO] webcam_perception.pipeline: 이번 정지 구간에서 이미 publish함 -> 스킵
2026-08-03 21:05:32,276 [INFO] webcam_perception: YOLO 추론 성공: detection 1건
2026-08-03 21:05:32,277 [INFO] webcam_perception.pipeline: ROI 필터링: 전체 1건 -> ROI 내 1건
2026-08-03 21:05:32,277 [INFO] webcam_perception.pipeline: best detection 선택: confidence=0.94
2026-08-03 21:05:32,277 [INFO] webcam_perception.pipeline: 정지 판정: stopped=True
2026-08-03 21:05:32,277 [INFO] webcam_perception.pipeline: 이번 정지 구간에서 이미 publish함 -> 스킵
2026-08-03 21:05:32,378 [INFO] webcam_perception: YOLO 추론 성공: detection 1건
2026-08-03 21:05:32,378 [INFO] webcam_perception.pipeline: ROI 필터링: 전체 1건 -> ROI 내 1건
2026-08-03 21:05:32,378 [INFO] webcam_perception.pipeline: best detection 선택: confidence=0.95
2026-08-03 21:05:32,378 [INFO] webcam_perception.pipeline: 정지 판정: stopped=True
2026-08-03 21:05:32,378 [INFO] webcam_perception.pipeline: 이번 정지 구간에서 이미 publish함 -> 스킵
2026-08-03 21:05:32,477 [INFO] webcam_perception: YOLO 추론 성공: detection 1건
2026-08-03 21:05:32,477 [INFO] webcam_perception.pipeline: ROI 필터링: 전체 1건 -> ROI 내 1건
2026-08-03 21:05:32,477 [INFO] webcam_perception.pipeline: best detection 선택: confidence=0.95
2026-08-03 21:05:32,477 [INFO] webcam_perception.pipeline: 정지 판정: stopped=True
2026-08-03 21:05:32,477 [INFO] webcam_perception.pipeline: 이번 정지 구간에서 이미 publish함 -> 스킵
2026-08-03 21:05:32,577 [INFO] webcam_perception: YOLO 추론 성공: detection 1건
2026-08-03 21:05:32,577 [INFO] webcam_perception.pipeline: ROI 필터링: 전체 1건 -> ROI 내 1건
2026-08-03 21:05:32,577 [INFO] webcam_perception.pipeline: best detection 선택: confidence=0.95
2026-08-03 21:05:32,578 [INFO] webcam_perception.pipeline: 정지 판정: stopped=True
2026-08-03 21:05:32,578 [INFO] webcam_perception.pipeline: 이번 정지 구간에서 이미 publish함 -> 스킵
2026-08-03 21:05:32,676 [INFO] webcam_perception: YOLO 추론 성공: detection 1건
2026-08-03 21:05:32,677 [INFO] webcam_perception.pipeline: ROI 필터링: 전체 1건 -> ROI 내 1건
2026-08-03 21:05:32,677 [INFO] webcam_perception.pipeline: best detection 선택: confidence=0.95
2026-08-03 21:05:32,677 [INFO] webcam_perception.pipeline: 정지 판정: stopped=True
2026-08-03 21:05:32,677 [INFO] webcam_perception.pipeline: 이번 정지 구간에서 이미 publish함 -> 스킵
2026-08-03 21:05:32,776 [INFO] webcam_perception: YOLO 추론 성공: detection 1건
2026-08-03 21:05:32,776 [INFO] webcam_perception.pipeline: ROI 필터링: 전체 1건 -> ROI 내 1건
2026-08-03 21:05:32,776 [INFO] webcam_perception.pipeline: best detection 선택: confidence=0.95
2026-08-03 21:05:32,776 [INFO] webcam_perception.pipeline: 정지 판정: stopped=True
2026-08-03 21:05:32,777 [INFO] webcam_perception.pipeline: 이번 정지 구간에서 이미 publish함 -> 스킵
2026-08-03 21:05:32,878 [INFO] webcam_perception: YOLO 추론 성공: detection 1건
2026-08-03 21:05:32,878 [INFO] webcam_perception.pipeline: ROI 필터링: 전체 1건 -> ROI 내 1건
2026-08-03 21:05:32,878 [INFO] webcam_perception.pipeline: best detection 선택: confidence=0.95
2026-08-03 21:05:32,878 [INFO] webcam_perception.pipeline: 정지 판정: stopped=True
2026-08-03 21:05:32,878 [INFO] webcam_perception.pipeline: 이번 정지 구간에서 이미 publish함 -> 스킵
2026-08-03 21:05:32,976 [INFO] webcam_perception: YOLO 추론 성공: detection 1건
2026-08-03 21:05:32,977 [INFO] webcam_perception.pipeline: ROI 필터링: 전체 1건 -> ROI 내 1건
2026-08-03 21:05:32,977 [INFO] webcam_perception.pipeline: best detection 선택: confidence=0.95
2026-08-03 21:05:32,977 [INFO] webcam_perception.pipeline: 정지 판정: stopped=True
2026-08-03 21:05:32,977 [INFO] webcam_perception.pipeline: 이번 정지 구간에서 이미 publish함 -> 스킵
2026-08-03 21:05:33,078 [INFO] webcam_perception: YOLO 추론 성공: detection 1건
2026-08-03 21:05:33,078 [INFO] webcam_perception.pipeline: ROI 필터링: 전체 1건 -> ROI 내 1건
2026-08-03 21:05:33,078 [INFO] webcam_perception.pipeline: best detection 선택: confidence=0.95
2026-08-03 21:05:33,078 [INFO] webcam_perception.pipeline: 정지 판정: stopped=True
2026-08-03 21:05:33,078 [INFO] webcam_perception.pipeline: 이번 정지 구간에서 이미 publish함 -> 스킵
2026-08-03 21:05:33,178 [INFO] webcam_perception: YOLO 추론 성공: detection 1건
2026-08-03 21:05:33,178 [INFO] webcam_perception.pipeline: ROI 필터링: 전체 1건 -> ROI 내 1건
2026-08-03 21:05:33,178 [INFO] webcam_perception.pipeline: best detection 선택: confidence=0.94
2026-08-03 21:05:33,178 [INFO] webcam_perception.pipeline: 정지 판정: stopped=True
2026-08-03 21:05:33,178 [INFO] webcam_perception.pipeline: 이번 정지 구간에서 이미 publish함 -> 스킵
2026-08-03 21:05:33,276 [INFO] webcam_perception: YOLO 추론 성공: detection 1건
2026-08-03 21:05:33,276 [INFO] webcam_perception.pipeline: ROI 필터링: 전체 1건 -> ROI 내 1건
2026-08-03 21:05:33,276 [INFO] webcam_perception.pipeline: best detection 선택: confidence=0.94
2026-08-03 21:05:33,276 [INFO] webcam_perception.pipeline: 정지 판정: stopped=True
2026-08-03 21:05:33,277 [INFO] webcam_perception.pipeline: 이번 정지 구간에서 이미 publish함 -> 스킵
2026-08-03 21:05:33,377 [INFO] webcam_perception: YOLO 추론 성공: detection 1건
2026-08-03 21:05:33,377 [INFO] webcam_perception.pipeline: ROI 필터링: 전체 1건 -> ROI 내 1건
2026-08-03 21:05:33,377 [INFO] webcam_perception.pipeline: best detection 선택: confidence=0.95
2026-08-03 21:05:33,377 [INFO] webcam_perception.pipeline: 정지 판정: stopped=True
2026-08-03 21:05:33,377 [INFO] webcam_perception.pipeline: 이번 정지 구간에서 이미 publish함 -> 스킵
2026-08-03 21:05:33,478 [INFO] webcam_perception: YOLO 추론 성공: detection 1건
2026-08-03 21:05:33,479 [INFO] webcam_perception.pipeline: ROI 필터링: 전체 1건 -> ROI 내 1건
2026-08-03 21:05:33,479 [INFO] webcam_perception.pipeline: best detection 선택: confidence=0.95
2026-08-03 21:05:33,479 [INFO] webcam_perception.pipeline: 정지 판정: stopped=True
2026-08-03 21:05:33,479 [INFO] webcam_perception.pipeline: 이번 정지 구간에서 이미 publish함 -> 스킵
2026-08-03 21:05:33,577 [INFO] webcam_perception: YOLO 추론 성공: detection 1건
2026-08-03 21:05:33,577 [INFO] webcam_perception.pipeline: ROI 필터링: 전체 1건 -> ROI 내 1건
2026-08-03 21:05:33,577 [INFO] webcam_perception.pipeline: best detection 선택: confidence=0.95
2026-08-03 21:05:33,578 [INFO] webcam_perception.pipeline: 정지 판정: stopped=True
2026-08-03 21:05:33,578 [INFO] webcam_perception.pipeline: 이번 정지 구간에서 이미 publish함 -> 스킵
2026-08-03 21:05:33,677 [INFO] webcam_perception: YOLO 추론 성공: detection 1건
2026-08-03 21:05:33,677 [INFO] webcam_perception.pipeline: ROI 필터링: 전체 1건 -> ROI 내 1건
2026-08-03 21:05:33,677 [INFO] webcam_perception.pipeline: best detection 선택: confidence=0.94
2026-08-03 21:05:33,678 [INFO] webcam_perception.pipeline: 정지 판정: stopped=True
2026-08-03 21:05:33,678 [INFO] webcam_perception.pipeline: 이번 정지 구간에서 이미 publish함 -> 스킵
2026-08-03 21:05:33,778 [INFO] webcam_perception: YOLO 추론 성공: detection 1건
2026-08-03 21:05:33,778 [INFO] webcam_perception.pipeline: ROI 필터링: 전체 1건 -> ROI 내 1건
2026-08-03 21:05:33,778 [INFO] webcam_perception.pipeline: best detection 선택: confidence=0.94
2026-08-03 21:05:33,778 [INFO] webcam_perception.pipeline: 정지 판정: stopped=True
2026-08-03 21:05:33,778 [INFO] webcam_perception.pipeline: 이번 정지 구간에서 이미 publish함 -> 스킵
2026-08-03 21:05:33,878 [INFO] webcam_perception: YOLO 추론 성공: detection 1건
2026-08-03 21:05:33,878 [INFO] webcam_perception.pipeline: ROI 필터링: 전체 1건 -> ROI 내 1건
2026-08-03 21:05:33,878 [INFO] webcam_perception.pipeline: best detection 선택: confidence=0.95
2026-08-03 21:05:33,878 [INFO] webcam_perception.pipeline: 정지 판정: stopped=True
2026-08-03 21:05:33,878 [INFO] webcam_perception.pipeline: 이번 정지 구간에서 이미 publish함 -> 스킵
2026-08-03 21:05:33,976 [INFO] webcam_perception: YOLO 추론 성공: detection 1건
2026-08-03 21:05:33,977 [INFO] webcam_perception.pipeline: ROI 필터링: 전체 1건 -> ROI 내 1건
2026-08-03 21:05:33,977 [INFO] webcam_perception.pipeline: best detection 선택: confidence=0.95
2026-08-03 21:05:33,977 [INFO] webcam_perception.pipeline: 정지 판정: stopped=True
2026-08-03 21:05:33,977 [INFO] webcam_perception.pipeline: 이번 정지 구간에서 이미 publish함 -> 스킵
2026-08-03 21:05:34,076 [INFO] webcam_perception: YOLO 추론 성공: detection 1건
2026-08-03 21:05:34,077 [INFO] webcam_perception.pipeline: ROI 필터링: 전체 1건 -> ROI 내 1건
2026-08-03 21:05:34,077 [INFO] webcam_perception.pipeline: best detection 선택: confidence=0.95
2026-08-03 21:05:34,077 [INFO] webcam_perception.pipeline: 정지 판정: stopped=True
2026-08-03 21:05:34,077 [INFO] webcam_perception.pipeline: 이번 정지 구간에서 이미 publish함 -> 스킵
2026-08-03 21:05:34,176 [INFO] webcam_perception: YOLO 추론 성공: detection 1건
2026-08-03 21:05:34,177 [INFO] webcam_perception.pipeline: ROI 필터링: 전체 1건 -> ROI 내 1건
2026-08-03 21:05:34,177 [INFO] webcam_perception.pipeline: best detection 선택: confidence=0.95
2026-08-03 21:05:34,177 [INFO] webcam_perception.pipeline: 정지 판정: stopped=True
2026-08-03 21:05:34,177 [INFO] webcam_perception.pipeline: 이번 정지 구간에서 이미 publish함 -> 스킵
2026-08-03 21:05:34,277 [INFO] webcam_perception: YOLO 추론 성공: detection 1건
2026-08-03 21:05:34,277 [INFO] webcam_perception.pipeline: ROI 필터링: 전체 1건 -> ROI 내 1건
2026-08-03 21:05:34,277 [INFO] webcam_perception.pipeline: best detection 선택: confidence=0.95
2026-08-03 21:05:34,277 [INFO] webcam_perception.pipeline: 정지 판정: stopped=True
2026-08-03 21:05:34,277 [INFO] webcam_perception.pipeline: 이번 정지 구간에서 이미 publish함 -> 스킵
2026-08-03 21:05:34,377 [INFO] webcam_perception: YOLO 추론 성공: detection 1건
2026-08-03 21:05:34,377 [INFO] webcam_perception.pipeline: ROI 필터링: 전체 1건 -> ROI 내 1건
2026-08-03 21:05:34,377 [INFO] webcam_perception.pipeline: best detection 선택: confidence=0.95
2026-08-03 21:05:34,377 [INFO] webcam_perception.pipeline: 정지 판정: stopped=True
2026-08-03 21:05:34,377 [INFO] webcam_perception.pipeline: 이번 정지 구간에서 이미 publish함 -> 스킵
2026-08-03 21:05:34,478 [INFO] webcam_perception: YOLO 추론 성공: detection 1건
2026-08-03 21:05:34,478 [INFO] webcam_perception.pipeline: ROI 필터링: 전체 1건 -> ROI 내 1건
2026-08-03 21:05:34,479 [INFO] webcam_perception.pipeline: best detection 선택: confidence=0.96
2026-08-03 21:05:34,479 [INFO] webcam_perception.pipeline: 정지 판정: stopped=True
2026-08-03 21:05:34,479 [INFO] webcam_perception.pipeline: 이번 정지 구간에서 이미 publish함 -> 스킵
2026-08-03 21:05:34,577 [INFO] webcam_perception: YOLO 추론 성공: detection 1건
2026-08-03 21:05:34,578 [INFO] webcam_perception.pipeline: ROI 필터링: 전체 1건 -> ROI 내 1건
2026-08-03 21:05:34,578 [INFO] webcam_perception.pipeline: best detection 선택: confidence=0.95
2026-08-03 21:05:34,578 [INFO] webcam_perception.pipeline: 정지 판정: stopped=True
2026-08-03 21:05:34,578 [INFO] webcam_perception.pipeline: 이번 정지 구간에서 이미 publish함 -> 스킵
2026-08-03 21:05:34,677 [INFO] webcam_perception: YOLO 추론 성공: detection 1건
2026-08-03 21:05:34,677 [INFO] webcam_perception.pipeline: ROI 필터링: 전체 1건 -> ROI 내 1건
2026-08-03 21:05:34,677 [INFO] webcam_perception.pipeline: best detection 선택: confidence=0.95
2026-08-03 21:05:34,677 [INFO] webcam_perception.pipeline: 정지 판정: stopped=True
2026-08-03 21:05:34,677 [INFO] webcam_perception.pipeline: 이번 정지 구간에서 이미 publish함 -> 스킵
2026-08-03 21:05:34,777 [INFO] webcam_perception: YOLO 추론 성공: detection 1건
2026-08-03 21:05:34,777 [INFO] webcam_perception.pipeline: ROI 필터링: 전체 1건 -> ROI 내 1건
2026-08-03 21:05:34,777 [INFO] webcam_perception.pipeline: best detection 선택: confidence=0.95
2026-08-03 21:05:34,777 [INFO] webcam_perception.pipeline: 정지 판정: stopped=True
2026-08-03 21:05:34,777 [INFO] webcam_perception.pipeline: 이번 정지 구간에서 이미 publish함 -> 스킵
2026-08-03 21:05:34,877 [INFO] webcam_perception: YOLO 추론 성공: detection 1건
2026-08-03 21:05:34,877 [INFO] webcam_perception.pipeline: ROI 필터링: 전체 1건 -> ROI 내 1건
2026-08-03 21:05:34,877 [INFO] webcam_perception.pipeline: best detection 선택: confidence=0.96
2026-08-03 21:05:34,877 [INFO] webcam_perception.pipeline: 정지 판정: stopped=True
2026-08-03 21:05:34,877 [INFO] webcam_perception.pipeline: 이번 정지 구간에서 이미 publish함 -> 스킵
2026-08-03 21:05:34,977 [INFO] webcam_perception: YOLO 추론 성공: detection 1건
2026-08-03 21:05:34,977 [INFO] webcam_perception.pipeline: ROI 필터링: 전체 1건 -> ROI 내 1건
2026-08-03 21:05:34,977 [INFO] webcam_perception.pipeline: best detection 선택: confidence=0.95
2026-08-03 21:05:34,977 [INFO] webcam_perception.pipeline: 정지 판정: stopped=True
2026-08-03 21:05:34,977 [INFO] webcam_perception.pipeline: 이번 정지 구간에서 이미 publish함 -> 스킵
2026-08-03 21:05:35,078 [INFO] webcam_perception: YOLO 추론 성공: detection 1건
2026-08-03 21:05:35,078 [INFO] webcam_perception.pipeline: ROI 필터링: 전체 1건 -> ROI 내 1건
2026-08-03 21:05:35,078 [INFO] webcam_perception.pipeline: best detection 선택: confidence=0.95
2026-08-03 21:05:35,078 [INFO] webcam_perception.pipeline: 정지 판정: stopped=True
2026-08-03 21:05:35,078 [INFO] webcam_perception.pipeline: 이번 정지 구간에서 이미 publish함 -> 스킵
2026-08-03 21:05:35,176 [INFO] webcam_perception: YOLO 추론 성공: detection 1건
2026-08-03 21:05:35,177 [INFO] webcam_perception.pipeline: ROI 필터링: 전체 1건 -> ROI 내 1건
2026-08-03 21:05:35,177 [INFO] webcam_perception.pipeline: best detection 선택: confidence=0.95
2026-08-03 21:05:35,177 [INFO] webcam_perception.pipeline: 정지 판정: stopped=True
2026-08-03 21:05:35,177 [INFO] webcam_perception.pipeline: 이번 정지 구간에서 이미 publish함 -> 스킵
2026-08-03 21:05:35,277 [INFO] webcam_perception: YOLO 추론 성공: detection 1건
2026-08-03 21:05:35,277 [INFO] webcam_perception.pipeline: ROI 필터링: 전체 1건 -> ROI 내 1건
2026-08-03 21:05:35,277 [INFO] webcam_perception.pipeline: best detection 선택: confidence=0.95
2026-08-03 21:05:35,277 [INFO] webcam_perception.pipeline: 정지 판정: stopped=True
2026-08-03 21:05:35,277 [INFO] webcam_perception.pipeline: 이번 정지 구간에서 이미 publish함 -> 스킵
2026-08-03 21:05:35,379 [INFO] webcam_perception: YOLO 추론 성공: detection 1건
2026-08-03 21:05:35,379 [INFO] webcam_perception.pipeline: ROI 필터링: 전체 1건 -> ROI 내 1건
2026-08-03 21:05:35,379 [INFO] webcam_perception.pipeline: best detection 선택: confidence=0.95
2026-08-03 21:05:35,379 [INFO] webcam_perception.pipeline: 정지 판정: stopped=True
2026-08-03 21:05:35,379 [INFO] webcam_perception.pipeline: 이번 정지 구간에서 이미 publish함 -> 스킵
2026-08-03 21:05:35,478 [INFO] webcam_perception: YOLO 추론 성공: detection 1건
2026-08-03 21:05:35,478 [INFO] webcam_perception.pipeline: ROI 필터링: 전체 1건 -> ROI 내 1건
2026-08-03 21:05:35,478 [INFO] webcam_perception.pipeline: best detection 선택: confidence=0.95
2026-08-03 21:05:35,478 [INFO] webcam_perception.pipeline: 정지 판정: stopped=True
2026-08-03 21:05:35,478 [INFO] webcam_perception.pipeline: 이번 정지 구간에서 이미 publish함 -> 스킵
2026-08-03 21:05:35,577 [INFO] webcam_perception: YOLO 추론 성공: detection 1건
2026-08-03 21:05:35,577 [INFO] webcam_perception.pipeline: ROI 필터링: 전체 1건 -> ROI 내 1건
2026-08-03 21:05:35,577 [INFO] webcam_perception.pipeline: best detection 선택: confidence=0.96
2026-08-03 21:05:35,577 [INFO] webcam_perception.pipeline: 정지 판정: stopped=True
2026-08-03 21:05:35,577 [INFO] webcam_perception.pipeline: 이번 정지 구간에서 이미 publish함 -> 스킵
2026-08-03 21:05:35,677 [INFO] webcam_perception: YOLO 추론 성공: detection 1건
2026-08-03 21:05:35,677 [INFO] webcam_perception.pipeline: ROI 필터링: 전체 1건 -> ROI 내 1건
2026-08-03 21:05:35,678 [INFO] webcam_perception.pipeline: best detection 선택: confidence=0.95
2026-08-03 21:05:35,678 [INFO] webcam_perception.pipeline: 정지 판정: stopped=True
2026-08-03 21:05:35,678 [INFO] webcam_perception.pipeline: 이번 정지 구간에서 이미 publish함 -> 스킵
2026-08-03 21:05:35,777 [INFO] webcam_perception: YOLO 추론 성공: detection 1건
2026-08-03 21:05:35,777 [INFO] webcam_perception.pipeline: ROI 필터링: 전체 1건 -> ROI 내 1건
2026-08-03 21:05:35,777 [INFO] webcam_perception.pipeline: best detection 선택: confidence=0.95
2026-08-03 21:05:35,777 [INFO] webcam_perception.pipeline: 정지 판정: stopped=True
2026-08-03 21:05:35,777 [INFO] webcam_perception.pipeline: 이번 정지 구간에서 이미 publish함 -> 스킵
2026-08-03 21:05:35,877 [INFO] webcam_perception: YOLO 추론 성공: detection 1건
2026-08-03 21:05:35,878 [INFO] webcam_perception.pipeline: ROI 필터링: 전체 1건 -> ROI 내 1건
2026-08-03 21:05:35,878 [INFO] webcam_perception.pipeline: best detection 선택: confidence=0.95
2026-08-03 21:05:35,878 [INFO] webcam_perception.pipeline: 정지 판정: stopped=True
2026-08-03 21:05:35,878 [INFO] webcam_perception.pipeline: 이번 정지 구간에서 이미 publish함 -> 스킵
2026-08-03 21:05:35,976 [INFO] webcam_perception: YOLO 추론 성공: detection 1건
2026-08-03 21:05:35,976 [INFO] webcam_perception.pipeline: ROI 필터링: 전체 1건 -> ROI 내 1건
2026-08-03 21:05:35,977 [INFO] webcam_perception.pipeline: best detection 선택: confidence=0.95
2026-08-03 21:05:35,977 [INFO] webcam_perception.pipeline: 정지 판정: stopped=True
2026-08-03 21:05:35,977 [INFO] webcam_perception.pipeline: 이번 정지 구간에서 이미 publish함 -> 스킵
2026-08-03 21:05:36,080 [INFO] webcam_perception: YOLO 추론 성공: detection 1건
2026-08-03 21:05:36,080 [INFO] webcam_perception.pipeline: ROI 필터링: 전체 1건 -> ROI 내 1건
2026-08-03 21:05:36,080 [INFO] webcam_perception.pipeline: best detection 선택: confidence=0.96
2026-08-03 21:05:36,080 [INFO] webcam_perception.pipeline: 정지 판정: stopped=True
2026-08-03 21:05:36,080 [INFO] webcam_perception.pipeline: 이번 정지 구간에서 이미 publish함 -> 스킵
2026-08-03 21:05:36,177 [INFO] webcam_perception: YOLO 추론 성공: detection 1건
2026-08-03 21:05:36,177 [INFO] webcam_perception.pipeline: ROI 필터링: 전체 1건 -> ROI 내 1건
2026-08-03 21:05:36,177 [INFO] webcam_perception.pipeline: best detection 선택: confidence=0.95
2026-08-03 21:05:36,177 [INFO] webcam_perception.pipeline: 정지 판정: stopped=True
2026-08-03 21:05:36,177 [INFO] webcam_perception.pipeline: 이번 정지 구간에서 이미 publish함 -> 스킵
2026-08-03 21:05:36,277 [INFO] webcam_perception: YOLO 추론 성공: detection 1건
2026-08-03 21:05:36,277 [INFO] webcam_perception.pipeline: ROI 필터링: 전체 1건 -> ROI 내 1건
2026-08-03 21:05:36,277 [INFO] webcam_perception.pipeline: best detection 선택: confidence=0.95
2026-08-03 21:05:36,277 [INFO] webcam_perception.pipeline: 정지 판정: stopped=True
2026-08-03 21:05:36,277 [INFO] webcam_perception.pipeline: 이번 정지 구간에서 이미 publish함 -> 스킵
2026-08-03 21:05:36,377 [INFO] webcam_perception: YOLO 추론 성공: detection 1건
2026-08-03 21:05:36,377 [INFO] webcam_perception.pipeline: ROI 필터링: 전체 1건 -> ROI 내 1건
2026-08-03 21:05:36,377 [INFO] webcam_perception.pipeline: best detection 선택: confidence=0.95
2026-08-03 21:05:36,377 [INFO] webcam_perception.pipeline: 정지 판정: stopped=True
2026-08-03 21:05:36,377 [INFO] webcam_perception.pipeline: 이번 정지 구간에서 이미 publish함 -> 스킵
2026-08-03 21:05:36,477 [INFO] webcam_perception: YOLO 추론 성공: detection 1건
2026-08-03 21:05:36,477 [INFO] webcam_perception.pipeline: ROI 필터링: 전체 1건 -> ROI 내 1건
2026-08-03 21:05:36,477 [INFO] webcam_perception.pipeline: best detection 선택: confidence=0.95
2026-08-03 21:05:36,477 [INFO] webcam_perception.pipeline: 정지 판정: stopped=True
2026-08-03 21:05:36,477 [INFO] webcam_perception.pipeline: 이번 정지 구간에서 이미 publish함 -> 스킵
2026-08-03 21:05:36,576 [INFO] webcam_perception: YOLO 추론 성공: detection 1건
2026-08-03 21:05:36,576 [INFO] webcam_perception.pipeline: ROI 필터링: 전체 1건 -> ROI 내 1건
2026-08-03 21:05:36,576 [INFO] webcam_perception.pipeline: best detection 선택: confidence=0.95
2026-08-03 21:05:36,576 [INFO] webcam_perception.pipeline: 정지 판정: stopped=True
2026-08-03 21:05:36,576 [INFO] webcam_perception.pipeline: 이번 정지 구간에서 이미 publish함 -> 스킵
2026-08-03 21:05:36,676 [INFO] webcam_perception: YOLO 추론 성공: detection 1건
2026-08-03 21:05:36,677 [INFO] webcam_perception.pipeline: ROI 필터링: 전체 1건 -> ROI 내 1건
2026-08-03 21:05:36,677 [INFO] webcam_perception.pipeline: best detection 선택: confidence=0.94
2026-08-03 21:05:36,677 [INFO] webcam_perception.pipeline: 정지 판정: stopped=True
2026-08-03 21:05:36,677 [INFO] webcam_perception.pipeline: 이번 정지 구간에서 이미 publish함 -> 스킵
2026-08-03 21:05:36,777 [INFO] webcam_perception: YOLO 추론 성공: detection 1건
2026-08-03 21:05:36,777 [INFO] webcam_perception.pipeline: ROI 필터링: 전체 1건 -> ROI 내 1건
2026-08-03 21:05:36,777 [INFO] webcam_perception.pipeline: best detection 선택: confidence=0.94
2026-08-03 21:05:36,777 [INFO] webcam_perception.pipeline: 정지 판정: stopped=True
2026-08-03 21:05:36,777 [INFO] webcam_perception.pipeline: 이번 정지 구간에서 이미 publish함 -> 스킵
2026-08-03 21:05:36,878 [INFO] webcam_perception: YOLO 추론 성공: detection 1건
2026-08-03 21:05:36,878 [INFO] webcam_perception.pipeline: ROI 필터링: 전체 1건 -> ROI 내 1건
2026-08-03 21:05:36,878 [INFO] webcam_perception.pipeline: best detection 선택: confidence=0.95
2026-08-03 21:05:36,878 [INFO] webcam_perception.pipeline: 정지 판정: stopped=True
2026-08-03 21:05:36,878 [INFO] webcam_perception.pipeline: 이번 정지 구간에서 이미 publish함 -> 스킵
2026-08-03 21:05:36,977 [INFO] webcam_perception: YOLO 추론 성공: detection 1건
2026-08-03 21:05:36,977 [INFO] webcam_perception.pipeline: ROI 필터링: 전체 1건 -> ROI 내 1건
2026-08-03 21:05:36,978 [INFO] webcam_perception.pipeline: best detection 선택: confidence=0.95
2026-08-03 21:05:36,978 [INFO] webcam_perception.pipeline: 정지 판정: stopped=True
2026-08-03 21:05:36,978 [INFO] webcam_perception.pipeline: 이번 정지 구간에서 이미 publish함 -> 스킵
2026-08-03 21:05:37,078 [INFO] webcam_perception: YOLO 추론 성공: detection 1건
2026-08-03 21:05:37,078 [INFO] webcam_perception.pipeline: ROI 필터링: 전체 1건 -> ROI 내 1건
2026-08-03 21:05:37,078 [INFO] webcam_perception.pipeline: best detection 선택: confidence=0.95
2026-08-03 21:05:37,078 [INFO] webcam_perception.pipeline: 정지 판정: stopped=True
2026-08-03 21:05:37,078 [INFO] webcam_perception.pipeline: 이번 정지 구간에서 이미 publish함 -> 스킵
2026-08-03 21:05:37,179 [INFO] webcam_perception: YOLO 추론 성공: detection 1건
2026-08-03 21:05:37,180 [INFO] webcam_perception.pipeline: ROI 필터링: 전체 1건 -> ROI 내 1건
2026-08-03 21:05:37,180 [INFO] webcam_perception.pipeline: best detection 선택: confidence=0.95
2026-08-03 21:05:37,180 [INFO] webcam_perception.pipeline: 정지 판정: stopped=True
2026-08-03 21:05:37,180 [INFO] webcam_perception.pipeline: 이번 정지 구간에서 이미 publish함 -> 스킵
2026-08-03 21:05:37,276 [INFO] webcam_perception: YOLO 추론 성공: detection 1건
2026-08-03 21:05:37,276 [INFO] webcam_perception.pipeline: ROI 필터링: 전체 1건 -> ROI 내 1건
2026-08-03 21:05:37,276 [INFO] webcam_perception.pipeline: best detection 선택: confidence=0.95
2026-08-03 21:05:37,276 [INFO] webcam_perception.pipeline: 정지 판정: stopped=True
2026-08-03 21:05:37,277 [INFO] webcam_perception.pipeline: 이번 정지 구간에서 이미 publish함 -> 스킵
2026-08-03 21:05:37,378 [INFO] webcam_perception: YOLO 추론 성공: detection 1건
2026-08-03 21:05:37,378 [INFO] webcam_perception.pipeline: ROI 필터링: 전체 1건 -> ROI 내 1건
2026-08-03 21:05:37,379 [INFO] webcam_perception.pipeline: best detection 선택: confidence=0.95
2026-08-03 21:05:37,379 [INFO] webcam_perception.pipeline: 정지 판정: stopped=True
2026-08-03 21:05:37,379 [INFO] webcam_perception.pipeline: 이번 정지 구간에서 이미 publish함 -> 스킵
2026-08-03 21:05:37,477 [INFO] webcam_perception: YOLO 추론 성공: detection 1건
2026-08-03 21:05:37,478 [INFO] webcam_perception.pipeline: ROI 필터링: 전체 1건 -> ROI 내 1건
2026-08-03 21:05:37,478 [INFO] webcam_perception.pipeline: best detection 선택: confidence=0.95
2026-08-03 21:05:37,478 [INFO] webcam_perception.pipeline: 정지 판정: stopped=True
2026-08-03 21:05:37,478 [INFO] webcam_perception.pipeline: 이번 정지 구간에서 이미 publish함 -> 스킵
2026-08-03 21:05:37,577 [INFO] webcam_perception: YOLO 추론 성공: detection 1건
2026-08-03 21:05:37,577 [INFO] webcam_perception.pipeline: ROI 필터링: 전체 1건 -> ROI 내 1건
2026-08-03 21:05:37,577 [INFO] webcam_perception.pipeline: best detection 선택: confidence=0.95
2026-08-03 21:05:37,577 [INFO] webcam_perception.pipeline: 정지 판정: stopped=True
2026-08-03 21:05:37,578 [INFO] webcam_perception.pipeline: 이번 정지 구간에서 이미 publish함 -> 스킵
2026-08-03 21:05:37,678 [INFO] webcam_perception: YOLO 추론 성공: detection 1건
2026-08-03 21:05:37,679 [INFO] webcam_perception.pipeline: ROI 필터링: 전체 1건 -> ROI 내 1건
2026-08-03 21:05:37,679 [INFO] webcam_perception.pipeline: best detection 선택: confidence=0.95
2026-08-03 21:05:37,679 [INFO] webcam_perception.pipeline: 정지 판정: stopped=True
2026-08-03 21:05:37,679 [INFO] webcam_perception.pipeline: 이번 정지 구간에서 이미 publish함 -> 스킵
2026-08-03 21:05:37,777 [INFO] webcam_perception: YOLO 추론 성공: detection 1건
2026-08-03 21:05:37,778 [INFO] webcam_perception.pipeline: ROI 필터링: 전체 1건 -> ROI 내 1건
2026-08-03 21:05:37,778 [INFO] webcam_perception.pipeline: best detection 선택: confidence=0.95
2026-08-03 21:05:37,778 [INFO] webcam_perception.pipeline: 정지 판정: stopped=True
2026-08-03 21:05:37,778 [INFO] webcam_perception.pipeline: 이번 정지 구간에서 이미 publish함 -> 스킵
2026-08-03 21:05:37,878 [INFO] webcam_perception: YOLO 추론 성공: detection 1건
2026-08-03 21:05:37,878 [INFO] webcam_perception.pipeline: ROI 필터링: 전체 1건 -> ROI 내 1건
2026-08-03 21:05:37,878 [INFO] webcam_perception.pipeline: best detection 선택: confidence=0.95
2026-08-03 21:05:37,878 [INFO] webcam_perception.pipeline: 정지 판정: stopped=True
2026-08-03 21:05:37,879 [INFO] webcam_perception.pipeline: 이번 정지 구간에서 이미 publish함 -> 스킵
2026-08-03 21:05:37,977 [INFO] webcam_perception: YOLO 추론 성공: detection 1건
2026-08-03 21:05:37,977 [INFO] webcam_perception.pipeline: ROI 필터링: 전체 1건 -> ROI 내 1건
2026-08-03 21:05:37,977 [INFO] webcam_perception.pipeline: best detection 선택: confidence=0.95
2026-08-03 21:05:37,977 [INFO] webcam_perception.pipeline: 정지 판정: stopped=True
2026-08-03 21:05:37,977 [INFO] webcam_perception.pipeline: 이번 정지 구간에서 이미 publish함 -> 스킵
2026-08-03 21:05:38,078 [INFO] webcam_perception: YOLO 추론 성공: detection 1건
2026-08-03 21:05:38,079 [INFO] webcam_perception.pipeline: ROI 필터링: 전체 1건 -> ROI 내 1건
2026-08-03 21:05:38,079 [INFO] webcam_perception.pipeline: best detection 선택: confidence=0.95
2026-08-03 21:05:38,079 [INFO] webcam_perception.pipeline: 정지 판정: stopped=True
2026-08-03 21:05:38,079 [INFO] webcam_perception.pipeline: 이번 정지 구간에서 이미 publish함 -> 스킵
2026-08-03 21:05:38,177 [INFO] webcam_perception: YOLO 추론 성공: detection 1건
2026-08-03 21:05:38,178 [INFO] webcam_perception.pipeline: ROI 필터링: 전체 1건 -> ROI 내 1건
2026-08-03 21:05:38,178 [INFO] webcam_perception.pipeline: best detection 선택: confidence=0.95
2026-08-03 21:05:38,178 [INFO] webcam_perception.pipeline: 정지 판정: stopped=True
2026-08-03 21:05:38,178 [INFO] webcam_perception.pipeline: 이번 정지 구간에서 이미 publish함 -> 스킵
2026-08-03 21:05:38,277 [INFO] webcam_perception: YOLO 추론 성공: detection 1건
2026-08-03 21:05:38,277 [INFO] webcam_perception.pipeline: ROI 필터링: 전체 1건 -> ROI 내 1건
2026-08-03 21:05:38,277 [INFO] webcam_perception.pipeline: best detection 선택: confidence=0.96
2026-08-03 21:05:38,277 [INFO] webcam_perception.pipeline: 정지 판정: stopped=True
2026-08-03 21:05:38,277 [INFO] webcam_perception.pipeline: 이번 정지 구간에서 이미 publish함 -> 스킵
2026-08-03 21:05:38,377 [INFO] webcam_perception: YOLO 추론 성공: detection 1건
2026-08-03 21:05:38,377 [INFO] webcam_perception.pipeline: ROI 필터링: 전체 1건 -> ROI 내 1건
2026-08-03 21:05:38,377 [INFO] webcam_perception.pipeline: best detection 선택: confidence=0.95
2026-08-03 21:05:38,377 [INFO] webcam_perception.pipeline: 정지 판정: stopped=True
2026-08-03 21:05:38,378 [INFO] webcam_perception.pipeline: 이번 정지 구간에서 이미 publish함 -> 스킵
2026-08-03 21:05:38,478 [INFO] webcam_perception: YOLO 추론 성공: detection 1건
2026-08-03 21:05:38,479 [INFO] webcam_perception.pipeline: ROI 필터링: 전체 1건 -> ROI 내 1건
2026-08-03 21:05:38,479 [INFO] webcam_perception.pipeline: best detection 선택: confidence=0.95
2026-08-03 21:05:38,479 [INFO] webcam_perception.pipeline: 정지 판정: stopped=True
2026-08-03 21:05:38,486 [INFO] webcam_perception.pipeline: 이번 정지 구간에서 이미 publish함 -> 스킵
2026-08-03 21:05:38,577 [INFO] webcam_perception: YOLO 추론 성공: detection 1건
2026-08-03 21:05:38,577 [INFO] webcam_perception.pipeline: ROI 필터링: 전체 1건 -> ROI 내 1건
2026-08-03 21:05:38,577 [INFO] webcam_perception.pipeline: best detection 선택: confidence=0.95
2026-08-03 21:05:38,578 [INFO] webcam_perception.pipeline: 정지 판정: stopped=True
2026-08-03 21:05:38,578 [INFO] webcam_perception.pipeline: 이번 정지 구간에서 이미 publish함 -> 스킵
2026-08-03 21:05:38,676 [INFO] webcam_perception: YOLO 추론 성공: detection 1건
2026-08-03 21:05:38,676 [INFO] webcam_perception.pipeline: ROI 필터링: 전체 1건 -> ROI 내 1건
2026-08-03 21:05:38,677 [INFO] webcam_perception.pipeline: best detection 선택: confidence=0.95
2026-08-03 21:05:38,677 [INFO] webcam_perception.pipeline: 정지 판정: stopped=True
2026-08-03 21:05:38,677 [INFO] webcam_perception.pipeline: 이번 정지 구간에서 이미 publish함 -> 스킵
2026-08-03 21:05:38,778 [INFO] webcam_perception: YOLO 추론 성공: detection 1건
2026-08-03 21:05:38,778 [INFO] webcam_perception.pipeline: ROI 필터링: 전체 1건 -> ROI 내 1건
2026-08-03 21:05:38,778 [INFO] webcam_perception.pipeline: best detection 선택: confidence=0.95
2026-08-03 21:05:38,778 [INFO] webcam_perception.pipeline: 정지 판정: stopped=True
2026-08-03 21:05:38,778 [INFO] webcam_perception.pipeline: 이번 정지 구간에서 이미 publish함 -> 스킵
2026-08-03 21:05:38,877 [INFO] webcam_perception: YOLO 추론 성공: detection 1건
2026-08-03 21:05:38,877 [INFO] webcam_perception.pipeline: ROI 필터링: 전체 1건 -> ROI 내 1건
2026-08-03 21:05:38,877 [INFO] webcam_perception.pipeline: best detection 선택: confidence=0.95
2026-08-03 21:05:38,878 [INFO] webcam_perception.pipeline: 정지 판정: stopped=True
2026-08-03 21:05:38,878 [INFO] webcam_perception.pipeline: 이번 정지 구간에서 이미 publish함 -> 스킵
2026-08-03 21:05:38,977 [INFO] webcam_perception: YOLO 추론 성공: detection 1건
2026-08-03 21:05:38,977 [INFO] webcam_perception.pipeline: ROI 필터링: 전체 1건 -> ROI 내 1건
2026-08-03 21:05:38,977 [INFO] webcam_perception.pipeline: best detection 선택: confidence=0.95
2026-08-03 21:05:38,977 [INFO] webcam_perception.pipeline: 정지 판정: stopped=True
2026-08-03 21:05:38,977 [INFO] webcam_perception.pipeline: 이번 정지 구간에서 이미 publish함 -> 스킵
2026-08-03 21:05:39,078 [INFO] webcam_perception: YOLO 추론 성공: detection 1건
2026-08-03 21:05:39,078 [INFO] webcam_perception.pipeline: ROI 필터링: 전체 1건 -> ROI 내 1건
2026-08-03 21:05:39,078 [INFO] webcam_perception.pipeline: best detection 선택: confidence=0.95
2026-08-03 21:05:39,078 [INFO] webcam_perception.pipeline: 정지 판정: stopped=True
2026-08-03 21:05:39,078 [INFO] webcam_perception.pipeline: 이번 정지 구간에서 이미 publish함 -> 스킵
2026-08-03 21:05:39,177 [INFO] webcam_perception: YOLO 추론 성공: detection 1건
2026-08-03 21:05:39,177 [INFO] webcam_perception.pipeline: ROI 필터링: 전체 1건 -> ROI 내 1건
2026-08-03 21:05:39,177 [INFO] webcam_perception.pipeline: best detection 선택: confidence=0.95
2026-08-03 21:05:39,177 [INFO] webcam_perception.pipeline: 정지 판정: stopped=True
2026-08-03 21:05:39,178 [INFO] webcam_perception.pipeline: 이번 정지 구간에서 이미 publish함 -> 스킵
2026-08-03 21:05:39,278 [INFO] webcam_perception: YOLO 추론 성공: detection 1건
2026-08-03 21:05:39,279 [INFO] webcam_perception.pipeline: ROI 필터링: 전체 1건 -> ROI 내 1건
2026-08-03 21:05:39,279 [INFO] webcam_perception.pipeline: best detection 선택: confidence=0.94
2026-08-03 21:05:39,279 [INFO] webcam_perception.pipeline: 정지 판정: stopped=True
2026-08-03 21:05:39,279 [INFO] webcam_perception.pipeline: 이번 정지 구간에서 이미 publish함 -> 스킵
2026-08-03 21:05:39,379 [INFO] webcam_perception: YOLO 추론 성공: detection 1건
2026-08-03 21:05:39,379 [INFO] webcam_perception.pipeline: ROI 필터링: 전체 1건 -> ROI 내 1건
2026-08-03 21:05:39,379 [INFO] webcam_perception.pipeline: best detection 선택: confidence=0.95
2026-08-03 21:05:39,380 [INFO] webcam_perception.pipeline: 정지 판정: stopped=True
2026-08-03 21:05:39,380 [INFO] webcam_perception.pipeline: 이번 정지 구간에서 이미 publish함 -> 스킵
2026-08-03 21:05:39,478 [INFO] webcam_perception: YOLO 추론 성공: detection 1건
2026-08-03 21:05:39,478 [INFO] webcam_perception.pipeline: ROI 필터링: 전체 1건 -> ROI 내 1건
2026-08-03 21:05:39,478 [INFO] webcam_perception.pipeline: best detection 선택: confidence=0.95
2026-08-03 21:05:39,478 [INFO] webcam_perception.pipeline: 정지 판정: stopped=True
2026-08-03 21:05:39,478 [INFO] webcam_perception.pipeline: 이번 정지 구간에서 이미 publish함 -> 스킵
2026-08-03 21:05:39,577 [INFO] webcam_perception: YOLO 추론 성공: detection 1건
2026-08-03 21:05:39,578 [INFO] webcam_perception.pipeline: ROI 필터링: 전체 1건 -> ROI 내 1건
2026-08-03 21:05:39,578 [INFO] webcam_perception.pipeline: best detection 선택: confidence=0.94
2026-08-03 21:05:39,578 [INFO] webcam_perception.pipeline: 정지 판정: stopped=True
2026-08-03 21:05:39,578 [INFO] webcam_perception.pipeline: 이번 정지 구간에서 이미 publish함 -> 스킵
2026-08-03 21:05:39,676 [INFO] webcam_perception: YOLO 추론 성공: detection 1건
2026-08-03 21:05:39,676 [INFO] webcam_perception.pipeline: ROI 필터링: 전체 1건 -> ROI 내 1건
2026-08-03 21:05:39,676 [INFO] webcam_perception.pipeline: best detection 선택: confidence=0.95
2026-08-03 21:05:39,676 [INFO] webcam_perception.pipeline: 정지 판정: stopped=True
2026-08-03 21:05:39,677 [INFO] webcam_perception.pipeline: 이번 정지 구간에서 이미 publish함 -> 스킵
2026-08-03 21:05:39,776 [INFO] webcam_perception: YOLO 추론 성공: detection 1건
2026-08-03 21:05:39,776 [INFO] webcam_perception.pipeline: ROI 필터링: 전체 1건 -> ROI 내 1건
2026-08-03 21:05:39,777 [INFO] webcam_perception.pipeline: best detection 선택: confidence=0.95
2026-08-03 21:05:39,777 [INFO] webcam_perception.pipeline: 정지 판정: stopped=True
2026-08-03 21:05:39,777 [INFO] webcam_perception.pipeline: 이번 정지 구간에서 이미 publish함 -> 스킵
2026-08-03 21:05:39,877 [INFO] webcam_perception: YOLO 추론 성공: detection 1건
2026-08-03 21:05:39,877 [INFO] webcam_perception.pipeline: ROI 필터링: 전체 1건 -> ROI 내 1건
2026-08-03 21:05:39,877 [INFO] webcam_perception.pipeline: best detection 선택: confidence=0.95
2026-08-03 21:05:39,877 [INFO] webcam_perception.pipeline: 정지 판정: stopped=True
2026-08-03 21:05:39,877 [INFO] webcam_perception.pipeline: 이번 정지 구간에서 이미 publish함 -> 스킵
2026-08-03 21:05:39,976 [INFO] webcam_perception: YOLO 추론 성공: detection 1건
2026-08-03 21:05:39,976 [INFO] webcam_perception.pipeline: ROI 필터링: 전체 1건 -> ROI 내 1건
2026-08-03 21:05:39,976 [INFO] webcam_perception.pipeline: best detection 선택: confidence=0.95
2026-08-03 21:05:39,977 [INFO] webcam_perception.pipeline: 정지 판정: stopped=True
2026-08-03 21:05:39,977 [INFO] webcam_perception.pipeline: 이번 정지 구간에서 이미 publish함 -> 스킵
2026-08-03 21:05:40,077 [INFO] webcam_perception: YOLO 추론 성공: detection 1건
2026-08-03 21:05:40,077 [INFO] webcam_perception.pipeline: ROI 필터링: 전체 1건 -> ROI 내 1건
2026-08-03 21:05:40,077 [INFO] webcam_perception.pipeline: best detection 선택: confidence=0.95
2026-08-03 21:05:40,077 [INFO] webcam_perception.pipeline: 정지 판정: stopped=True
2026-08-03 21:05:40,077 [INFO] webcam_perception.pipeline: 이번 정지 구간에서 이미 publish함 -> 스킵
2026-08-03 21:05:40,177 [INFO] webcam_perception: YOLO 추론 성공: detection 1건
2026-08-03 21:05:40,177 [INFO] webcam_perception.pipeline: ROI 필터링: 전체 1건 -> ROI 내 1건
2026-08-03 21:05:40,177 [INFO] webcam_perception.pipeline: best detection 선택: confidence=0.95
2026-08-03 21:05:40,177 [INFO] webcam_perception.pipeline: 정지 판정: stopped=True
2026-08-03 21:05:40,177 [INFO] webcam_perception.pipeline: 이번 정지 구간에서 이미 publish함 -> 스킵
2026-08-03 21:05:40,277 [INFO] webcam_perception: YOLO 추론 성공: detection 1건
2026-08-03 21:05:40,277 [INFO] webcam_perception.pipeline: ROI 필터링: 전체 1건 -> ROI 내 1건
2026-08-03 21:05:40,277 [INFO] webcam_perception.pipeline: best detection 선택: confidence=0.95
2026-08-03 21:05:40,277 [INFO] webcam_perception.pipeline: 정지 판정: stopped=True
2026-08-03 21:05:40,277 [INFO] webcam_perception.pipeline: 이번 정지 구간에서 이미 publish함 -> 스킵
2026-08-03 21:05:40,378 [INFO] webcam_perception: YOLO 추론 성공: detection 1건
2026-08-03 21:05:40,378 [INFO] webcam_perception.pipeline: ROI 필터링: 전체 1건 -> ROI 내 1건
2026-08-03 21:05:40,378 [INFO] webcam_perception.pipeline: best detection 선택: confidence=0.95
2026-08-03 21:05:40,378 [INFO] webcam_perception.pipeline: 정지 판정: stopped=True
2026-08-03 21:05:40,378 [INFO] webcam_perception.pipeline: 이번 정지 구간에서 이미 publish함 -> 스킵
2026-08-03 21:05:40,477 [INFO] webcam_perception: YOLO 추론 성공: detection 1건
2026-08-03 21:05:40,478 [INFO] webcam_perception.pipeline: ROI 필터링: 전체 1건 -> ROI 내 1건
2026-08-03 21:05:40,478 [INFO] webcam_perception.pipeline: best detection 선택: confidence=0.94
2026-08-03 21:05:40,478 [INFO] webcam_perception.pipeline: 정지 판정: stopped=True
2026-08-03 21:05:40,478 [INFO] webcam_perception.pipeline: 이번 정지 구간에서 이미 publish함 -> 스킵
2026-08-03 21:05:40,577 [INFO] webcam_perception: YOLO 추론 성공: detection 1건
2026-08-03 21:05:40,577 [INFO] webcam_perception.pipeline: ROI 필터링: 전체 1건 -> ROI 내 1건
2026-08-03 21:05:40,577 [INFO] webcam_perception.pipeline: best detection 선택: confidence=0.95
2026-08-03 21:05:40,577 [INFO] webcam_perception.pipeline: 정지 판정: stopped=True
2026-08-03 21:05:40,577 [INFO] webcam_perception.pipeline: 이번 정지 구간에서 이미 publish함 -> 스킵
2026-08-03 21:05:40,678 [INFO] webcam_perception: YOLO 추론 성공: detection 1건
2026-08-03 21:05:40,678 [INFO] webcam_perception.pipeline: ROI 필터링: 전체 1건 -> ROI 내 1건
2026-08-03 21:05:40,678 [INFO] webcam_perception.pipeline: best detection 선택: confidence=0.95
2026-08-03 21:05:40,678 [INFO] webcam_perception.pipeline: 정지 판정: stopped=True
2026-08-03 21:05:40,678 [INFO] webcam_perception.pipeline: 이번 정지 구간에서 이미 publish함 -> 스킵
2026-08-03 21:05:40,776 [INFO] webcam_perception: YOLO 추론 성공: detection 1건
2026-08-03 21:05:40,776 [INFO] webcam_perception.pipeline: ROI 필터링: 전체 1건 -> ROI 내 1건
2026-08-03 21:05:40,776 [INFO] webcam_perception.pipeline: best detection 선택: confidence=0.95
2026-08-03 21:05:40,777 [INFO] webcam_perception.pipeline: 정지 판정: stopped=True
2026-08-03 21:05:40,777 [INFO] webcam_perception.pipeline: 이번 정지 구간에서 이미 publish함 -> 스킵
2026-08-03 21:05:40,877 [INFO] webcam_perception: YOLO 추론 성공: detection 1건
2026-08-03 21:05:40,878 [INFO] webcam_perception.pipeline: ROI 필터링: 전체 1건 -> ROI 내 1건
2026-08-03 21:05:40,878 [INFO] webcam_perception.pipeline: best detection 선택: confidence=0.95
2026-08-03 21:05:40,878 [INFO] webcam_perception.pipeline: 정지 판정: stopped=True
2026-08-03 21:05:40,878 [INFO] webcam_perception.pipeline: 이번 정지 구간에서 이미 publish함 -> 스킵
2026-08-03 21:05:40,977 [INFO] webcam_perception: YOLO 추론 성공: detection 1건
2026-08-03 21:05:40,977 [INFO] webcam_perception.pipeline: ROI 필터링: 전체 1건 -> ROI 내 1건
2026-08-03 21:05:40,977 [INFO] webcam_perception.pipeline: best detection 선택: confidence=0.95
2026-08-03 21:05:40,977 [INFO] webcam_perception.pipeline: 정지 판정: stopped=True
2026-08-03 21:05:40,977 [INFO] webcam_perception.pipeline: 이번 정지 구간에서 이미 publish함 -> 스킵
2026-08-03 21:05:41,079 [INFO] webcam_perception: YOLO 추론 성공: detection 1건
2026-08-03 21:05:41,079 [INFO] webcam_perception.pipeline: ROI 필터링: 전체 1건 -> ROI 내 1건
2026-08-03 21:05:41,080 [INFO] webcam_perception.pipeline: best detection 선택: confidence=0.95
2026-08-03 21:05:41,080 [INFO] webcam_perception.pipeline: 정지 판정: stopped=True
2026-08-03 21:05:41,080 [INFO] webcam_perception.pipeline: 이번 정지 구간에서 이미 publish함 -> 스킵
2026-08-03 21:05:41,177 [INFO] webcam_perception: YOLO 추론 성공: detection 1건
2026-08-03 21:05:41,177 [INFO] webcam_perception.pipeline: ROI 필터링: 전체 1건 -> ROI 내 1건
2026-08-03 21:05:41,177 [INFO] webcam_perception.pipeline: best detection 선택: confidence=0.94
2026-08-03 21:05:41,177 [INFO] webcam_perception.pipeline: 정지 판정: stopped=True
2026-08-03 21:05:41,177 [INFO] webcam_perception.pipeline: 이번 정지 구간에서 이미 publish함 -> 스킵
2026-08-03 21:05:41,276 [INFO] webcam_perception: YOLO 추론 성공: detection 1건
2026-08-03 21:05:41,276 [INFO] webcam_perception.pipeline: ROI 필터링: 전체 1건 -> ROI 내 1건
2026-08-03 21:05:41,276 [INFO] webcam_perception.pipeline: best detection 선택: confidence=0.95
2026-08-03 21:05:41,276 [INFO] webcam_perception.pipeline: 정지 판정: stopped=True
2026-08-03 21:05:41,276 [INFO] webcam_perception.pipeline: 이번 정지 구간에서 이미 publish함 -> 스킵
2026-08-03 21:05:41,377 [INFO] webcam_perception: YOLO 추론 성공: detection 1건
2026-08-03 21:05:41,377 [INFO] webcam_perception.pipeline: ROI 필터링: 전체 1건 -> ROI 내 1건
2026-08-03 21:05:41,377 [INFO] webcam_perception.pipeline: best detection 선택: confidence=0.95
2026-08-03 21:05:41,377 [INFO] webcam_perception.pipeline: 정지 판정: stopped=True
2026-08-03 21:05:41,377 [INFO] webcam_perception.pipeline: 이번 정지 구간에서 이미 publish함 -> 스킵
2026-08-03 21:05:41,478 [INFO] webcam_perception: YOLO 추론 성공: detection 1건
2026-08-03 21:05:41,478 [INFO] webcam_perception.pipeline: ROI 필터링: 전체 1건 -> ROI 내 1건
2026-08-03 21:05:41,478 [INFO] webcam_perception.pipeline: best detection 선택: confidence=0.94
2026-08-03 21:05:41,478 [INFO] webcam_perception.pipeline: 정지 판정: stopped=True
2026-08-03 21:05:41,478 [INFO] webcam_perception.pipeline: 이번 정지 구간에서 이미 publish함 -> 스킵
2026-08-03 21:05:41,577 [INFO] webcam_perception: YOLO 추론 성공: detection 1건
2026-08-03 21:05:41,577 [INFO] webcam_perception.pipeline: ROI 필터링: 전체 1건 -> ROI 내 1건
2026-08-03 21:05:41,577 [INFO] webcam_perception.pipeline: ROI 내 임계값(0.75) 이상 detection 없음
2026-08-03 21:05:41,676 [INFO] webcam_perception: YOLO 추론 성공: detection 0건
2026-08-03 21:05:41,676 [INFO] webcam_perception.pipeline: ROI 필터링: 전체 0건 -> ROI 내 0건
2026-08-03 21:05:41,676 [INFO] webcam_perception.pipeline: ROI 내 임계값(0.75) 이상 detection 없음
2026-08-03 21:05:41,776 [INFO] webcam_perception: YOLO 추론 성공: detection 0건
2026-08-03 21:05:41,776 [INFO] webcam_perception.pipeline: ROI 필터링: 전체 0건 -> ROI 내 0건
2026-08-03 21:05:41,776 [INFO] webcam_perception.pipeline: ROI 내 임계값(0.75) 이상 detection 없음
2026-08-03 21:05:41,877 [INFO] webcam_perception: YOLO 추론 성공: detection 0건
2026-08-03 21:05:41,877 [INFO] webcam_perception.pipeline: ROI 필터링: 전체 0건 -> ROI 내 0건
2026-08-03 21:05:41,877 [INFO] webcam_perception.pipeline: ROI 내 임계값(0.75) 이상 detection 없음
2026-08-03 21:05:41,978 [INFO] webcam_perception: YOLO 추론 성공: detection 0건
2026-08-03 21:05:41,978 [INFO] webcam_perception.pipeline: ROI 필터링: 전체 0건 -> ROI 내 0건
2026-08-03 21:05:41,978 [INFO] webcam_perception.pipeline: ROI 내 임계값(0.75) 이상 detection 없음
2026-08-03 21:05:42,075 [INFO] webcam_perception: YOLO 추론 성공: detection 0건
2026-08-03 21:05:42,075 [INFO] webcam_perception.pipeline: ROI 필터링: 전체 0건 -> ROI 내 0건
2026-08-03 21:05:42,075 [INFO] webcam_perception.pipeline: ROI 내 임계값(0.75) 이상 detection 없음
2026-08-03 21:05:42,176 [INFO] webcam_perception: YOLO 추론 성공: detection 0건
2026-08-03 21:05:42,176 [INFO] webcam_perception.pipeline: ROI 필터링: 전체 0건 -> ROI 내 0건
2026-08-03 21:05:42,176 [INFO] webcam_perception.pipeline: ROI 내 임계값(0.75) 이상 detection 없음
2026-08-03 21:05:42,276 [INFO] webcam_perception: YOLO 추론 성공: detection 0건
2026-08-03 21:05:42,276 [INFO] webcam_perception.pipeline: ROI 필터링: 전체 0건 -> ROI 내 0건
2026-08-03 21:05:42,276 [INFO] webcam_perception.pipeline: ROI 내 임계값(0.75) 이상 detection 없음
2026-08-03 21:05:42,375 [INFO] webcam_perception: YOLO 추론 성공: detection 0건
2026-08-03 21:05:42,376 [INFO] webcam_perception.pipeline: ROI 필터링: 전체 0건 -> ROI 내 0건
2026-08-03 21:05:42,376 [INFO] webcam_perception.pipeline: ROI 내 임계값(0.75) 이상 detection 없음
2026-08-03 21:05:42,477 [INFO] webcam_perception: YOLO 추론 성공: detection 0건
2026-08-03 21:05:42,477 [INFO] webcam_perception.pipeline: ROI 필터링: 전체 0건 -> ROI 내 0건
2026-08-03 21:05:42,477 [INFO] webcam_perception.pipeline: ROI 내 임계값(0.75) 이상 detection 없음
2026-08-03 21:05:42,578 [INFO] webcam_perception: YOLO 추론 성공: detection 0건
2026-08-03 21:05:42,579 [INFO] webcam_perception.pipeline: ROI 필터링: 전체 0건 -> ROI 내 0건
2026-08-03 21:05:42,579 [INFO] webcam_perception.pipeline: ROI 내 임계값(0.75) 이상 detection 없음
2026-08-03 21:05:42,676 [INFO] webcam_perception: YOLO 추론 성공: detection 0건
2026-08-03 21:05:42,676 [INFO] webcam_perception.pipeline: ROI 필터링: 전체 0건 -> ROI 내 0건
2026-08-03 21:05:42,676 [INFO] webcam_perception.pipeline: ROI 내 임계값(0.75) 이상 detection 없음
2026-08-03 21:05:42,777 [INFO] webcam_perception: YOLO 추론 성공: detection 1건
2026-08-03 21:05:42,777 [INFO] webcam_perception.pipeline: ROI 필터링: 전체 1건 -> ROI 내 1건
2026-08-03 21:05:42,777 [INFO] webcam_perception.pipeline: ROI 내 임계값(0.75) 이상 detection 없음
2026-08-03 21:05:42,877 [INFO] webcam_perception: YOLO 추론 성공: detection 2건
2026-08-03 21:05:42,877 [INFO] webcam_perception.pipeline: ROI 필터링: 전체 2건 -> ROI 내 1건
2026-08-03 21:05:42,877 [INFO] webcam_perception.pipeline: best detection 선택: confidence=0.95
2026-08-03 21:05:42,878 [INFO] webcam_perception.pipeline: 정지 판정: stopped=False
2026-08-03 21:05:42,977 [INFO] webcam_perception: YOLO 추론 성공: detection 1건
2026-08-03 21:05:42,977 [INFO] webcam_perception.pipeline: ROI 필터링: 전체 1건 -> ROI 내 1건
2026-08-03 21:05:42,977 [INFO] webcam_perception.pipeline: best detection 선택: confidence=0.96
2026-08-03 21:05:42,977 [INFO] webcam_perception.pipeline: 정지 판정: stopped=False
2026-08-03 21:05:43,078 [INFO] webcam_perception: YOLO 추론 성공: detection 1건
2026-08-03 21:05:43,079 [INFO] webcam_perception.pipeline: ROI 필터링: 전체 1건 -> ROI 내 1건
2026-08-03 21:05:43,079 [INFO] webcam_perception.pipeline: best detection 선택: confidence=0.95
2026-08-03 21:05:43,079 [INFO] webcam_perception.pipeline: 정지 판정: stopped=False
2026-08-03 21:05:43,176 [INFO] webcam_perception: YOLO 추론 성공: detection 1건
2026-08-03 21:05:43,177 [INFO] webcam_perception.pipeline: ROI 필터링: 전체 1건 -> ROI 내 1건
2026-08-03 21:05:43,177 [INFO] webcam_perception.pipeline: best detection 선택: confidence=0.94
2026-08-03 21:05:43,177 [INFO] webcam_perception.pipeline: 정지 판정: stopped=False
2026-08-03 21:05:43,277 [INFO] webcam_perception: YOLO 추론 성공: detection 1건
2026-08-03 21:05:43,277 [INFO] webcam_perception.pipeline: ROI 필터링: 전체 1건 -> ROI 내 1건
2026-08-03 21:05:43,277 [INFO] webcam_perception.pipeline: best detection 선택: confidence=0.94
2026-08-03 21:05:43,277 [INFO] webcam_perception.pipeline: 정지 판정: stopped=False
2026-08-03 21:05:43,377 [INFO] webcam_perception: YOLO 추론 성공: detection 1건
2026-08-03 21:05:43,377 [INFO] webcam_perception.pipeline: ROI 필터링: 전체 1건 -> ROI 내 1건
2026-08-03 21:05:43,377 [INFO] webcam_perception.pipeline: best detection 선택: confidence=0.95
2026-08-03 21:05:43,377 [INFO] webcam_perception.pipeline: 정지 판정: stopped=False
2026-08-03 21:05:43,477 [INFO] webcam_perception: YOLO 추론 성공: detection 1건
2026-08-03 21:05:43,477 [INFO] webcam_perception.pipeline: ROI 필터링: 전체 1건 -> ROI 내 1건
2026-08-03 21:05:43,477 [INFO] webcam_perception.pipeline: best detection 선택: confidence=0.96
2026-08-03 21:05:43,477 [INFO] webcam_perception.pipeline: 정지 판정: stopped=False
2026-08-03 21:05:43,576 [INFO] webcam_perception: YOLO 추론 성공: detection 1건
2026-08-03 21:05:43,577 [INFO] webcam_perception.pipeline: ROI 필터링: 전체 1건 -> ROI 내 1건
2026-08-03 21:05:43,584 [INFO] webcam_perception.pipeline: best detection 선택: confidence=0.96
2026-08-03 21:05:43,584 [INFO] webcam_perception.pipeline: 정지 판정: stopped=False
2026-08-03 21:05:43,677 [INFO] webcam_perception: YOLO 추론 성공: detection 1건
2026-08-03 21:05:43,677 [INFO] webcam_perception.pipeline: ROI 필터링: 전체 1건 -> ROI 내 1건
2026-08-03 21:05:43,677 [INFO] webcam_perception.pipeline: best detection 선택: confidence=0.95
2026-08-03 21:05:43,677 [INFO] webcam_perception.pipeline: 정지 판정: stopped=False
2026-08-03 21:05:43,776 [INFO] webcam_perception: YOLO 추론 성공: detection 1건
2026-08-03 21:05:43,776 [INFO] webcam_perception.pipeline: ROI 필터링: 전체 1건 -> ROI 내 1건
2026-08-03 21:05:43,776 [INFO] webcam_perception.pipeline: best detection 선택: confidence=0.96
2026-08-03 21:05:43,776 [INFO] webcam_perception.pipeline: 정지 판정: stopped=False
2026-08-03 21:05:43,877 [INFO] webcam_perception: YOLO 추론 성공: detection 1건
2026-08-03 21:05:43,878 [INFO] webcam_perception.pipeline: ROI 필터링: 전체 1건 -> ROI 내 1건
2026-08-03 21:05:43,878 [INFO] webcam_perception.pipeline: best detection 선택: confidence=0.97
2026-08-03 21:05:43,878 [INFO] webcam_perception.pipeline: 정지 판정: stopped=False
2026-08-03 21:05:43,976 [INFO] webcam_perception: YOLO 추론 성공: detection 1건
2026-08-03 21:05:43,976 [INFO] webcam_perception.pipeline: ROI 필터링: 전체 1건 -> ROI 내 1건
2026-08-03 21:05:43,976 [INFO] webcam_perception.pipeline: best detection 선택: confidence=0.97
2026-08-03 21:05:43,976 [INFO] webcam_perception.pipeline: 정지 판정: stopped=False
2026-08-03 21:05:44,077 [INFO] webcam_perception: YOLO 추론 성공: detection 1건
2026-08-03 21:05:44,078 [INFO] webcam_perception.pipeline: ROI 필터링: 전체 1건 -> ROI 내 1건
2026-08-03 21:05:44,078 [INFO] webcam_perception.pipeline: best detection 선택: confidence=0.96
2026-08-03 21:05:44,078 [INFO] webcam_perception.pipeline: 정지 판정: stopped=False
2026-08-03 21:05:44,177 [INFO] webcam_perception: YOLO 추론 성공: detection 1건
2026-08-03 21:05:44,178 [INFO] webcam_perception.pipeline: ROI 필터링: 전체 1건 -> ROI 내 1건
2026-08-03 21:05:44,178 [INFO] webcam_perception.pipeline: best detection 선택: confidence=0.97
2026-08-03 21:05:44,178 [INFO] webcam_perception.pipeline: 정지 판정: stopped=False
2026-08-03 21:05:44,276 [INFO] webcam_perception: YOLO 추론 성공: detection 1건
2026-08-03 21:05:44,276 [INFO] webcam_perception.pipeline: ROI 필터링: 전체 1건 -> ROI 내 1건
2026-08-03 21:05:44,276 [INFO] webcam_perception.pipeline: best detection 선택: confidence=0.96
2026-08-03 21:05:44,276 [INFO] webcam_perception.pipeline: 정지 판정: stopped=False
2026-08-03 21:05:44,377 [INFO] webcam_perception: YOLO 추론 성공: detection 1건
2026-08-03 21:05:44,377 [INFO] webcam_perception.pipeline: ROI 필터링: 전체 1건 -> ROI 내 1건
2026-08-03 21:05:44,377 [INFO] webcam_perception.pipeline: best detection 선택: confidence=0.96
2026-08-03 21:05:44,378 [INFO] webcam_perception.pipeline: 정지 판정: stopped=False
2026-08-03 21:05:44,477 [INFO] webcam_perception: YOLO 추론 성공: detection 1건
2026-08-03 21:05:44,477 [INFO] webcam_perception.pipeline: ROI 필터링: 전체 1건 -> ROI 내 1건
2026-08-03 21:05:44,477 [INFO] webcam_perception.pipeline: best detection 선택: confidence=0.96
2026-08-03 21:05:44,478 [INFO] webcam_perception.pipeline: 정지 판정: stopped=False
2026-08-03 21:05:44,577 [INFO] webcam_perception: YOLO 추론 성공: detection 1건
2026-08-03 21:05:44,577 [INFO] webcam_perception.pipeline: ROI 필터링: 전체 1건 -> ROI 내 1건
2026-08-03 21:05:44,577 [INFO] webcam_perception.pipeline: best detection 선택: confidence=0.95
2026-08-03 21:05:44,577 [INFO] webcam_perception.pipeline: 정지 판정: stopped=False
2026-08-03 21:05:44,679 [INFO] webcam_perception: YOLO 추론 성공: detection 1건
2026-08-03 21:05:44,679 [INFO] webcam_perception.pipeline: ROI 필터링: 전체 1건 -> ROI 내 1건
2026-08-03 21:05:44,679 [INFO] webcam_perception.pipeline: best detection 선택: confidence=0.96
2026-08-03 21:05:44,679 [INFO] webcam_perception.pipeline: 정지 판정: stopped=False
2026-08-03 21:05:44,776 [INFO] webcam_perception: YOLO 추론 성공: detection 1건
2026-08-03 21:05:44,776 [INFO] webcam_perception.pipeline: ROI 필터링: 전체 1건 -> ROI 내 1건
2026-08-03 21:05:44,776 [INFO] webcam_perception.pipeline: best detection 선택: confidence=0.95
2026-08-03 21:05:44,776 [INFO] webcam_perception.pipeline: 정지 판정: stopped=False
2026-08-03 21:05:44,878 [INFO] webcam_perception: YOLO 추론 성공: detection 1건
2026-08-03 21:05:44,878 [INFO] webcam_perception.pipeline: ROI 필터링: 전체 1건 -> ROI 내 1건
2026-08-03 21:05:44,878 [INFO] webcam_perception.pipeline: best detection 선택: confidence=0.96
2026-08-03 21:05:44,878 [INFO] webcam_perception.pipeline: 정지 판정: stopped=False
2026-08-03 21:05:44,978 [INFO] webcam_perception: YOLO 추론 성공: detection 1건
2026-08-03 21:05:44,978 [INFO] webcam_perception.pipeline: ROI 필터링: 전체 1건 -> ROI 내 1건
2026-08-03 21:05:44,978 [INFO] webcam_perception.pipeline: best detection 선택: confidence=0.95
2026-08-03 21:05:44,978 [INFO] webcam_perception.pipeline: 정지 판정: stopped=False
2026-08-03 21:05:45,078 [INFO] webcam_perception: YOLO 추론 성공: detection 1건
2026-08-03 21:05:45,079 [INFO] webcam_perception.pipeline: ROI 필터링: 전체 1건 -> ROI 내 1건
2026-08-03 21:05:45,079 [INFO] webcam_perception.pipeline: best detection 선택: confidence=0.95
2026-08-03 21:05:45,079 [INFO] webcam_perception.pipeline: 정지 판정: stopped=False
2026-08-03 21:05:45,178 [INFO] webcam_perception: YOLO 추론 성공: detection 1건
2026-08-03 21:05:45,178 [INFO] webcam_perception.pipeline: ROI 필터링: 전체 1건 -> ROI 내 1건
2026-08-03 21:05:45,178 [INFO] webcam_perception.pipeline: best detection 선택: confidence=0.93
2026-08-03 21:05:45,178 [INFO] webcam_perception.pipeline: 정지 판정: stopped=False
2026-08-03 21:05:45,278 [INFO] webcam_perception: YOLO 추론 성공: detection 1건
2026-08-03 21:05:45,278 [INFO] webcam_perception.pipeline: ROI 필터링: 전체 1건 -> ROI 내 1건
2026-08-03 21:05:45,278 [INFO] webcam_perception.pipeline: best detection 선택: confidence=0.94
2026-08-03 21:05:45,278 [INFO] webcam_perception.pipeline: 정지 판정: stopped=False
2026-08-03 21:05:45,376 [INFO] webcam_perception: YOLO 추론 성공: detection 1건
2026-08-03 21:05:45,377 [INFO] webcam_perception.pipeline: ROI 필터링: 전체 1건 -> ROI 내 1건
2026-08-03 21:05:45,377 [INFO] webcam_perception.pipeline: best detection 선택: confidence=0.95
2026-08-03 21:05:45,377 [INFO] webcam_perception.pipeline: 정지 판정: stopped=False
2026-08-03 21:05:45,478 [INFO] webcam_perception: YOLO 추론 성공: detection 1건
2026-08-03 21:05:45,478 [INFO] webcam_perception.pipeline: ROI 필터링: 전체 1건 -> ROI 내 1건
2026-08-03 21:05:45,478 [INFO] webcam_perception.pipeline: best detection 선택: confidence=0.95
2026-08-03 21:05:45,479 [INFO] webcam_perception.pipeline: 정지 판정: stopped=False
2026-08-03 21:05:45,576 [INFO] webcam_perception: YOLO 추론 성공: detection 1건
2026-08-03 21:05:45,577 [INFO] webcam_perception.pipeline: ROI 필터링: 전체 1건 -> ROI 내 1건
2026-08-03 21:05:45,577 [INFO] webcam_perception.pipeline: best detection 선택: confidence=0.95
2026-08-03 21:05:45,577 [INFO] webcam_perception.pipeline: 정지 판정: stopped=False
2026-08-03 21:05:45,677 [INFO] webcam_perception: YOLO 추론 성공: detection 1건
2026-08-03 21:05:45,677 [INFO] webcam_perception.pipeline: ROI 필터링: 전체 1건 -> ROI 내 1건
2026-08-03 21:05:45,678 [INFO] webcam_perception.pipeline: best detection 선택: confidence=0.95
2026-08-03 21:05:45,678 [INFO] webcam_perception.pipeline: 정지 판정: stopped=False
2026-08-03 21:05:45,777 [INFO] webcam_perception: YOLO 추론 성공: detection 1건
2026-08-03 21:05:45,777 [INFO] webcam_perception.pipeline: ROI 필터링: 전체 1건 -> ROI 내 1건
2026-08-03 21:05:45,777 [INFO] webcam_perception.pipeline: best detection 선택: confidence=0.94
2026-08-03 21:05:45,778 [INFO] webcam_perception.pipeline: 정지 판정: stopped=False
2026-08-03 21:05:45,877 [INFO] webcam_perception: YOLO 추론 성공: detection 1건
2026-08-03 21:05:45,878 [INFO] webcam_perception.pipeline: ROI 필터링: 전체 1건 -> ROI 내 1건
2026-08-03 21:05:45,878 [INFO] webcam_perception.pipeline: best detection 선택: confidence=0.94
2026-08-03 21:05:45,878 [INFO] webcam_perception.pipeline: 정지 판정: stopped=False
2026-08-03 21:05:45,977 [INFO] webcam_perception: YOLO 추론 성공: detection 1건
2026-08-03 21:05:45,978 [INFO] webcam_perception.pipeline: ROI 필터링: 전체 1건 -> ROI 내 1건
2026-08-03 21:05:45,978 [INFO] webcam_perception.pipeline: best detection 선택: confidence=0.95
2026-08-03 21:05:45,978 [INFO] webcam_perception.pipeline: 정지 판정: stopped=False
2026-08-03 21:05:46,078 [INFO] webcam_perception: YOLO 추론 성공: detection 1건
2026-08-03 21:05:46,078 [INFO] webcam_perception.pipeline: ROI 필터링: 전체 1건 -> ROI 내 1건
2026-08-03 21:05:46,079 [INFO] webcam_perception.pipeline: best detection 선택: confidence=0.95
2026-08-03 21:05:46,079 [INFO] webcam_perception.pipeline: 정지 판정: stopped=False
2026-08-03 21:05:46,176 [INFO] webcam_perception: YOLO 추론 성공: detection 1건
2026-08-03 21:05:46,176 [INFO] webcam_perception.pipeline: ROI 필터링: 전체 1건 -> ROI 내 1건
2026-08-03 21:05:46,177 [INFO] webcam_perception.pipeline: best detection 선택: confidence=0.95
2026-08-03 21:05:46,177 [INFO] webcam_perception.pipeline: 정지 판정: stopped=False
2026-08-03 21:05:46,278 [INFO] webcam_perception: YOLO 추론 성공: detection 3건
2026-08-03 21:05:46,278 [INFO] webcam_perception.pipeline: ROI 필터링: 전체 3건 -> ROI 내 2건
2026-08-03 21:05:46,278 [INFO] webcam_perception.pipeline: best detection 선택: confidence=0.95
2026-08-03 21:05:46,278 [INFO] webcam_perception.pipeline: 정지 판정: stopped=False
2026-08-03 21:05:46,377 [INFO] webcam_perception: YOLO 추론 성공: detection 2건
2026-08-03 21:05:46,378 [INFO] webcam_perception.pipeline: ROI 필터링: 전체 2건 -> ROI 내 1건
2026-08-03 21:05:46,378 [INFO] webcam_perception.pipeline: best detection 선택: confidence=0.95
2026-08-03 21:05:46,378 [INFO] webcam_perception.pipeline: 정지 판정: stopped=False
2026-08-03 21:05:46,480 [INFO] webcam_perception: YOLO 추론 성공: detection 2건
2026-08-03 21:05:46,480 [INFO] webcam_perception.pipeline: ROI 필터링: 전체 2건 -> ROI 내 1건
2026-08-03 21:05:46,480 [INFO] webcam_perception.pipeline: best detection 선택: confidence=0.95
2026-08-03 21:05:46,480 [INFO] webcam_perception.pipeline: 정지 판정: stopped=False
2026-08-03 21:05:46,578 [INFO] webcam_perception: YOLO 추론 성공: detection 3건
2026-08-03 21:05:46,578 [INFO] webcam_perception.pipeline: ROI 필터링: 전체 3건 -> ROI 내 2건
2026-08-03 21:05:46,578 [INFO] webcam_perception.pipeline: best detection 선택: confidence=0.97
2026-08-03 21:05:46,578 [INFO] webcam_perception.pipeline: 정지 판정: stopped=False
2026-08-03 21:05:46,676 [INFO] webcam_perception: YOLO 추론 성공: detection 4건
2026-08-03 21:05:46,677 [INFO] webcam_perception.pipeline: ROI 필터링: 전체 4건 -> ROI 내 3건
2026-08-03 21:05:46,677 [INFO] webcam_perception.pipeline: best detection 선택: confidence=0.96
2026-08-03 21:05:46,677 [INFO] webcam_perception.pipeline: 정지 판정: stopped=False
2026-08-03 21:05:46,777 [INFO] webcam_perception: YOLO 추론 성공: detection 2건
2026-08-03 21:05:46,778 [INFO] webcam_perception.pipeline: ROI 필터링: 전체 2건 -> ROI 내 1건
2026-08-03 21:05:46,778 [INFO] webcam_perception.pipeline: best detection 선택: confidence=0.96
2026-08-03 21:05:46,778 [INFO] webcam_perception.pipeline: 정지 판정: stopped=False
2026-08-03 21:05:46,876 [INFO] webcam_perception: YOLO 추론 성공: detection 3건
2026-08-03 21:05:46,877 [INFO] webcam_perception.pipeline: ROI 필터링: 전체 3건 -> ROI 내 2건
2026-08-03 21:05:46,877 [INFO] webcam_perception.pipeline: best detection 선택: confidence=0.95
2026-08-03 21:05:46,877 [INFO] webcam_perception.pipeline: 정지 판정: stopped=False
2026-08-03 21:05:46,976 [INFO] webcam_perception: YOLO 추론 성공: detection 2건
2026-08-03 21:05:46,976 [INFO] webcam_perception.pipeline: ROI 필터링: 전체 2건 -> ROI 내 1건
2026-08-03 21:05:46,976 [INFO] webcam_perception.pipeline: best detection 선택: confidence=0.95
2026-08-03 21:05:46,976 [INFO] webcam_perception.pipeline: 정지 판정: stopped=False
2026-08-03 21:05:47,077 [INFO] webcam_perception: YOLO 추론 성공: detection 4건
2026-08-03 21:05:47,077 [INFO] webcam_perception.pipeline: ROI 필터링: 전체 4건 -> ROI 내 2건
2026-08-03 21:05:47,077 [INFO] webcam_perception.pipeline: best detection 선택: confidence=0.96
2026-08-03 21:05:47,077 [INFO] webcam_perception.pipeline: 정지 판정: stopped=False
2026-08-03 21:05:47,178 [INFO] webcam_perception: YOLO 추론 성공: detection 5건
2026-08-03 21:05:47,178 [INFO] webcam_perception.pipeline: ROI 필터링: 전체 5건 -> ROI 내 2건
2026-08-03 21:05:47,178 [INFO] webcam_perception.pipeline: ROI 내 임계값(0.75) 이상 detection 없음
2026-08-03 21:05:47,278 [INFO] webcam_perception: YOLO 추론 성공: detection 2건
2026-08-03 21:05:47,278 [INFO] webcam_perception.pipeline: ROI 필터링: 전체 2건 -> ROI 내 0건
2026-08-03 21:05:47,279 [INFO] webcam_perception.pipeline: ROI 내 임계값(0.75) 이상 detection 없음
2026-08-03 21:05:47,378 [INFO] webcam_perception: YOLO 추론 성공: detection 4건
2026-08-03 21:05:47,379 [INFO] webcam_perception.pipeline: ROI 필터링: 전체 4건 -> ROI 내 1건
2026-08-03 21:05:47,379 [INFO] webcam_perception.pipeline: best detection 선택: confidence=0.91
2026-08-03 21:05:47,379 [INFO] webcam_perception.pipeline: 정지 판정: stopped=False
2026-08-03 21:05:47,477 [INFO] webcam_perception: YOLO 추론 성공: detection 3건
2026-08-03 21:05:47,478 [INFO] webcam_perception.pipeline: ROI 필터링: 전체 3건 -> ROI 내 1건
2026-08-03 21:05:47,478 [INFO] webcam_perception.pipeline: ROI 내 임계값(0.75) 이상 detection 없음
2026-08-03 21:05:47,578 [INFO] webcam_perception: YOLO 추론 성공: detection 1건
2026-08-03 21:05:47,578 [INFO] webcam_perception.pipeline: ROI 필터링: 전체 1건 -> ROI 내 0건
2026-08-03 21:05:47,578 [INFO] webcam_perception.pipeline: ROI 내 임계값(0.75) 이상 detection 없음
2026-08-03 21:05:47,677 [INFO] webcam_perception: YOLO 추론 성공: detection 2건
2026-08-03 21:05:47,677 [INFO] webcam_perception.pipeline: ROI 필터링: 전체 2건 -> ROI 내 0건
2026-08-03 21:05:47,677 [INFO] webcam_perception.pipeline: ROI 내 임계값(0.75) 이상 detection 없음
2026-08-03 21:05:47,777 [INFO] webcam_perception: YOLO 추론 성공: detection 2건
2026-08-03 21:05:47,777 [INFO] webcam_perception.pipeline: ROI 필터링: 전체 2건 -> ROI 내 0건
2026-08-03 21:05:47,777 [INFO] webcam_perception.pipeline: ROI 내 임계값(0.75) 이상 detection 없음
2026-08-03 21:05:47,877 [INFO] webcam_perception: YOLO 추론 성공: detection 2건
2026-08-03 21:05:47,877 [INFO] webcam_perception.pipeline: ROI 필터링: 전체 2건 -> ROI 내 0건
2026-08-03 21:05:47,877 [INFO] webcam_perception.pipeline: ROI 내 임계값(0.75) 이상 detection 없음
2026-08-03 21:05:47,977 [INFO] webcam_perception: YOLO 추론 성공: detection 3건
2026-08-03 21:05:47,977 [INFO] webcam_perception.pipeline: ROI 필터링: 전체 3건 -> ROI 내 0건
2026-08-03 21:05:47,977 [INFO] webcam_perception.pipeline: ROI 내 임계값(0.75) 이상 detection 없음
2026-08-03 21:05:48,076 [INFO] webcam_perception: YOLO 추론 성공: detection 1건
2026-08-03 21:05:48,077 [INFO] webcam_perception.pipeline: ROI 필터링: 전체 1건 -> ROI 내 0건
2026-08-03 21:05:48,077 [INFO] webcam_perception.pipeline: ROI 내 임계값(0.75) 이상 detection 없음
2026-08-03 21:05:48,179 [INFO] webcam_perception: YOLO 추론 성공: detection 3건
2026-08-03 21:05:48,180 [INFO] webcam_perception.pipeline: ROI 필터링: 전체 3건 -> ROI 내 1건
2026-08-03 21:05:48,180 [INFO] webcam_perception.pipeline: ROI 내 임계값(0.75) 이상 detection 없음
2026-08-03 21:05:48,278 [INFO] webcam_perception: YOLO 추론 성공: detection 2건
2026-08-03 21:05:48,278 [INFO] webcam_perception.pipeline: ROI 필터링: 전체 2건 -> ROI 내 0건
2026-08-03 21:05:48,278 [INFO] webcam_perception.pipeline: ROI 내 임계값(0.75) 이상 detection 없음
2026-08-03 21:05:48,379 [INFO] webcam_perception: YOLO 추론 성공: detection 2건
2026-08-03 21:05:48,379 [INFO] webcam_perception.pipeline: ROI 필터링: 전체 2건 -> ROI 내 0건
2026-08-03 21:05:48,379 [INFO] webcam_perception.pipeline: ROI 내 임계값(0.75) 이상 detection 없음
2026-08-03 21:05:48,478 [INFO] webcam_perception: YOLO 추론 성공: detection 2건
2026-08-03 21:05:48,478 [INFO] webcam_perception.pipeline: ROI 필터링: 전체 2건 -> ROI 내 0건
2026-08-03 21:05:48,478 [INFO] webcam_perception.pipeline: ROI 내 임계값(0.75) 이상 detection 없음
2026-08-03 21:05:48,576 [INFO] webcam_perception: YOLO 추론 성공: detection 2건
2026-08-03 21:05:48,576 [INFO] webcam_perception.pipeline: ROI 필터링: 전체 2건 -> ROI 내 0건
2026-08-03 21:05:48,577 [INFO] webcam_perception.pipeline: ROI 내 임계값(0.75) 이상 detection 없음
2026-08-03 21:05:48,677 [INFO] webcam_perception: YOLO 추론 성공: detection 2건
2026-08-03 21:05:48,677 [INFO] webcam_perception.pipeline: ROI 필터링: 전체 2건 -> ROI 내 0건
2026-08-03 21:05:48,677 [INFO] webcam_perception.pipeline: ROI 내 임계값(0.75) 이상 detection 없음
2026-08-03 21:05:48,777 [INFO] webcam_perception: YOLO 추론 성공: detection 3건
2026-08-03 21:05:48,777 [INFO] webcam_perception.pipeline: ROI 필터링: 전체 3건 -> ROI 내 0건
2026-08-03 21:05:48,777 [INFO] webcam_perception.pipeline: ROI 내 임계값(0.75) 이상 detection 없음
2026-08-03 21:05:48,878 [INFO] webcam_perception: YOLO 추론 성공: detection 2건
2026-08-03 21:05:48,878 [INFO] webcam_perception.pipeline: ROI 필터링: 전체 2건 -> ROI 내 0건
2026-08-03 21:05:48,878 [INFO] webcam_perception.pipeline: ROI 내 임계값(0.75) 이상 detection 없음
2026-08-03 21:05:48,976 [INFO] webcam_perception: YOLO 추론 성공: detection 2건
2026-08-03 21:05:48,976 [INFO] webcam_perception.pipeline: ROI 필터링: 전체 2건 -> ROI 내 0건
2026-08-03 21:05:48,977 [INFO] webcam_perception.pipeline: ROI 내 임계값(0.75) 이상 detection 없음
2026-08-03 21:05:49,077 [INFO] webcam_perception: YOLO 추론 성공: detection 2건
2026-08-03 21:05:49,077 [INFO] webcam_perception.pipeline: ROI 필터링: 전체 2건 -> ROI 내 0건
2026-08-03 21:05:49,078 [INFO] webcam_perception.pipeline: ROI 내 임계값(0.75) 이상 detection 없음
2026-08-03 21:05:49,176 [INFO] webcam_perception: YOLO 추론 성공: detection 3건
2026-08-03 21:05:49,176 [INFO] webcam_perception.pipeline: ROI 필터링: 전체 3건 -> ROI 내 0건
2026-08-03 21:05:49,176 [INFO] webcam_perception.pipeline: ROI 내 임계값(0.75) 이상 detection 없음
2026-08-03 21:05:49,277 [INFO] webcam_perception: YOLO 추론 성공: detection 3건
2026-08-03 21:05:49,277 [INFO] webcam_perception.pipeline: ROI 필터링: 전체 3건 -> ROI 내 0건
2026-08-03 21:05:49,277 [INFO] webcam_perception.pipeline: ROI 내 임계값(0.75) 이상 detection 없음
2026-08-03 21:05:49,377 [INFO] webcam_perception: YOLO 추론 성공: detection 3건
2026-08-03 21:05:49,377 [INFO] webcam_perception.pipeline: ROI 필터링: 전체 3건 -> ROI 내 0건
2026-08-03 21:05:49,377 [INFO] webcam_perception.pipeline: ROI 내 임계값(0.75) 이상 detection 없음
2026-08-03 21:05:49,477 [INFO] webcam_perception: YOLO 추론 성공: detection 2건
2026-08-03 21:05:49,477 [INFO] webcam_perception.pipeline: ROI 필터링: 전체 2건 -> ROI 내 0건
2026-08-03 21:05:49,477 [INFO] webcam_perception.pipeline: ROI 내 임계값(0.75) 이상 detection 없음
2026-08-03 21:05:49,576 [INFO] webcam_perception: YOLO 추론 성공: detection 2건
2026-08-03 21:05:49,577 [INFO] webcam_perception.pipeline: ROI 필터링: 전체 2건 -> ROI 내 0건
2026-08-03 21:05:49,577 [INFO] webcam_perception.pipeline: ROI 내 임계값(0.75) 이상 detection 없음
2026-08-03 21:05:49,678 [INFO] webcam_perception: YOLO 추론 성공: detection 2건
2026-08-03 21:05:49,679 [INFO] webcam_perception.pipeline: ROI 필터링: 전체 2건 -> ROI 내 0건
2026-08-03 21:05:49,679 [INFO] webcam_perception.pipeline: ROI 내 임계값(0.75) 이상 detection 없음
2026-08-03 21:05:49,778 [INFO] webcam_perception: YOLO 추론 성공: detection 3건
2026-08-03 21:05:49,778 [INFO] webcam_perception.pipeline: ROI 필터링: 전체 3건 -> ROI 내 0건
2026-08-03 21:05:49,778 [INFO] webcam_perception.pipeline: ROI 내 임계값(0.75) 이상 detection 없음
2026-08-03 21:05:49,879 [INFO] webcam_perception: YOLO 추론 성공: detection 4건
2026-08-03 21:05:49,880 [INFO] webcam_perception.pipeline: ROI 필터링: 전체 4건 -> ROI 내 1건
2026-08-03 21:05:49,880 [INFO] webcam_perception.pipeline: ROI 내 임계값(0.75) 이상 detection 없음
2026-08-03 21:05:49,980 [INFO] webcam_perception: YOLO 추론 성공: detection 2건
2026-08-03 21:05:49,980 [INFO] webcam_perception.pipeline: ROI 필터링: 전체 2건 -> ROI 내 0건
2026-08-03 21:05:49,980 [INFO] webcam_perception.pipeline: ROI 내 임계값(0.75) 이상 detection 없음
2026-08-03 21:05:50,076 [INFO] webcam_perception: YOLO 추론 성공: detection 2건
2026-08-03 21:05:50,077 [INFO] webcam_perception.pipeline: ROI 필터링: 전체 2건 -> ROI 내 0건
2026-08-03 21:05:50,077 [INFO] webcam_perception.pipeline: ROI 내 임계값(0.75) 이상 detection 없음
2026-08-03 21:05:50,176 [INFO] webcam_perception: YOLO 추론 성공: detection 2건
2026-08-03 21:05:50,176 [INFO] webcam_perception.pipeline: ROI 필터링: 전체 2건 -> ROI 내 0건
2026-08-03 21:05:50,176 [INFO] webcam_perception.pipeline: ROI 내 임계값(0.75) 이상 detection 없음
2026-08-03 21:05:50,277 [INFO] webcam_perception: YOLO 추론 성공: detection 2건
2026-08-03 21:05:50,277 [INFO] webcam_perception.pipeline: ROI 필터링: 전체 2건 -> ROI 내 0건
2026-08-03 21:05:50,277 [INFO] webcam_perception.pipeline: ROI 내 임계값(0.75) 이상 detection 없음
2026-08-03 21:05:50,378 [INFO] webcam_perception: YOLO 추론 성공: detection 2건
2026-08-03 21:05:50,378 [INFO] webcam_perception.pipeline: ROI 필터링: 전체 2건 -> ROI 내 0건
2026-08-03 21:05:50,378 [INFO] webcam_perception.pipeline: ROI 내 임계값(0.75) 이상 detection 없음
2026-08-03 21:05:50,478 [INFO] webcam_perception: YOLO 추론 성공: detection 2건
2026-08-03 21:05:50,478 [INFO] webcam_perception.pipeline: ROI 필터링: 전체 2건 -> ROI 내 0건
2026-08-03 21:05:50,478 [INFO] webcam_perception.pipeline: ROI 내 임계값(0.75) 이상 detection 없음
2026-08-03 21:05:50,577 [INFO] webcam_perception: YOLO 추론 성공: detection 2건
2026-08-03 21:05:50,578 [INFO] webcam_perception.pipeline: ROI 필터링: 전체 2건 -> ROI 내 0건
2026-08-03 21:05:50,578 [INFO] webcam_perception.pipeline: ROI 내 임계값(0.75) 이상 detection 없음
2026-08-03 21:05:50,676 [INFO] webcam_perception: YOLO 추론 성공: detection 2건
2026-08-03 21:05:50,677 [INFO] webcam_perception.pipeline: ROI 필터링: 전체 2건 -> ROI 내 0건
2026-08-03 21:05:50,677 [INFO] webcam_perception.pipeline: ROI 내 임계값(0.75) 이상 detection 없음
2026-08-03 21:05:50,777 [INFO] webcam_perception: YOLO 추론 성공: detection 2건
2026-08-03 21:05:50,778 [INFO] webcam_perception.pipeline: ROI 필터링: 전체 2건 -> ROI 내 0건
2026-08-03 21:05:50,778 [INFO] webcam_perception.pipeline: ROI 내 임계값(0.75) 이상 detection 없음
2026-08-03 21:05:50,877 [INFO] webcam_perception: YOLO 추론 성공: detection 2건
2026-08-03 21:05:50,877 [INFO] webcam_perception.pipeline: ROI 필터링: 전체 2건 -> ROI 내 0건
2026-08-03 21:05:50,878 [INFO] webcam_perception.pipeline: ROI 내 임계값(0.75) 이상 detection 없음
2026-08-03 21:05:50,976 [INFO] webcam_perception: YOLO 추론 성공: detection 2건
2026-08-03 21:05:50,976 [INFO] webcam_perception.pipeline: ROI 필터링: 전체 2건 -> ROI 내 0건
2026-08-03 21:05:50,977 [INFO] webcam_perception.pipeline: ROI 내 임계값(0.75) 이상 detection 없음
2026-08-03 21:05:51,077 [INFO] webcam_perception: YOLO 추론 성공: detection 2건
2026-08-03 21:05:51,077 [INFO] webcam_perception.pipeline: ROI 필터링: 전체 2건 -> ROI 내 0건
2026-08-03 21:05:51,077 [INFO] webcam_perception.pipeline: ROI 내 임계값(0.75) 이상 detection 없음
2026-08-03 21:05:51,177 [INFO] webcam_perception: YOLO 추론 성공: detection 2건
2026-08-03 21:05:51,178 [INFO] webcam_perception.pipeline: ROI 필터링: 전체 2건 -> ROI 내 0건
2026-08-03 21:05:51,178 [INFO] webcam_perception.pipeline: ROI 내 임계값(0.75) 이상 detection 없음
2026-08-03 21:05:51,278 [INFO] webcam_perception: YOLO 추론 성공: detection 2건
2026-08-03 21:05:51,278 [INFO] webcam_perception.pipeline: ROI 필터링: 전체 2건 -> ROI 내 0건
2026-08-03 21:05:51,278 [INFO] webcam_perception.pipeline: ROI 내 임계값(0.75) 이상 detection 없음
2026-08-03 21:05:51,377 [INFO] webcam_perception: YOLO 추론 성공: detection 2건
2026-08-03 21:05:51,378 [INFO] webcam_perception.pipeline: ROI 필터링: 전체 2건 -> ROI 내 0건
2026-08-03 21:05:51,378 [INFO] webcam_perception.pipeline: ROI 내 임계값(0.75) 이상 detection 없음
2026-08-03 21:05:51,478 [INFO] webcam_perception: YOLO 추론 성공: detection 2건
2026-08-03 21:05:51,478 [INFO] webcam_perception.pipeline: ROI 필터링: 전체 2건 -> ROI 내 0건
2026-08-03 21:05:51,478 [INFO] webcam_perception.pipeline: ROI 내 임계값(0.75) 이상 detection 없음
2026-08-03 21:05:51,578 [INFO] webcam_perception: YOLO 추론 성공: detection 2건
2026-08-03 21:05:51,579 [INFO] webcam_perception.pipeline: ROI 필터링: 전체 2건 -> ROI 내 0건
2026-08-03 21:05:51,579 [INFO] webcam_perception.pipeline: ROI 내 임계값(0.75) 이상 detection 없음
2026-08-03 21:05:51,677 [INFO] webcam_perception: YOLO 추론 성공: detection 3건
2026-08-03 21:05:51,678 [INFO] webcam_perception.pipeline: ROI 필터링: 전체 3건 -> ROI 내 1건
2026-08-03 21:05:51,678 [INFO] webcam_perception.pipeline: ROI 내 임계값(0.75) 이상 detection 없음
2026-08-03 21:05:51,777 [INFO] webcam_perception: YOLO 추론 성공: detection 3건
2026-08-03 21:05:51,777 [INFO] webcam_perception.pipeline: ROI 필터링: 전체 3건 -> ROI 내 1건
2026-08-03 21:05:51,777 [INFO] webcam_perception.pipeline: ROI 내 임계값(0.75) 이상 detection 없음
2026-08-03 21:05:51,877 [INFO] webcam_perception: YOLO 추론 성공: detection 2건
2026-08-03 21:05:51,878 [INFO] webcam_perception.pipeline: ROI 필터링: 전체 2건 -> ROI 내 0건
2026-08-03 21:05:51,878 [INFO] webcam_perception.pipeline: ROI 내 임계값(0.75) 이상 detection 없음
2026-08-03 21:05:51,982 [INFO] webcam_perception: YOLO 추론 성공: detection 2건
2026-08-03 21:05:51,982 [INFO] webcam_perception.pipeline: ROI 필터링: 전체 2건 -> ROI 내 0건
2026-08-03 21:05:51,983 [INFO] webcam_perception.pipeline: ROI 내 임계값(0.75) 이상 detection 없음
2026-08-03 21:05:52,078 [INFO] webcam_perception: YOLO 추론 성공: detection 3건
2026-08-03 21:05:52,079 [INFO] webcam_perception.pipeline: ROI 필터링: 전체 3건 -> ROI 내 0건
2026-08-03 21:05:52,079 [INFO] webcam_perception.pipeline: ROI 내 임계값(0.75) 이상 detection 없음
2026-08-03 21:05:52,176 [INFO] webcam_perception: YOLO 추론 성공: detection 2건
2026-08-03 21:05:52,176 [INFO] webcam_perception.pipeline: ROI 필터링: 전체 2건 -> ROI 내 0건
2026-08-03 21:05:52,176 [INFO] webcam_perception.pipeline: ROI 내 임계값(0.75) 이상 detection 없음
2026-08-03 21:05:52,276 [INFO] webcam_perception: YOLO 추론 성공: detection 2건
2026-08-03 21:05:52,276 [INFO] webcam_perception.pipeline: ROI 필터링: 전체 2건 -> ROI 내 0건
2026-08-03 21:05:52,276 [INFO] webcam_perception.pipeline: ROI 내 임계값(0.75) 이상 detection 없음
2026-08-03 21:05:52,379 [INFO] webcam_perception: YOLO 추론 성공: detection 2건
2026-08-03 21:05:52,379 [INFO] webcam_perception.pipeline: ROI 필터링: 전체 2건 -> ROI 내 0건
2026-08-03 21:05:52,379 [INFO] webcam_perception.pipeline: ROI 내 임계값(0.75) 이상 detection 없음
2026-08-03 21:05:52,478 [INFO] webcam_perception: YOLO 추론 성공: detection 3건
2026-08-03 21:05:52,478 [INFO] webcam_perception.pipeline: ROI 필터링: 전체 3건 -> ROI 내 1건
2026-08-03 21:05:52,478 [INFO] webcam_perception.pipeline: ROI 내 임계값(0.75) 이상 detection 없음
2026-08-03 21:05:52,579 [INFO] webcam_perception: YOLO 추론 성공: detection 2건
2026-08-03 21:05:52,579 [INFO] webcam_perception.pipeline: ROI 필터링: 전체 2건 -> ROI 내 0건
2026-08-03 21:05:52,579 [INFO] webcam_perception.pipeline: ROI 내 임계값(0.75) 이상 detection 없음
2026-08-03 21:05:52,678 [INFO] webcam_perception: YOLO 추론 성공: detection 2건
2026-08-03 21:05:52,678 [INFO] webcam_perception.pipeline: ROI 필터링: 전체 2건 -> ROI 내 0건
2026-08-03 21:05:52,679 [INFO] webcam_perception.pipeline: ROI 내 임계값(0.75) 이상 detection 없음
2026-08-03 21:05:52,781 [INFO] webcam_perception: YOLO 추론 성공: detection 2건
2026-08-03 21:05:52,781 [INFO] webcam_perception.pipeline: ROI 필터링: 전체 2건 -> ROI 내 0건
2026-08-03 21:05:52,781 [INFO] webcam_perception.pipeline: ROI 내 임계값(0.75) 이상 detection 없음
2026-08-03 21:05:52,879 [INFO] webcam_perception: YOLO 추론 성공: detection 2건
2026-08-03 21:05:52,880 [INFO] webcam_perception.pipeline: ROI 필터링: 전체 2건 -> ROI 내 0건
2026-08-03 21:05:52,880 [INFO] webcam_perception.pipeline: ROI 내 임계값(0.75) 이상 detection 없음
2026-08-03 21:05:52,977 [INFO] webcam_perception: YOLO 추론 성공: detection 1건
2026-08-03 21:05:52,977 [INFO] webcam_perception.pipeline: ROI 필터링: 전체 1건 -> ROI 내 0건
2026-08-03 21:05:52,977 [INFO] webcam_perception.pipeline: ROI 내 임계값(0.75) 이상 detection 없음
2026-08-03 21:05:53,080 [INFO] webcam_perception: YOLO 추론 성공: detection 2건
2026-08-03 21:05:53,080 [INFO] webcam_perception.pipeline: ROI 필터링: 전체 2건 -> ROI 내 0건
2026-08-03 21:05:53,080 [INFO] webcam_perception.pipeline: ROI 내 임계값(0.75) 이상 detection 없음
2026-08-03 21:05:53,178 [INFO] webcam_perception: YOLO 추론 성공: detection 2건
2026-08-03 21:05:53,178 [INFO] webcam_perception.pipeline: ROI 필터링: 전체 2건 -> ROI 내 0건
2026-08-03 21:05:53,178 [INFO] webcam_perception.pipeline: ROI 내 임계값(0.75) 이상 detection 없음
2026-08-03 21:05:53,278 [INFO] webcam_perception: YOLO 추론 성공: detection 2건
2026-08-03 21:05:53,278 [INFO] webcam_perception.pipeline: ROI 필터링: 전체 2건 -> ROI 내 0건
2026-08-03 21:05:53,278 [INFO] webcam_perception.pipeline: ROI 내 임계값(0.75) 이상 detection 없음
2026-08-03 21:05:53,379 [INFO] webcam_perception: YOLO 추론 성공: detection 2건
2026-08-03 21:05:53,379 [INFO] webcam_perception.pipeline: ROI 필터링: 전체 2건 -> ROI 내 0건
2026-08-03 21:05:53,379 [INFO] webcam_perception.pipeline: ROI 내 임계값(0.75) 이상 detection 없음
2026-08-03 21:05:53,477 [INFO] webcam_perception: YOLO 추론 성공: detection 2건
2026-08-03 21:05:53,477 [INFO] webcam_perception.pipeline: ROI 필터링: 전체 2건 -> ROI 내 0건
2026-08-03 21:05:53,478 [INFO] webcam_perception.pipeline: ROI 내 임계값(0.75) 이상 detection 없음
2026-08-03 21:05:53,582 [INFO] webcam_perception: YOLO 추론 성공: detection 2건
2026-08-03 21:05:53,583 [INFO] webcam_perception.pipeline: ROI 필터링: 전체 2건 -> ROI 내 0건
2026-08-03 21:05:53,583 [INFO] webcam_perception.pipeline: ROI 내 임계값(0.75) 이상 detection 없음
2026-08-03 21:05:53,680 [INFO] webcam_perception: YOLO 추론 성공: detection 2건
2026-08-03 21:05:53,681 [INFO] webcam_perception.pipeline: ROI 필터링: 전체 2건 -> ROI 내 0건
2026-08-03 21:05:53,682 [INFO] webcam_perception.pipeline: ROI 내 임계값(0.75) 이상 detection 없음
2026-08-03 21:05:53,777 [INFO] webcam_perception: YOLO 추론 성공: detection 2건
2026-08-03 21:05:53,778 [INFO] webcam_perception.pipeline: ROI 필터링: 전체 2건 -> ROI 내 0건
2026-08-03 21:05:53,778 [INFO] webcam_perception.pipeline: ROI 내 임계값(0.75) 이상 detection 없음
2026-08-03 21:05:53,876 [INFO] webcam_perception: YOLO 추론 성공: detection 2건
2026-08-03 21:05:53,876 [INFO] webcam_perception.pipeline: ROI 필터링: 전체 2건 -> ROI 내 0건
2026-08-03 21:05:53,876 [INFO] webcam_perception.pipeline: ROI 내 임계값(0.75) 이상 detection 없음
2026-08-03 21:05:53,977 [INFO] webcam_perception: YOLO 추론 성공: detection 2건
2026-08-03 21:05:53,977 [INFO] webcam_perception.pipeline: ROI 필터링: 전체 2건 -> ROI 내 0건
2026-08-03 21:05:53,978 [INFO] webcam_perception.pipeline: ROI 내 임계값(0.75) 이상 detection 없음
2026-08-03 21:05:54,078 [INFO] webcam_perception: YOLO 추론 성공: detection 3건
2026-08-03 21:05:54,078 [INFO] webcam_perception.pipeline: ROI 필터링: 전체 3건 -> ROI 내 1건
2026-08-03 21:05:54,078 [INFO] webcam_perception.pipeline: ROI 내 임계값(0.75) 이상 detection 없음
2026-08-03 21:05:54,177 [INFO] webcam_perception: YOLO 추론 성공: detection 2건
2026-08-03 21:05:54,177 [INFO] webcam_perception.pipeline: ROI 필터링: 전체 2건 -> ROI 내 0건
2026-08-03 21:05:54,177 [INFO] webcam_perception.pipeline: ROI 내 임계값(0.75) 이상 detection 없음
2026-08-03 21:05:54,277 [INFO] webcam_perception: YOLO 추론 성공: detection 2건
2026-08-03 21:05:54,278 [INFO] webcam_perception.pipeline: ROI 필터링: 전체 2건 -> ROI 내 0건
2026-08-03 21:05:54,278 [INFO] webcam_perception.pipeline: ROI 내 임계값(0.75) 이상 detection 없음
2026-08-03 21:05:54,376 [INFO] webcam_perception: YOLO 추론 성공: detection 3건
2026-08-03 21:05:54,377 [INFO] webcam_perception.pipeline: ROI 필터링: 전체 3건 -> ROI 내 1건
2026-08-03 21:05:54,377 [INFO] webcam_perception.pipeline: ROI 내 임계값(0.75) 이상 detection 없음
2026-08-03 21:05:54,478 [INFO] webcam_perception: YOLO 추론 성공: detection 2건
2026-08-03 21:05:54,479 [INFO] webcam_perception.pipeline: ROI 필터링: 전체 2건 -> ROI 내 0건
2026-08-03 21:05:54,479 [INFO] webcam_perception.pipeline: ROI 내 임계값(0.75) 이상 detection 없음
2026-08-03 21:05:54,577 [INFO] webcam_perception: YOLO 추론 성공: detection 2건
2026-08-03 21:05:54,578 [INFO] webcam_perception.pipeline: ROI 필터링: 전체 2건 -> ROI 내 0건
2026-08-03 21:05:54,578 [INFO] webcam_perception.pipeline: ROI 내 임계값(0.75) 이상 detection 없음
2026-08-03 21:05:54,678 [INFO] webcam_perception: YOLO 추론 성공: detection 2건
2026-08-03 21:05:54,678 [INFO] webcam_perception.pipeline: ROI 필터링: 전체 2건 -> ROI 내 0건
2026-08-03 21:05:54,678 [INFO] webcam_perception.pipeline: ROI 내 임계값(0.75) 이상 detection 없음
2026-08-03 21:05:54,777 [INFO] webcam_perception: YOLO 추론 성공: detection 2건
2026-08-03 21:05:54,777 [INFO] webcam_perception.pipeline: ROI 필터링: 전체 2건 -> ROI 내 0건
2026-08-03 21:05:54,777 [INFO] webcam_perception.pipeline: ROI 내 임계값(0.75) 이상 detection 없음
2026-08-03 21:05:54,878 [INFO] webcam_perception: YOLO 추론 성공: detection 2건
2026-08-03 21:05:54,878 [INFO] webcam_perception.pipeline: ROI 필터링: 전체 2건 -> ROI 내 0건
2026-08-03 21:05:54,878 [INFO] webcam_perception.pipeline: ROI 내 임계값(0.75) 이상 detection 없음
2026-08-03 21:05:54,976 [INFO] webcam_perception: YOLO 추론 성공: detection 2건
2026-08-03 21:05:54,977 [INFO] webcam_perception.pipeline: ROI 필터링: 전체 2건 -> ROI 내 0건
2026-08-03 21:05:54,977 [INFO] webcam_perception.pipeline: ROI 내 임계값(0.75) 이상 detection 없음
2026-08-03 21:05:55,077 [INFO] webcam_perception: YOLO 추론 성공: detection 2건
2026-08-03 21:05:55,077 [INFO] webcam_perception.pipeline: ROI 필터링: 전체 2건 -> ROI 내 0건
2026-08-03 21:05:55,077 [INFO] webcam_perception.pipeline: ROI 내 임계값(0.75) 이상 detection 없음
2026-08-03 21:05:55,178 [INFO] webcam_perception: YOLO 추론 성공: detection 2건
2026-08-03 21:05:55,178 [INFO] webcam_perception.pipeline: ROI 필터링: 전체 2건 -> ROI 내 0건
2026-08-03 21:05:55,178 [INFO] webcam_perception.pipeline: ROI 내 임계값(0.75) 이상 detection 없음
2026-08-03 21:05:55,277 [INFO] webcam_perception: YOLO 추론 성공: detection 2건
2026-08-03 21:05:55,278 [INFO] webcam_perception.pipeline: ROI 필터링: 전체 2건 -> ROI 내 0건
2026-08-03 21:05:55,278 [INFO] webcam_perception.pipeline: ROI 내 임계값(0.75) 이상 detection 없음
2026-08-03 21:05:55,378 [INFO] webcam_perception: YOLO 추론 성공: detection 2건
2026-08-03 21:05:55,379 [INFO] webcam_perception.pipeline: ROI 필터링: 전체 2건 -> ROI 내 0건
2026-08-03 21:05:55,379 [INFO] webcam_perception.pipeline: ROI 내 임계값(0.75) 이상 detection 없음
2026-08-03 21:05:55,476 [INFO] webcam_perception: YOLO 추론 성공: detection 2건
2026-08-03 21:05:55,476 [INFO] webcam_perception.pipeline: ROI 필터링: 전체 2건 -> ROI 내 0건
2026-08-03 21:05:55,476 [INFO] webcam_perception.pipeline: ROI 내 임계값(0.75) 이상 detection 없음
2026-08-03 21:05:55,577 [INFO] webcam_perception: YOLO 추론 성공: detection 2건
2026-08-03 21:05:55,577 [INFO] webcam_perception.pipeline: ROI 필터링: 전체 2건 -> ROI 내 0건
2026-08-03 21:05:55,577 [INFO] webcam_perception.pipeline: ROI 내 임계값(0.75) 이상 detection 없음
2026-08-03 21:05:55,676 [INFO] webcam_perception: YOLO 추론 성공: detection 3건
2026-08-03 21:05:55,677 [INFO] webcam_perception.pipeline: ROI 필터링: 전체 3건 -> ROI 내 1건
2026-08-03 21:05:55,677 [INFO] webcam_perception.pipeline: ROI 내 임계값(0.75) 이상 detection 없음
2026-08-03 21:05:55,777 [INFO] webcam_perception: YOLO 추론 성공: detection 1건
2026-08-03 21:05:55,778 [INFO] webcam_perception.pipeline: ROI 필터링: 전체 1건 -> ROI 내 0건
2026-08-03 21:05:55,778 [INFO] webcam_perception.pipeline: ROI 내 임계값(0.75) 이상 detection 없음
2026-08-03 21:05:55,878 [INFO] webcam_perception: YOLO 추론 성공: detection 1건
2026-08-03 21:05:55,878 [INFO] webcam_perception.pipeline: ROI 필터링: 전체 1건 -> ROI 내 0건
2026-08-03 21:05:55,879 [INFO] webcam_perception.pipeline: ROI 내 임계값(0.75) 이상 detection 없음
2026-08-03 21:05:55,978 [INFO] webcam_perception: YOLO 추론 성공: detection 1건
2026-08-03 21:05:55,978 [INFO] webcam_perception.pipeline: ROI 필터링: 전체 1건 -> ROI 내 0건
2026-08-03 21:05:55,978 [INFO] webcam_perception.pipeline: ROI 내 임계값(0.75) 이상 detection 없음
2026-08-03 21:05:56,080 [INFO] webcam_perception: YOLO 추론 성공: detection 0건
2026-08-03 21:05:56,080 [INFO] webcam_perception.pipeline: ROI 필터링: 전체 0건 -> ROI 내 0건
2026-08-03 21:05:56,080 [INFO] webcam_perception.pipeline: ROI 내 임계값(0.75) 이상 detection 없음
2026-08-03 21:05:56,175 [INFO] webcam_perception: YOLO 추론 성공: detection 0건
2026-08-03 21:05:56,175 [INFO] webcam_perception.pipeline: ROI 필터링: 전체 0건 -> ROI 내 0건
2026-08-03 21:05:56,175 [INFO] webcam_perception.pipeline: ROI 내 임계값(0.75) 이상 detection 없음
2026-08-03 21:05:56,276 [INFO] webcam_perception: YOLO 추론 성공: detection 2건
2026-08-03 21:05:56,276 [INFO] webcam_perception.pipeline: ROI 필터링: 전체 2건 -> ROI 내 0건
2026-08-03 21:05:56,277 [INFO] webcam_perception.pipeline: ROI 내 임계값(0.75) 이상 detection 없음
2026-08-03 21:05:56,378 [INFO] webcam_perception: YOLO 추론 성공: detection 2건
2026-08-03 21:05:56,378 [INFO] webcam_perception.pipeline: ROI 필터링: 전체 2건 -> ROI 내 1건
2026-08-03 21:05:56,379 [INFO] webcam_perception.pipeline: ROI 내 임계값(0.75) 이상 detection 없음
2026-08-03 21:05:56,477 [INFO] webcam_perception: YOLO 추론 성공: detection 1건
2026-08-03 21:05:56,478 [INFO] webcam_perception.pipeline: ROI 필터링: 전체 1건 -> ROI 내 0건
2026-08-03 21:05:56,478 [INFO] webcam_perception.pipeline: ROI 내 임계값(0.75) 이상 detection 없음
2026-08-03 21:05:56,577 [INFO] webcam_perception: YOLO 추론 성공: detection 1건
2026-08-03 21:05:56,578 [INFO] webcam_perception.pipeline: ROI 필터링: 전체 1건 -> ROI 내 0건
2026-08-03 21:05:56,578 [INFO] webcam_perception.pipeline: ROI 내 임계값(0.75) 이상 detection 없음
2026-08-03 21:05:56,676 [INFO] webcam_perception: YOLO 추론 성공: detection 2건
2026-08-03 21:05:56,677 [INFO] webcam_perception.pipeline: ROI 필터링: 전체 2건 -> ROI 내 0건
2026-08-03 21:05:56,677 [INFO] webcam_perception.pipeline: ROI 내 임계값(0.75) 이상 detection 없음
2026-08-03 21:05:56,776 [INFO] webcam_perception: YOLO 추론 성공: detection 2건
2026-08-03 21:05:56,776 [INFO] webcam_perception.pipeline: ROI 필터링: 전체 2건 -> ROI 내 0건
2026-08-03 21:05:56,776 [INFO] webcam_perception.pipeline: ROI 내 임계값(0.75) 이상 detection 없음
2026-08-03 21:05:56,879 [INFO] webcam_perception: YOLO 추론 성공: detection 2건
2026-08-03 21:05:56,880 [INFO] webcam_perception.pipeline: ROI 필터링: 전체 2건 -> ROI 내 0건
2026-08-03 21:05:56,880 [INFO] webcam_perception.pipeline: ROI 내 임계값(0.75) 이상 detection 없음
2026-08-03 21:05:56,977 [INFO] webcam_perception: YOLO 추론 성공: detection 2건
2026-08-03 21:05:56,978 [INFO] webcam_perception.pipeline: ROI 필터링: 전체 2건 -> ROI 내 0건
2026-08-03 21:05:56,978 [INFO] webcam_perception.pipeline: ROI 내 임계값(0.75) 이상 detection 없음
2026-08-03 21:05:57,079 [INFO] webcam_perception: YOLO 추론 성공: detection 2건
2026-08-03 21:05:57,079 [INFO] webcam_perception.pipeline: ROI 필터링: 전체 2건 -> ROI 내 0건
2026-08-03 21:05:57,079 [INFO] webcam_perception.pipeline: ROI 내 임계값(0.75) 이상 detection 없음
2026-08-03 21:05:57,177 [INFO] webcam_perception: YOLO 추론 성공: detection 2건
2026-08-03 21:05:57,177 [INFO] webcam_perception.pipeline: ROI 필터링: 전체 2건 -> ROI 내 0건
2026-08-03 21:05:57,177 [INFO] webcam_perception.pipeline: ROI 내 임계값(0.75) 이상 detection 없음
2026-08-03 21:05:57,277 [INFO] webcam_perception: YOLO 추론 성공: detection 2건
2026-08-03 21:05:57,277 [INFO] webcam_perception.pipeline: ROI 필터링: 전체 2건 -> ROI 내 0건
2026-08-03 21:05:57,277 [INFO] webcam_perception.pipeline: ROI 내 임계값(0.75) 이상 detection 없음
2026-08-03 21:05:57,379 [INFO] webcam_perception: YOLO 추론 성공: detection 2건
2026-08-03 21:05:57,379 [INFO] webcam_perception.pipeline: ROI 필터링: 전체 2건 -> ROI 내 0건
2026-08-03 21:05:57,380 [INFO] webcam_perception.pipeline: ROI 내 임계값(0.75) 이상 detection 없음
2026-08-03 21:05:57,477 [INFO] webcam_perception: YOLO 추론 성공: detection 2건
2026-08-03 21:05:57,477 [INFO] webcam_perception.pipeline: ROI 필터링: 전체 2건 -> ROI 내 0건
2026-08-03 21:05:57,477 [INFO] webcam_perception.pipeline: ROI 내 임계값(0.75) 이상 detection 없음
2026-08-03 21:05:57,576 [INFO] webcam_perception: YOLO 추론 성공: detection 2건
2026-08-03 21:05:57,577 [INFO] webcam_perception.pipeline: ROI 필터링: 전체 2건 -> ROI 내 0건
2026-08-03 21:05:57,577 [INFO] webcam_perception.pipeline: ROI 내 임계값(0.75) 이상 detection 없음
2026-08-03 21:05:57,678 [INFO] webcam_perception: YOLO 추론 성공: detection 2건
2026-08-03 21:05:57,678 [INFO] webcam_perception.pipeline: ROI 필터링: 전체 2건 -> ROI 내 0건
2026-08-03 21:05:57,679 [INFO] webcam_perception.pipeline: ROI 내 임계값(0.75) 이상 detection 없음
2026-08-03 21:05:57,777 [INFO] webcam_perception: YOLO 추론 성공: detection 2건
2026-08-03 21:05:57,777 [INFO] webcam_perception.pipeline: ROI 필터링: 전체 2건 -> ROI 내 0건
2026-08-03 21:05:57,777 [INFO] webcam_perception.pipeline: ROI 내 임계값(0.75) 이상 detection 없음
2026-08-03 21:05:57,878 [INFO] webcam_perception: YOLO 추론 성공: detection 2건
2026-08-03 21:05:57,878 [INFO] webcam_perception.pipeline: ROI 필터링: 전체 2건 -> ROI 내 0건
2026-08-03 21:05:57,878 [INFO] webcam_perception.pipeline: ROI 내 임계값(0.75) 이상 detection 없음
2026-08-03 21:05:57,977 [INFO] webcam_perception: YOLO 추론 성공: detection 2건
2026-08-03 21:05:57,977 [INFO] webcam_perception.pipeline: ROI 필터링: 전체 2건 -> ROI 내 0건
2026-08-03 21:05:57,977 [INFO] webcam_perception.pipeline: ROI 내 임계값(0.75) 이상 detection 없음
2026-08-03 21:05:58,077 [INFO] webcam_perception: YOLO 추론 성공: detection 2건
2026-08-03 21:05:58,077 [INFO] webcam_perception.pipeline: ROI 필터링: 전체 2건 -> ROI 내 0건
2026-08-03 21:05:58,077 [INFO] webcam_perception.pipeline: ROI 내 임계값(0.75) 이상 detection 없음
2026-08-03 21:05:58,176 [INFO] webcam_perception: YOLO 추론 성공: detection 2건
2026-08-03 21:05:58,176 [INFO] webcam_perception.pipeline: ROI 필터링: 전체 2건 -> ROI 내 0건
2026-08-03 21:05:58,176 [INFO] webcam_perception.pipeline: ROI 내 임계값(0.75) 이상 detection 없음
2026-08-03 21:05:58,277 [INFO] webcam_perception: YOLO 추론 성공: detection 2건
2026-08-03 21:05:58,277 [INFO] webcam_perception.pipeline: ROI 필터링: 전체 2건 -> ROI 내 0건
2026-08-03 21:05:58,277 [INFO] webcam_perception.pipeline: ROI 내 임계값(0.75) 이상 detection 없음
2026-08-03 21:05:58,378 [INFO] webcam_perception: YOLO 추론 성공: detection 2건
2026-08-03 21:05:58,378 [INFO] webcam_perception.pipeline: ROI 필터링: 전체 2건 -> ROI 내 0건
2026-08-03 21:05:58,391 [INFO] webcam_perception.pipeline: ROI 내 임계값(0.75) 이상 detection 없음
2026-08-03 21:05:58,479 [INFO] webcam_perception: YOLO 추론 성공: detection 2건
2026-08-03 21:05:58,480 [INFO] webcam_perception.pipeline: ROI 필터링: 전체 2건 -> ROI 내 0건
2026-08-03 21:05:58,480 [INFO] webcam_perception.pipeline: ROI 내 임계값(0.75) 이상 detection 없음
2026-08-03 21:05:58,577 [INFO] webcam_perception: YOLO 추론 성공: detection 2건
2026-08-03 21:05:58,577 [INFO] webcam_perception.pipeline: ROI 필터링: 전체 2건 -> ROI 내 0건
2026-08-03 21:05:58,577 [INFO] webcam_perception.pipeline: ROI 내 임계값(0.75) 이상 detection 없음
2026-08-03 21:05:58,677 [INFO] webcam_perception: YOLO 추론 성공: detection 2건
2026-08-03 21:05:58,677 [INFO] webcam_perception.pipeline: ROI 필터링: 전체 2건 -> ROI 내 0건
2026-08-03 21:05:58,677 [INFO] webcam_perception.pipeline: ROI 내 임계값(0.75) 이상 detection 없음
2026-08-03 21:05:58,776 [INFO] webcam_perception: YOLO 추론 성공: detection 2건
2026-08-03 21:05:58,777 [INFO] webcam_perception.pipeline: ROI 필터링: 전체 2건 -> ROI 내 0건
2026-08-03 21:05:58,777 [INFO] webcam_perception.pipeline: ROI 내 임계값(0.75) 이상 detection 없음
2026-08-03 21:05:58,877 [INFO] webcam_perception: YOLO 추론 성공: detection 3건
2026-08-03 21:05:58,877 [INFO] webcam_perception.pipeline: ROI 필터링: 전체 3건 -> ROI 내 0건
2026-08-03 21:05:58,877 [INFO] webcam_perception.pipeline: ROI 내 임계값(0.75) 이상 detection 없음
2026-08-03 21:05:58,977 [INFO] webcam_perception: YOLO 추론 성공: detection 3건
2026-08-03 21:05:58,977 [INFO] webcam_perception.pipeline: ROI 필터링: 전체 3건 -> ROI 내 0건
2026-08-03 21:05:58,977 [INFO] webcam_perception.pipeline: ROI 내 임계값(0.75) 이상 detection 없음
2026-08-03 21:05:59,078 [INFO] webcam_perception: YOLO 추론 성공: detection 2건
2026-08-03 21:05:59,078 [INFO] webcam_perception.pipeline: ROI 필터링: 전체 2건 -> ROI 내 0건
2026-08-03 21:05:59,078 [INFO] webcam_perception.pipeline: ROI 내 임계값(0.75) 이상 detection 없음
2026-08-03 21:05:59,177 [INFO] webcam_perception: YOLO 추론 성공: detection 3건
2026-08-03 21:05:59,177 [INFO] webcam_perception.pipeline: ROI 필터링: 전체 3건 -> ROI 내 0건
2026-08-03 21:05:59,177 [INFO] webcam_perception.pipeline: ROI 내 임계값(0.75) 이상 detection 없음
2026-08-03 21:05:59,280 [INFO] webcam_perception: YOLO 추론 성공: detection 2건
2026-08-03 21:05:59,280 [INFO] webcam_perception.pipeline: ROI 필터링: 전체 2건 -> ROI 내 0건
2026-08-03 21:05:59,280 [INFO] webcam_perception.pipeline: ROI 내 임계값(0.75) 이상 detection 없음
2026-08-03 21:05:59,379 [INFO] webcam_perception: YOLO 추론 성공: detection 2건
2026-08-03 21:05:59,379 [INFO] webcam_perception.pipeline: ROI 필터링: 전체 2건 -> ROI 내 0건
2026-08-03 21:05:59,380 [INFO] webcam_perception.pipeline: ROI 내 임계값(0.75) 이상 detection 없음
2026-08-03 21:05:59,477 [INFO] webcam_perception: YOLO 추론 성공: detection 2건
2026-08-03 21:05:59,477 [INFO] webcam_perception.pipeline: ROI 필터링: 전체 2건 -> ROI 내 0건
2026-08-03 21:05:59,477 [INFO] webcam_perception.pipeline: ROI 내 임계값(0.75) 이상 detection 없음
2026-08-03 21:05:59,576 [INFO] webcam_perception: YOLO 추론 성공: detection 2건
2026-08-03 21:05:59,576 [INFO] webcam_perception.pipeline: ROI 필터링: 전체 2건 -> ROI 내 0건
2026-08-03 21:05:59,576 [INFO] webcam_perception.pipeline: ROI 내 임계값(0.75) 이상 detection 없음
2026-08-03 21:05:59,677 [INFO] webcam_perception: YOLO 추론 성공: detection 2건
2026-08-03 21:05:59,678 [INFO] webcam_perception.pipeline: ROI 필터링: 전체 2건 -> ROI 내 0건
2026-08-03 21:05:59,678 [INFO] webcam_perception.pipeline: ROI 내 임계값(0.75) 이상 detection 없음
2026-08-03 21:05:59,777 [INFO] webcam_perception: YOLO 추론 성공: detection 2건
2026-08-03 21:05:59,777 [INFO] webcam_perception.pipeline: ROI 필터링: 전체 2건 -> ROI 내 0건
2026-08-03 21:05:59,777 [INFO] webcam_perception.pipeline: ROI 내 임계값(0.75) 이상 detection 없음
2026-08-03 21:05:59,877 [INFO] webcam_perception: YOLO 추론 성공: detection 2건
2026-08-03 21:05:59,877 [INFO] webcam_perception.pipeline: ROI 필터링: 전체 2건 -> ROI 내 0건
2026-08-03 21:05:59,877 [INFO] webcam_perception.pipeline: ROI 내 임계값(0.75) 이상 detection 없음
2026-08-03 21:05:59,978 [INFO] webcam_perception: YOLO 추론 성공: detection 2건
2026-08-03 21:05:59,978 [INFO] webcam_perception.pipeline: ROI 필터링: 전체 2건 -> ROI 내 0건
2026-08-03 21:05:59,978 [INFO] webcam_perception.pipeline: ROI 내 임계값(0.75) 이상 detection 없음
2026-08-03 21:06:00,077 [INFO] webcam_perception: YOLO 추론 성공: detection 2건
2026-08-03 21:06:00,078 [INFO] webcam_perception.pipeline: ROI 필터링: 전체 2건 -> ROI 내 0건
2026-08-03 21:06:00,078 [INFO] webcam_perception.pipeline: ROI 내 임계값(0.75) 이상 detection 없음
2026-08-03 21:06:00,178 [INFO] webcam_perception: YOLO 추론 성공: detection 2건
2026-08-03 21:06:00,178 [INFO] webcam_perception.pipeline: ROI 필터링: 전체 2건 -> ROI 내 0건
2026-08-03 21:06:00,178 [INFO] webcam_perception.pipeline: ROI 내 임계값(0.75) 이상 detection 없음
2026-08-03 21:06:00,277 [INFO] webcam_perception: YOLO 추론 성공: detection 1건
2026-08-03 21:06:00,278 [INFO] webcam_perception.pipeline: ROI 필터링: 전체 1건 -> ROI 내 0건
2026-08-03 21:06:00,278 [INFO] webcam_perception.pipeline: ROI 내 임계값(0.75) 이상 detection 없음
2026-08-03 21:06:00,376 [INFO] webcam_perception: YOLO 추론 성공: detection 2건
2026-08-03 21:06:00,376 [INFO] webcam_perception.pipeline: ROI 필터링: 전체 2건 -> ROI 내 0건
2026-08-03 21:06:00,376 [INFO] webcam_perception.pipeline: ROI 내 임계값(0.75) 이상 detection 없음
2026-08-03 21:06:00,476 [INFO] webcam_perception: YOLO 추론 성공: detection 2건
2026-08-03 21:06:00,477 [INFO] webcam_perception.pipeline: ROI 필터링: 전체 2건 -> ROI 내 1건
2026-08-03 21:06:00,477 [INFO] webcam_perception.pipeline: best detection 선택: confidence=0.83
2026-08-03 21:06:00,477 [INFO] webcam_perception.pipeline: 정지 판정: stopped=False
2026-08-03 21:06:00,577 [INFO] webcam_perception: YOLO 추론 성공: detection 2건
2026-08-03 21:06:00,578 [INFO] webcam_perception.pipeline: ROI 필터링: 전체 2건 -> ROI 내 1건
2026-08-03 21:06:00,578 [INFO] webcam_perception.pipeline: ROI 내 임계값(0.75) 이상 detection 없음
2026-08-03 21:06:00,680 [INFO] webcam_perception: YOLO 추론 성공: detection 2건
2026-08-03 21:06:00,680 [INFO] webcam_perception.pipeline: ROI 필터링: 전체 2건 -> ROI 내 1건
2026-08-03 21:06:00,680 [INFO] webcam_perception.pipeline: ROI 내 임계값(0.75) 이상 detection 없음
2026-08-03 21:06:00,776 [INFO] webcam_perception: YOLO 추론 성공: detection 2건
2026-08-03 21:06:00,776 [INFO] webcam_perception.pipeline: ROI 필터링: 전체 2건 -> ROI 내 1건
2026-08-03 21:06:00,776 [INFO] webcam_perception.pipeline: ROI 내 임계값(0.75) 이상 detection 없음
2026-08-03 21:06:00,878 [INFO] webcam_perception: YOLO 추론 성공: detection 3건
2026-08-03 21:06:00,879 [INFO] webcam_perception.pipeline: ROI 필터링: 전체 3건 -> ROI 내 1건
2026-08-03 21:06:00,879 [INFO] webcam_perception.pipeline: ROI 내 임계값(0.75) 이상 detection 없음
2026-08-03 21:06:00,978 [INFO] webcam_perception: YOLO 추론 성공: detection 4건
2026-08-03 21:06:00,978 [INFO] webcam_perception.pipeline: ROI 필터링: 전체 4건 -> ROI 내 2건
2026-08-03 21:06:00,978 [INFO] webcam_perception.pipeline: ROI 내 임계값(0.75) 이상 detection 없음
2026-08-03 21:06:01,079 [INFO] webcam_perception: YOLO 추론 성공: detection 4건
2026-08-03 21:06:01,080 [INFO] webcam_perception.pipeline: ROI 필터링: 전체 4건 -> ROI 내 2건
2026-08-03 21:06:01,080 [INFO] webcam_perception.pipeline: best detection 선택: confidence=0.86
2026-08-03 21:06:01,080 [INFO] webcam_perception.pipeline: 정지 판정: stopped=False
2026-08-03 21:06:01,178 [INFO] webcam_perception: YOLO 추론 성공: detection 4건
2026-08-03 21:06:01,178 [INFO] webcam_perception.pipeline: ROI 필터링: 전체 4건 -> ROI 내 2건
2026-08-03 21:06:01,178 [INFO] webcam_perception.pipeline: best detection 선택: confidence=0.76
2026-08-03 21:06:01,178 [INFO] webcam_perception.pipeline: 정지 판정: stopped=False
2026-08-03 21:06:01,277 [INFO] webcam_perception: YOLO 추론 성공: detection 4건
2026-08-03 21:06:01,277 [INFO] webcam_perception.pipeline: ROI 필터링: 전체 4건 -> ROI 내 2건
2026-08-03 21:06:01,277 [INFO] webcam_perception.pipeline: best detection 선택: confidence=0.87
2026-08-03 21:06:01,277 [INFO] webcam_perception.pipeline: 정지 판정: stopped=False
2026-08-03 21:06:01,377 [INFO] webcam_perception: YOLO 추론 성공: detection 4건
2026-08-03 21:06:01,377 [INFO] webcam_perception.pipeline: ROI 필터링: 전체 4건 -> ROI 내 2건
2026-08-03 21:06:01,377 [INFO] webcam_perception.pipeline: best detection 선택: confidence=0.94
2026-08-03 21:06:01,377 [INFO] webcam_perception.pipeline: 정지 판정: stopped=False
2026-08-03 21:06:01,476 [INFO] webcam_perception: YOLO 추론 성공: detection 4건
2026-08-03 21:06:01,477 [INFO] webcam_perception.pipeline: ROI 필터링: 전체 4건 -> ROI 내 2건
2026-08-03 21:06:01,477 [INFO] webcam_perception.pipeline: best detection 선택: confidence=0.89
2026-08-03 21:06:01,477 [INFO] webcam_perception.pipeline: 정지 판정: stopped=False
2026-08-03 21:06:01,576 [INFO] webcam_perception: YOLO 추론 성공: detection 3건
2026-08-03 21:06:01,576 [INFO] webcam_perception.pipeline: ROI 필터링: 전체 3건 -> ROI 내 1건
2026-08-03 21:06:01,576 [INFO] webcam_perception.pipeline: best detection 선택: confidence=0.91
2026-08-03 21:06:01,576 [INFO] webcam_perception.pipeline: 정지 판정: stopped=False
2026-08-03 21:06:01,681 [INFO] webcam_perception: YOLO 추론 성공: detection 3건
2026-08-03 21:06:01,682 [INFO] webcam_perception.pipeline: ROI 필터링: 전체 3건 -> ROI 내 1건
2026-08-03 21:06:01,682 [INFO] webcam_perception.pipeline: best detection 선택: confidence=0.90
2026-08-03 21:06:01,682 [INFO] webcam_perception.pipeline: 정지 판정: stopped=False
2026-08-03 21:06:01,776 [INFO] webcam_perception: YOLO 추론 성공: detection 3건
2026-08-03 21:06:01,776 [INFO] webcam_perception.pipeline: ROI 필터링: 전체 3건 -> ROI 내 1건
2026-08-03 21:06:01,777 [INFO] webcam_perception.pipeline: best detection 선택: confidence=0.92
2026-08-03 21:06:01,777 [INFO] webcam_perception.pipeline: 정지 판정: stopped=False
2026-08-03 21:06:01,878 [INFO] webcam_perception: YOLO 추론 성공: detection 4건
2026-08-03 21:06:01,878 [INFO] webcam_perception.pipeline: ROI 필터링: 전체 4건 -> ROI 내 2건
2026-08-03 21:06:01,878 [INFO] webcam_perception.pipeline: best detection 선택: confidence=0.91
2026-08-03 21:06:01,878 [INFO] webcam_perception.pipeline: 정지 판정: stopped=False
2026-08-03 21:06:01,977 [INFO] webcam_perception: YOLO 추론 성공: detection 4건
2026-08-03 21:06:01,977 [INFO] webcam_perception.pipeline: ROI 필터링: 전체 4건 -> ROI 내 2건
2026-08-03 21:06:01,977 [INFO] webcam_perception.pipeline: best detection 선택: confidence=0.91
2026-08-03 21:06:01,977 [INFO] webcam_perception.pipeline: 정지 판정: stopped=False
2026-08-03 21:06:02,076 [INFO] webcam_perception: YOLO 추론 성공: detection 4건
2026-08-03 21:06:02,077 [INFO] webcam_perception.pipeline: ROI 필터링: 전체 4건 -> ROI 내 2건
2026-08-03 21:06:02,077 [INFO] webcam_perception.pipeline: best detection 선택: confidence=0.95
2026-08-03 21:06:02,077 [INFO] webcam_perception.pipeline: 정지 판정: stopped=False
2026-08-03 21:06:02,177 [INFO] webcam_perception: YOLO 추론 성공: detection 4건
2026-08-03 21:06:02,178 [INFO] webcam_perception.pipeline: ROI 필터링: 전체 4건 -> ROI 내 2건
2026-08-03 21:06:02,178 [INFO] webcam_perception.pipeline: best detection 선택: confidence=0.93
2026-08-03 21:06:02,178 [INFO] webcam_perception.pipeline: 정지 판정: stopped=False
2026-08-03 21:06:02,277 [INFO] webcam_perception: YOLO 추론 성공: detection 4건
2026-08-03 21:06:02,277 [INFO] webcam_perception.pipeline: ROI 필터링: 전체 4건 -> ROI 내 2건
2026-08-03 21:06:02,277 [INFO] webcam_perception.pipeline: best detection 선택: confidence=0.91
2026-08-03 21:06:02,277 [INFO] webcam_perception.pipeline: 정지 판정: stopped=False
2026-08-03 21:06:02,377 [INFO] webcam_perception: YOLO 추론 성공: detection 4건
2026-08-03 21:06:02,378 [INFO] webcam_perception.pipeline: ROI 필터링: 전체 4건 -> ROI 내 2건
2026-08-03 21:06:02,378 [INFO] webcam_perception.pipeline: best detection 선택: confidence=0.93
2026-08-03 21:06:02,378 [INFO] webcam_perception.pipeline: 정지 판정: stopped=False
2026-08-03 21:06:02,478 [INFO] webcam_perception: YOLO 추론 성공: detection 4건
2026-08-03 21:06:02,478 [INFO] webcam_perception.pipeline: ROI 필터링: 전체 4건 -> ROI 내 2건
2026-08-03 21:06:02,478 [INFO] webcam_perception.pipeline: best detection 선택: confidence=0.92
2026-08-03 21:06:02,478 [INFO] webcam_perception.pipeline: 정지 판정: stopped=False
2026-08-03 21:06:02,578 [INFO] webcam_perception: YOLO 추론 성공: detection 4건
2026-08-03 21:06:02,578 [INFO] webcam_perception.pipeline: ROI 필터링: 전체 4건 -> ROI 내 2건
2026-08-03 21:06:02,578 [INFO] webcam_perception.pipeline: best detection 선택: confidence=0.94
2026-08-03 21:06:02,578 [INFO] webcam_perception.pipeline: 정지 판정: stopped=False
2026-08-03 21:06:02,677 [INFO] webcam_perception: YOLO 추론 성공: detection 4건
2026-08-03 21:06:02,677 [INFO] webcam_perception.pipeline: ROI 필터링: 전체 4건 -> ROI 내 2건
2026-08-03 21:06:02,677 [INFO] webcam_perception.pipeline: best detection 선택: confidence=0.94
2026-08-03 21:06:02,677 [INFO] webcam_perception.pipeline: 정지 판정: stopped=False
2026-08-03 21:06:02,778 [INFO] webcam_perception: YOLO 추론 성공: detection 4건
2026-08-03 21:06:02,778 [INFO] webcam_perception.pipeline: ROI 필터링: 전체 4건 -> ROI 내 2건
2026-08-03 21:06:02,778 [INFO] webcam_perception.pipeline: best detection 선택: confidence=0.93
2026-08-03 21:06:02,778 [INFO] webcam_perception.pipeline: 정지 판정: stopped=False
2026-08-03 21:06:02,877 [INFO] webcam_perception: YOLO 추론 성공: detection 4건
2026-08-03 21:06:02,877 [INFO] webcam_perception.pipeline: ROI 필터링: 전체 4건 -> ROI 내 2건
2026-08-03 21:06:02,877 [INFO] webcam_perception.pipeline: best detection 선택: confidence=0.95
2026-08-03 21:06:02,877 [INFO] webcam_perception.pipeline: 정지 판정: stopped=False
2026-08-03 21:06:02,976 [INFO] webcam_perception: YOLO 추론 성공: detection 4건
2026-08-03 21:06:02,977 [INFO] webcam_perception.pipeline: ROI 필터링: 전체 4건 -> ROI 내 2건
2026-08-03 21:06:02,977 [INFO] webcam_perception.pipeline: best detection 선택: confidence=0.94
2026-08-03 21:06:02,977 [INFO] webcam_perception.pipeline: 정지 판정: stopped=False
2026-08-03 21:06:03,077 [INFO] webcam_perception: YOLO 추론 성공: detection 4건
2026-08-03 21:06:03,078 [INFO] webcam_perception.pipeline: ROI 필터링: 전체 4건 -> ROI 내 2건
2026-08-03 21:06:03,078 [INFO] webcam_perception.pipeline: best detection 선택: confidence=0.94
2026-08-03 21:06:03,078 [INFO] webcam_perception.pipeline: 정지 판정: stopped=False
2026-08-03 21:06:03,177 [INFO] webcam_perception: YOLO 추론 성공: detection 4건
2026-08-03 21:06:03,177 [INFO] webcam_perception.pipeline: ROI 필터링: 전체 4건 -> ROI 내 2건
2026-08-03 21:06:03,178 [INFO] webcam_perception.pipeline: best detection 선택: confidence=0.95
2026-08-03 21:06:03,178 [INFO] webcam_perception.pipeline: 정지 판정: stopped=False
2026-08-03 21:06:03,277 [INFO] webcam_perception: YOLO 추론 성공: detection 4건
2026-08-03 21:06:03,278 [INFO] webcam_perception.pipeline: ROI 필터링: 전체 4건 -> ROI 내 2건
2026-08-03 21:06:03,278 [INFO] webcam_perception.pipeline: best detection 선택: confidence=0.95
2026-08-03 21:06:03,278 [INFO] webcam_perception.pipeline: 정지 판정: stopped=False
2026-08-03 21:06:03,377 [INFO] webcam_perception: YOLO 추론 성공: detection 4건
2026-08-03 21:06:03,378 [INFO] webcam_perception.pipeline: ROI 필터링: 전체 4건 -> ROI 내 2건
2026-08-03 21:06:03,378 [INFO] webcam_perception.pipeline: best detection 선택: confidence=0.97
2026-08-03 21:06:03,378 [INFO] webcam_perception.pipeline: 정지 판정: stopped=False
2026-08-03 21:06:03,476 [INFO] webcam_perception: YOLO 추론 성공: detection 4건
2026-08-03 21:06:03,477 [INFO] webcam_perception.pipeline: ROI 필터링: 전체 4건 -> ROI 내 2건
2026-08-03 21:06:03,477 [INFO] webcam_perception.pipeline: best detection 선택: confidence=0.94
2026-08-03 21:06:03,477 [INFO] webcam_perception.pipeline: 정지 판정: stopped=False
2026-08-03 21:06:03,577 [INFO] webcam_perception: YOLO 추론 성공: detection 3건
2026-08-03 21:06:03,577 [INFO] webcam_perception.pipeline: ROI 필터링: 전체 3건 -> ROI 내 1건
2026-08-03 21:06:03,577 [INFO] webcam_perception.pipeline: best detection 선택: confidence=0.95
2026-08-03 21:06:03,577 [INFO] webcam_perception.pipeline: 정지 판정: stopped=False
